customer_id,actual_churn,python_predicted_churn,python_churn_probability
1958,1,1,1.0
3188,0,0,0.010784272098557314
43,1,1,1.0
7028,1,1,1.0
7803,0,0,4.252970546762356e-73
2951,0,0,2.1639436715223172e-24
7012,0,0,4.9453142402182655e-18
3038,1,1,1.0
7243,1,1,1.0
2414,0,0,1.9319483179072168e-65
3651,0,0,3.995545195023776e-05
1631,1,1,1.0
1886,1,1,1.0
5180,1,1,1.0
3506,0,0,2.1366511276456077e-69
6047,0,0,2.8262909405803646e-46
845,0,0,1.1071392363008878e-43
1639,1,1,1.0
1228,1,1,1.0
2025,0,0,1.2743730745756036e-29
2265,1,1,1.0
6793,0,0,1.4416467208591935e-38
5347,1,1,1.0
714,1,1,0.9994036926591708
6366,1,1,1.0
7348,1,1,1.0
3653,1,1,1.0
1920,1,1,1.0
4922,1,1,1.0
1115,1,1,1.0
4856,0,0,2.0765400868189425e-56
7302,0,0,1.0466461487495052e-75
1194,1,1,1.0
7786,0,0,2.527173061569634e-19
7880,1,1,1.0
1581,1,1,1.0
6567,0,0,1.6718743515490241e-65
7758,0,0,1.6365711232632322e-56
5119,1,1,1.0
2605,1,1,1.0
742,0,0,1.0516501790167275e-34
2178,1,1,1.0
7070,1,1,1.0
4826,1,1,1.0
1504,1,1,1.0
1714,1,1,1.0
4191,1,1,1.0
8,1,1,1.0
4002,0,0,2.70304142284959e-42
7605,0,0,1.7753354007254082e-47
283,1,1,1.0
4449,0,0,2.0485290777902486e-42
3046,0,0,0.19014258945870036
5328,1,1,0.9999999960466857
1704,1,1,1.0
1010,0,0,3.605924123567548e-05
4884,1,1,1.0
54,0,0,4.443297008137626e-41
6631,0,0,3.0691464330877722e-46
6498,1,1,1.0
3441,0,0,5.12962161353745e-18
4662,1,1,1.0
1988,0,0,2.1658789400946893e-33
6435,1,1,1.0
4061,1,1,1.0
582,1,1,1.0
745,1,1,1.0
4860,0,0,3.5010616513132265e-55
1739,1,1,1.0
5650,1,1,1.0
1837,0,0,3.858464885301615e-05
7354,1,1,1.0
3018,1,1,1.0
1222,0,0,1.846300825585834e-24
7241,1,1,1.0
2975,0,0,2.1365978280964447e-42
6430,0,0,2.4928577190167684e-51
7529,0,0,3.572469616543524e-55
5121,1,1,1.0
1882,1,1,1.0
2655,1,1,1.0
6936,1,1,0.9999999999999638
1558,0,0,1.0542072628556195e-34
2227,1,1,1.0
1072,0,0,2.9647483078823913e-46
7510,1,1,1.0
4695,1,1,1.0
6048,0,0,0.17685446696381193
706,1,1,1.0
642,0,0,1.6854331359617724e-38
2546,1,1,1.0
7395,1,1,1.0
1918,1,1,1.0
6545,0,0,4.881194825912875e-27
1706,1,1,1.0
114,0,0,4.93819122426863e-09
729,1,1,1.0
2316,1,1,1.0
3150,1,1,1.0
6219,0,0,2.076495607597272e-74
1153,1,1,1.0
6542,0,0,2.3420827092070977e-24
4947,1,1,1.0
5141,0,0,4.315103020497563e-59
3295,1,1,1.0
7848,0,0,0.0008451011393836485
992,1,1,1.0
6636,1,1,1.0
3369,0,0,0.011928300628188278
4622,1,1,1.0
3315,1,1,1.0
1387,1,1,1.0
2388,1,1,1.0
4329,1,1,1.0
6350,1,1,1.0
5554,1,1,1.0
5580,0,0,1.243950122457503e-11
7436,1,1,1.0
3077,1,1,1.0
6406,0,0,3.116474422097208e-46
2328,1,1,1.0
6224,1,1,0.9999987318308057
653,1,1,1.0
2104,0,0,2.5807574826081334e-42
3431,0,0,6.611034055806395e-63
7817,1,1,1.0
3236,1,1,1.0
3298,0,0,1.946411802148459e-15
869,1,1,1.0
2843,1,1,1.0
1233,1,1,1.0
22,1,1,1.0
644,1,1,1.0
6181,0,0,1.0587464631877623e-25
2952,1,1,1.0
6061,1,1,0.9894723368039591
3734,1,1,1.0
6614,1,1,1.0
7561,1,1,1.0
335,1,1,1.0
1752,1,1,0.85755328705633
6600,0,0,4.405184005489151e-32
7591,1,1,1.0
5332,1,1,1.0
7794,1,1,1.0
2496,0,0,3.150364523721666e-19
4050,1,1,1.0
2289,1,1,1.0
4757,1,1,1.0
115,0,0,7.680001618536403e-31
5135,0,0,2.590480579815725e-69
1492,1,1,1.0
3220,1,1,1.0
4620,0,0,1.9322623266373626e-74
1237,1,1,1.0
781,1,1,1.0
1304,0,0,1.1620214403007614e-34
7192,1,1,1.0
5465,0,0,2.0274091443811475e-33
3878,0,0,1.8862570133600313e-74
2926,1,1,1.0
2552,1,1,1.0
5092,1,1,1.0
2453,1,1,1.0
5211,1,1,1.0
6786,0,0,1.5367926424827388e-56
3216,1,1,1.0
399,1,1,0.9999999961234232
2988,1,1,1.0
3615,0,0,6.58143854304203e-54
1994,0,0,7.394638945262042e-72
5931,1,1,1.0
6462,0,0,2.0994346046917606e-33
2759,1,1,1.0
5058,1,1,1.0
6411,0,0,1.9643886297136557e-74
2033,0,0,6.750907958664662e-63
1029,0,0,2.8661956851207062e-46
2466,1,1,1.0
1140,1,1,1.0
1750,1,1,1.0
5352,0,0,1.3440999921792155e-11
5579,0,0,5.5091610086172666e-27
4065,1,1,1.0
4060,1,1,1.0
6418,1,1,0.9999999999994307
7708,0,0,9.680741377303524e-08
2424,0,0,6.091656474469088e-50
3453,1,1,1.0
3097,1,1,1.0
4438,1,1,1.0
938,1,1,1.0
6622,0,0,6.88016880465554e-27
4673,1,1,0.826410499622559
3226,1,1,1.0
7261,0,0,1.8208537414170614e-74
107,1,1,1.0
74,0,0,1.4227568291270415e-70
3628,0,0,6.956327518644053e-13
5837,1,1,1.0
