dataset,check,value,details
locations.csv,ROWS,20,
locations.csv,COLUMNS,4,
locations.csv,MISSING_CELLS,0,
locations.csv,DUPLICATE_ROWS,0,
locations.csv,NULL_PRIMARY_KEY,0,location_id
locations.csv,DUPLICATE_PRIMARY_KEY,0,location_id
locations.csv,INVALID_NUMERIC_latitude,0,latitude
locations.csv,INVALID_NUMERIC_longitude,0,longitude
restaurants.csv,ROWS,20,
restaurants.csv,COLUMNS,5,
restaurants.csv,MISSING_CELLS,0,
restaurants.csv,DUPLICATE_ROWS,0,
restaurants.csv,NULL_PRIMARY_KEY,0,restaurant_id
restaurants.csv,DUPLICATE_PRIMARY_KEY,0,restaurant_id
restaurants.csv,INVALID_DATE_opening_date,0,opening_date
menu_categories.csv,ROWS,10,
menu_categories.csv,COLUMNS,2,
menu_categories.csv,MISSING_CELLS,0,
menu_categories.csv,DUPLICATE_ROWS,0,
menu_categories.csv,NULL_PRIMARY_KEY,0,category_id
menu_categories.csv,DUPLICATE_PRIMARY_KEY,0,category_id
menu_items.csv,ROWS,150,
menu_items.csv,COLUMNS,9,
menu_items.csv,MISSING_CELLS,0,
menu_items.csv,DUPLICATE_ROWS,0,
menu_items.csv,NULL_PRIMARY_KEY,0,menu_item_id
menu_items.csv,DUPLICATE_PRIMARY_KEY,0,menu_item_id
menu_items.csv,INVALID_NUMERIC_base_price,0,base_price
menu_items.csv,NEGATIVE_base_price,0,base_price
menu_items.csv,INVALID_NUMERIC_cost_price,0,cost_price
menu_items.csv,NEGATIVE_cost_price,0,cost_price
menu_items.csv,INVALID_DATE_launch_date,0,launch_date
menu_items.csv,COST_GREATER_THAN_BASE_PRICE,0,Potential pricing/margin anomaly
customers.csv,ROWS,50250,
customers.csv,COLUMNS,11,
customers.csv,MISSING_CELLS,497,
customers.csv,DUPLICATE_ROWS,250,
customers.csv,NULL_PRIMARY_KEY,0,customer_id
customers.csv,DUPLICATE_PRIMARY_KEY,250,customer_id
customers.csv,INVALID_DATE_date_of_birth,0,date_of_birth
customers.csv,INVALID_DATE_registration_date,0,registration_date
orders.csv,ROWS,100000,
orders.csv,COLUMNS,14,
orders.csv,MISSING_CELLS,86506,
orders.csv,DUPLICATE_ROWS,0,
orders.csv,NULL_PRIMARY_KEY,0,order_id
orders.csv,DUPLICATE_PRIMARY_KEY,0,order_id
orders.csv,INVALID_NUMERIC_subtotal,0,subtotal
orders.csv,NEGATIVE_subtotal,0,subtotal
orders.csv,INVALID_NUMERIC_discount_amount,0,discount_amount
orders.csv,NEGATIVE_discount_amount,0,discount_amount
orders.csv,INVALID_NUMERIC_tax_amount,0,tax_amount
orders.csv,NEGATIVE_tax_amount,0,tax_amount
orders.csv,INVALID_NUMERIC_delivery_fee,0,delivery_fee
orders.csv,NEGATIVE_delivery_fee,0,delivery_fee
orders.csv,INVALID_NUMERIC_total_amount,0,total_amount
orders.csv,NEGATIVE_total_amount,0,total_amount
orders.csv,INVALID_DATE_order_date,0,order_date
orders.csv,TOTAL_AMOUNT_LOGICAL_MISMATCH,0,Expected subtotal - discount + tax + delivery fee
order_items.csv,ROWS,1000200,
order_items.csv,COLUMNS,7,
order_items.csv,MISSING_CELLS,0,
order_items.csv,DUPLICATE_ROWS,0,
order_items.csv,NULL_PRIMARY_KEY,0,order_item_id
order_items.csv,DUPLICATE_PRIMARY_KEY,0,order_item_id
order_items.csv,INVALID_NUMERIC_quantity,0,quantity
order_items.csv,NEGATIVE_quantity,0,quantity
order_items.csv,INVALID_NUMERIC_unit_price,0,unit_price
order_items.csv,NEGATIVE_unit_price,0,unit_price
order_items.csv,INVALID_NUMERIC_discount_amount,0,discount_amount
order_items.csv,NEGATIVE_discount_amount,0,discount_amount
order_items.csv,INVALID_NUMERIC_line_total,0,line_total
order_items.csv,NEGATIVE_line_total,970,line_total
order_items.csv,NON_POSITIVE_QUANTITY,1030,Order item quantity must be greater than zero
pricing_history.csv,ROWS,283,
pricing_history.csv,COLUMNS,7,
pricing_history.csv,MISSING_CELLS,0,
pricing_history.csv,DUPLICATE_ROWS,0,
pricing_history.csv,NULL_PRIMARY_KEY,0,price_history_id
pricing_history.csv,DUPLICATE_PRIMARY_KEY,0,price_history_id
pricing_history.csv,INVALID_NUMERIC_old_price,0,old_price
pricing_history.csv,NEGATIVE_old_price,0,old_price
pricing_history.csv,INVALID_NUMERIC_new_price,0,new_price
pricing_history.csv,NEGATIVE_new_price,0,new_price
pricing_history.csv,INVALID_DATE_effective_from,0,effective_from
pricing_history.csv,INVALID_DATE_effective_to,0,effective_to
promotions.csv,ROWS,120,
promotions.csv,COLUMNS,11,
promotions.csv,MISSING_CELLS,0,
promotions.csv,DUPLICATE_ROWS,0,
promotions.csv,NULL_PRIMARY_KEY,0,promotion_id
promotions.csv,DUPLICATE_PRIMARY_KEY,0,promotion_id
promotions.csv,INVALID_NUMERIC_discount_percentage,0,discount_percentage
promotions.csv,DISCOUNT_OUTSIDE_0_TO_100,0,Expected percentage range: 0-100
promotions.csv,INVALID_NUMERIC_minimum_order_value,0,minimum_order_value
promotions.csv,NEGATIVE_minimum_order_value,0,minimum_order_value
promotions.csv,INVALID_NUMERIC_usage_limit,0,usage_limit
promotions.csv,NEGATIVE_usage_limit,0,usage_limit
promotions.csv,INVALID_DATE_start_date,0,start_date
promotions.csv,INVALID_DATE_end_date,0,end_date
ratings.csv,ROWS,100000,
ratings.csv,COLUMNS,8,
ratings.csv,MISSING_CELLS,0,
ratings.csv,DUPLICATE_ROWS,0,
ratings.csv,NULL_PRIMARY_KEY,0,rating_id
ratings.csv,DUPLICATE_PRIMARY_KEY,0,rating_id
ratings.csv,INVALID_NUMERIC_rating,0,rating
ratings.csv,RATING_OUTSIDE_1_TO_5,0,Expected rating range: 1-5
ratings.csv,INVALID_DATE_review_date,0,review_date
inventory.csv,ROWS,50000,
inventory.csv,COLUMNS,10,
inventory.csv,MISSING_CELLS,0,
inventory.csv,DUPLICATE_ROWS,0,
inventory.csv,NULL_PRIMARY_KEY,0,inventory_id
inventory.csv,DUPLICATE_PRIMARY_KEY,0,inventory_id
inventory.csv,INVALID_NUMERIC_opening_stock,0,opening_stock
inventory.csv,NEGATIVE_opening_stock,0,opening_stock
inventory.csv,INVALID_NUMERIC_received_quantity,0,received_quantity
inventory.csv,NEGATIVE_received_quantity,0,received_quantity
inventory.csv,INVALID_NUMERIC_sold_quantity,0,sold_quantity
inventory.csv,NEGATIVE_sold_quantity,0,sold_quantity
inventory.csv,INVALID_NUMERIC_closing_stock,0,closing_stock
inventory.csv,NEGATIVE_closing_stock,0,closing_stock
inventory.csv,INVALID_NUMERIC_reorder_level,0,reorder_level
inventory.csv,NEGATIVE_reorder_level,0,reorder_level
inventory.csv,INVALID_DATE_inventory_date,0,inventory_date
inventory.csv,INVENTORY_BALANCE_MISMATCH,0,Expected closing = opening + received - sold
wastage.csv,ROWS,50000,
wastage.csv,COLUMNS,7,
wastage.csv,MISSING_CELLS,0,
wastage.csv,DUPLICATE_ROWS,0,
wastage.csv,NULL_PRIMARY_KEY,0,wastage_id
wastage.csv,DUPLICATE_PRIMARY_KEY,0,wastage_id
wastage.csv,INVALID_NUMERIC_quantity_wasted,0,quantity_wasted
wastage.csv,NEGATIVE_quantity_wasted,0,quantity_wasted
wastage.csv,INVALID_NUMERIC_estimated_cost,0,estimated_cost
wastage.csv,NEGATIVE_estimated_cost,0,estimated_cost
wastage.csv,INVALID_DATE_wastage_date,0,wastage_date
wastage.csv,NON_POSITIVE_WASTAGE_QUANTITY,0,Wastage quantity should be greater than zero
