dataset,purpose,rows,processing_run
customers,Customer analytics and segmentation,50000,2026-09-26 16:16:52
orders,Order processing and time-based analysis,99900,2026-09-26 16:16:52
orders_completed,Completed orders used for revenue analytics,79930,2026-09-26 16:16:52
order_items,"Sales, revenue and profit calculations",997205,2026-09-26 16:16:52
menu_items,Menu performance and profitability,150,2026-09-26 16:16:52
restaurants,Restaurant performance,20,2026-09-26 16:16:52
wastage,Wastage and cost analysis,50000,2026-09-26 16:16:52
ratings,Rating and feedback analysis,99356,2026-09-26 16:16:52
inventory,Inventory and stock analysis,50000,2026-09-26 16:16:52
pricing_history,Price-change and price-sensitivity preparation,283,2026-09-26 16:16:52
promotions,Promotion usage summary,120,2026-09-26 16:16:52
