price_history_id,menu_item_id,effective_from,effective_to,old_price,new_price,change_reason
1,1,2025-02-01,2025-04-28,923.0,973.04,Market Adjustment
2,1,2025-05-01,2025-07-28,973.04,926.28,Promotion
3,2,2025-02-01,2025-04-28,1364.0,1448.11,Strategy
4,2,2025-05-01,2025-07-28,1448.11,1554.87,Strategy
5,3,2025-02-01,2025-04-28,382.0,431.41,Promotion
6,4,2025-02-01,2025-04-28,367.0,418.84,Strategy
7,4,2025-05-01,2025-07-28,418.84,406.87,Promotion
8,4,2025-08-01,2025-10-28,406.87,437.55,Strategy
9,4,2025-11-01,2025-12-28,437.55,501.16,Cost Change
10,5,2025-02-01,2025-04-28,1622.0,1506.1,Market Adjustment
11,5,2025-05-01,2025-07-28,1506.1,1575.85,Cost Change
12,5,2025-08-01,2025-10-28,1575.85,1588.06,Market Adjustment
13,5,2025-11-01,2025-12-28,1588.06,1564.66,Market Adjustment
14,8,2025-02-01,2025-04-28,474.0,543.1,Strategy
15,8,2025-05-01,2025-07-28,543.1,594.56,Strategy
16,8,2025-08-01,2025-10-28,594.56,669.89,Strategy
17,8,2025-11-01,2025-12-28,669.89,623.7,Cost Change
18,9,2025-02-01,2025-04-28,372.0,427.24,Market Adjustment
19,9,2025-05-01,2025-07-28,427.24,413.69,Promotion
20,9,2025-08-01,2025-10-28,413.69,440.09,Cost Change
21,10,2025-02-01,2025-04-28,362.0,359.66,Cost Change
22,11,2025-02-01,2025-04-28,1146.0,1189.11,Cost Change
23,11,2025-05-01,2025-07-28,1189.11,1240.86,Promotion
24,12,2025-02-01,2025-04-28,1481.0,1381.69,Strategy
25,13,2025-02-01,2025-04-28,607.0,565.15,Cost Change
26,14,2025-02-01,2025-04-28,417.0,401.12,Cost Change
27,14,2025-05-01,2025-07-28,401.12,439.29,Cost Change
28,14,2025-08-01,2025-10-28,439.29,435.05,Promotion
29,15,2025-02-01,2025-04-28,1296.0,1273.38,Strategy
30,15,2025-05-01,2025-07-28,1273.38,1179.4,Market Adjustment
31,15,2025-08-01,2025-10-28,1179.4,1131.34,Promotion
32,15,2025-11-01,2025-12-28,1131.34,1100.25,Strategy
33,17,2025-02-01,2025-04-28,582.0,575.63,Promotion
34,17,2025-05-01,2025-07-28,575.63,612.3,Strategy
35,18,2025-02-01,2025-04-28,555.0,510.35,Cost Change
36,18,2025-05-01,2025-07-28,510.35,577.85,Strategy
37,18,2025-08-01,2025-10-28,577.85,614.36,Cost Change
38,18,2025-11-01,2025-12-28,614.36,560.34,Market Adjustment
39,23,2025-02-01,2025-04-28,420.0,454.66,Market Adjustment
40,23,2025-05-01,2025-07-28,454.66,477.88,Promotion
41,24,2025-02-01,2025-04-28,786.0,748.12,Market Adjustment
42,25,2025-02-01,2025-04-28,1680.0,1669.02,Market Adjustment
43,25,2025-05-01,2025-07-28,1669.02,1668.24,Cost Change
44,25,2025-08-01,2025-10-28,1668.24,1810.7,Strategy
45,26,2025-02-01,2025-04-28,1052.0,996.53,Market Adjustment
46,28,2025-02-01,2025-04-28,779.0,815.83,Strategy
47,29,2025-02-01,2025-04-28,152.0,144.95,Cost Change
48,29,2025-05-01,2025-07-28,144.95,135.61,Market Adjustment
49,30,2025-02-01,2025-04-28,475.0,498.09,Market Adjustment
50,30,2025-05-01,2025-07-28,498.09,476.73,Cost Change
51,30,2025-08-01,2025-10-28,476.73,489.92,Promotion
52,30,2025-11-01,2025-12-28,489.92,465.08,Market Adjustment
53,31,2025-02-01,2025-04-28,519.0,478.39,Market Adjustment
54,31,2025-05-01,2025-07-28,478.39,444.59,Promotion
55,31,2025-08-01,2025-10-28,444.59,473.05,Promotion
56,31,2025-11-01,2025-12-28,473.05,461.22,Strategy
57,33,2025-02-01,2025-04-28,902.0,860.23,Cost Change
58,33,2025-05-01,2025-07-28,860.23,888.3,Market Adjustment
59,33,2025-08-01,2025-10-28,888.3,994.87,Promotion
60,35,2025-02-01,2025-04-28,798.0,901.18,Promotion
61,35,2025-05-01,2025-07-28,901.18,1028.59,Strategy
62,37,2025-02-01,2025-04-28,1069.0,1214.03,Market Adjustment
63,38,2025-02-01,2025-04-28,662.0,641.64,Strategy
64,39,2025-02-01,2025-04-28,218.0,199.37,Cost Change
65,39,2025-05-01,2025-07-28,199.37,195.73,Cost Change
66,41,2025-02-01,2025-04-28,527.0,601.04,Strategy
67,41,2025-05-01,2025-07-28,601.04,629.47,Market Adjustment
68,42,2025-02-01,2025-04-28,730.0,834.14,Market Adjustment
69,42,2025-05-01,2025-07-28,834.14,930.71,Strategy
70,43,2025-02-01,2025-04-28,766.0,775.74,Promotion
71,43,2025-05-01,2025-07-28,775.74,727.73,Promotion
72,43,2025-08-01,2025-10-28,727.73,732.85,Market Adjustment
73,43,2025-11-01,2025-12-28,732.85,826.46,Cost Change
74,46,2025-02-01,2025-04-28,1303.0,1438.27,Cost Change
75,47,2025-02-01,2025-04-28,969.0,924.09,Promotion
76,47,2025-05-01,2025-07-28,924.09,876.82,Cost Change
77,47,2025-08-01,2025-10-28,876.82,991.56,Strategy
78,47,2025-11-01,2025-12-28,991.56,916.2,Cost Change
79,48,2025-02-01,2025-04-28,444.0,442.67,Strategy
80,48,2025-05-01,2025-07-28,442.67,438.71,Cost Change
81,48,2025-08-01,2025-10-28,438.71,482.64,Cost Change
82,49,2025-02-01,2025-04-28,496.0,556.39,Strategy
83,49,2025-05-01,2025-07-28,556.39,537.42,Cost Change
84,49,2025-08-01,2025-10-28,537.42,486.2,Strategy
85,49,2025-11-01,2025-12-28,486.2,464.14,Promotion
86,50,2025-02-01,2025-04-28,301.0,305.68,Promotion
87,50,2025-05-01,2025-07-28,305.68,292.65,Market Adjustment
88,50,2025-08-01,2025-10-28,292.65,278.59,Strategy
89,50,2025-11-01,2025-12-28,278.59,304.53,Market Adjustment
90,51,2025-02-01,2025-04-28,970.0,904.07,Strategy
91,51,2025-05-01,2025-07-28,904.07,849.75,Strategy
92,51,2025-08-01,2025-10-28,849.75,768.15,Cost Change
93,51,2025-11-01,2025-12-28,768.15,861.46,Market Adjustment
94,52,2025-02-01,2025-04-28,839.0,939.88,Promotion
95,52,2025-05-01,2025-07-28,939.88,1027.17,Promotion
96,52,2025-08-01,2025-10-28,1027.17,988.03,Cost Change
97,54,2025-02-01,2025-04-28,340.0,369.3,Strategy
98,54,2025-05-01,2025-07-28,369.3,370.99,Strategy
99,55,2025-02-01,2025-04-28,1795.0,1968.36,Cost Change
100,55,2025-05-01,2025-07-28,1968.36,1889.03,Cost Change
101,55,2025-08-01,2025-10-28,1889.03,2037.08,Strategy
102,55,2025-11-01,2025-12-28,2037.08,2116.4,Strategy
103,56,2025-02-01,2025-04-28,709.0,664.28,Strategy
104,56,2025-05-01,2025-07-28,664.28,635.96,Market Adjustment
105,56,2025-08-01,2025-10-28,635.96,715.76,Strategy
106,56,2025-11-01,2025-12-28,715.76,801.45,Cost Change
107,57,2025-02-01,2025-04-28,671.0,615.3,Strategy
108,57,2025-05-01,2025-07-28,615.3,683.68,Cost Change
109,57,2025-08-01,2025-10-28,683.68,703.09,Cost Change
110,58,2025-02-01,2025-04-28,573.0,601.38,Market Adjustment
111,59,2025-02-01,2025-04-28,354.0,346.34,Promotion
112,59,2025-05-01,2025-07-28,346.34,332.37,Promotion
113,59,2025-08-01,2025-10-28,332.37,379.36,Promotion
114,60,2025-02-01,2025-04-28,800.0,743.41,Cost Change
115,61,2025-02-01,2025-04-28,807.0,875.35,Cost Change
116,62,2025-02-01,2025-04-28,1283.0,1265.12,Market Adjustment
117,62,2025-05-01,2025-07-28,1265.12,1404.7,Strategy
118,62,2025-08-01,2025-10-28,1404.7,1421.27,Cost Change
119,63,2025-02-01,2025-04-28,891.0,1004.87,Market Adjustment
120,63,2025-05-01,2025-07-28,1004.87,988.8,Promotion
121,67,2025-02-01,2025-04-28,1049.0,975.89,Cost Change
122,67,2025-05-01,2025-07-28,975.89,947.53,Cost Change
123,67,2025-08-01,2025-10-28,947.53,916.13,Market Adjustment
124,67,2025-11-01,2025-12-28,916.13,1042.71,Strategy
125,68,2025-02-01,2025-04-28,302.0,320.33,Cost Change
126,68,2025-05-01,2025-07-28,320.33,347.28,Market Adjustment
127,69,2025-02-01,2025-04-28,261.0,269.76,Strategy
128,69,2025-05-01,2025-07-28,269.76,290.57,Strategy
129,69,2025-08-01,2025-10-28,290.57,287.13,Promotion
130,70,2025-02-01,2025-04-28,383.0,384.52,Cost Change
131,70,2025-05-01,2025-07-28,384.52,418.93,Promotion
132,70,2025-08-01,2025-10-28,418.93,438.47,Strategy
133,72,2025-02-01,2025-04-28,719.0,670.8,Cost Change
134,72,2025-05-01,2025-07-28,670.8,658.68,Promotion
135,73,2025-02-01,2025-04-28,386.0,397.96,Promotion
136,73,2025-05-01,2025-07-28,397.96,433.25,Promotion
137,73,2025-08-01,2025-10-28,433.25,444.55,Promotion
138,74,2025-02-01,2025-04-28,430.0,454.71,Market Adjustment
139,74,2025-05-01,2025-07-28,454.71,496.1,Market Adjustment
140,75,2025-02-01,2025-04-28,681.0,630.77,Strategy
141,76,2025-02-01,2025-04-28,755.0,721.48,Market Adjustment
142,76,2025-05-01,2025-07-28,721.48,757.65,Cost Change
143,77,2025-02-01,2025-04-28,973.0,922.0,Market Adjustment
144,78,2025-02-01,2025-04-28,408.0,390.92,Market Adjustment
145,79,2025-02-01,2025-04-28,203.0,198.78,Promotion
146,79,2025-05-01,2025-07-28,198.78,218.45,Cost Change
147,79,2025-08-01,2025-10-28,218.45,207.84,Cost Change
148,82,2025-02-01,2025-04-28,1026.0,946.27,Cost Change
149,83,2025-02-01,2025-04-28,389.0,417.5,Promotion
150,83,2025-05-01,2025-07-28,417.5,376.93,Promotion
151,83,2025-08-01,2025-10-28,376.93,357.76,Cost Change
152,83,2025-11-01,2025-12-28,357.76,407.13,Cost Change
153,84,2025-02-01,2025-04-28,771.0,869.68,Cost Change
154,84,2025-05-01,2025-07-28,869.68,974.62,Cost Change
155,84,2025-08-01,2025-10-28,974.62,931.4,Market Adjustment
156,84,2025-11-01,2025-12-28,931.4,890.49,Cost Change
157,85,2025-02-01,2025-04-28,648.0,716.42,Strategy
158,86,2025-02-01,2025-04-28,785.0,864.42,Cost Change
159,86,2025-05-01,2025-07-28,864.42,959.31,Promotion
160,86,2025-08-01,2025-10-28,959.31,985.55,Strategy
161,87,2025-02-01,2025-04-28,1056.0,1025.79,Promotion
162,87,2025-05-01,2025-07-28,1025.79,1053.66,Promotion
163,87,2025-08-01,2025-10-28,1053.66,1121.09,Promotion
164,90,2025-02-01,2025-04-28,361.0,329.94,Market Adjustment
165,90,2025-05-01,2025-07-28,329.94,304.89,Promotion
166,90,2025-08-01,2025-10-28,304.89,303.05,Market Adjustment
167,91,2025-02-01,2025-04-28,771.0,698.41,Promotion
168,91,2025-05-01,2025-07-28,698.41,651.3,Cost Change
169,92,2025-02-01,2025-04-28,1089.0,1054.52,Market Adjustment
170,92,2025-05-01,2025-07-28,1054.52,1075.3,Cost Change
171,92,2025-08-01,2025-10-28,1075.3,1181.4,Cost Change
172,93,2025-02-01,2025-04-28,882.0,864.54,Strategy
173,93,2025-05-01,2025-07-28,864.54,854.68,Strategy
174,93,2025-08-01,2025-10-28,854.68,888.21,Market Adjustment
175,94,2025-02-01,2025-04-28,741.0,756.36,Strategy
176,94,2025-05-01,2025-07-28,756.36,799.11,Cost Change
177,96,2025-02-01,2025-04-28,807.0,889.82,Strategy
178,96,2025-05-01,2025-07-28,889.82,827.49,Promotion
179,96,2025-08-01,2025-10-28,827.49,746.15,Cost Change
180,96,2025-11-01,2025-12-28,746.15,777.67,Strategy
181,97,2025-02-01,2025-04-28,812.0,799.14,Strategy
182,97,2025-05-01,2025-07-28,799.14,849.04,Market Adjustment
183,97,2025-08-01,2025-10-28,849.04,829.03,Promotion
184,98,2025-02-01,2025-04-28,680.0,679.58,Promotion
185,98,2025-05-01,2025-07-28,679.58,631.9,Promotion
186,100,2025-02-01,2025-04-28,811.0,896.1,Promotion
187,100,2025-05-01,2025-07-28,896.1,1001.3,Strategy
188,100,2025-08-01,2025-10-28,1001.3,923.39,Strategy
189,100,2025-11-01,2025-12-28,923.39,838.9,Promotion
190,103,2025-02-01,2025-04-28,834.0,838.21,Cost Change
191,103,2025-05-01,2025-07-28,838.21,785.99,Market Adjustment
192,103,2025-08-01,2025-10-28,785.99,805.01,Promotion
193,104,2025-02-01,2025-04-28,386.0,405.42,Market Adjustment
194,105,2025-02-01,2025-04-28,1081.0,984.31,Promotion
195,105,2025-05-01,2025-07-28,984.31,894.06,Market Adjustment
196,107,2025-02-01,2025-04-28,886.0,901.57,Market Adjustment
197,107,2025-05-01,2025-07-28,901.57,1005.58,Strategy
198,108,2025-02-01,2025-04-28,674.0,732.48,Cost Change
199,109,2025-02-01,2025-04-28,476.0,468.9,Strategy
200,110,2025-02-01,2025-04-28,401.0,386.04,Cost Change
201,110,2025-05-01,2025-07-28,386.04,378.4,Cost Change
202,110,2025-08-01,2025-10-28,378.4,433.33,Cost Change
203,111,2025-02-01,2025-04-28,559.0,630.29,Cost Change
204,111,2025-05-01,2025-07-28,630.29,653.16,Market Adjustment
205,112,2025-02-01,2025-04-28,1760.0,1915.92,Cost Change
206,113,2025-02-01,2025-04-28,474.0,457.27,Cost Change
207,113,2025-05-01,2025-07-28,457.27,504.38,Market Adjustment
208,113,2025-08-01,2025-10-28,504.38,573.34,Strategy
209,113,2025-11-01,2025-12-28,573.34,583.71,Promotion
210,114,2025-02-01,2025-04-28,843.0,874.48,Strategy
211,114,2025-05-01,2025-07-28,874.48,896.0,Strategy
212,116,2025-02-01,2025-04-28,1061.0,1121.56,Promotion
213,116,2025-05-01,2025-07-28,1121.56,1076.76,Market Adjustment
214,116,2025-08-01,2025-10-28,1076.76,1177.85,Cost Change
215,117,2025-02-01,2025-04-28,886.0,797.69,Strategy
216,117,2025-05-01,2025-07-28,797.69,890.65,Cost Change
217,117,2025-08-01,2025-10-28,890.65,954.29,Promotion
218,117,2025-11-01,2025-12-28,954.29,1027.49,Market Adjustment
219,118,2025-02-01,2025-04-28,533.0,519.9,Market Adjustment
220,118,2025-05-01,2025-07-28,519.9,583.7,Market Adjustment
221,119,2025-02-01,2025-04-28,242.0,219.48,Promotion
222,119,2025-05-01,2025-07-28,219.48,211.95,Strategy
223,119,2025-08-01,2025-10-28,211.95,229.81,Strategy
224,120,2025-02-01,2025-04-28,542.0,573.24,Market Adjustment
225,120,2025-05-01,2025-07-28,573.24,523.34,Strategy
226,120,2025-08-01,2025-10-28,523.34,482.6,Promotion
227,121,2025-02-01,2025-04-28,1003.0,969.62,Strategy
228,121,2025-05-01,2025-07-28,969.62,1037.54,Strategy
229,121,2025-08-01,2025-10-28,1037.54,1064.98,Cost Change
230,122,2025-02-01,2025-04-28,1484.0,1563.42,Strategy
231,122,2025-05-01,2025-07-28,1563.42,1752.81,Promotion
232,124,2025-02-01,2025-04-28,363.0,391.5,Cost Change
233,124,2025-05-01,2025-07-28,391.5,374.5,Strategy
234,125,2025-02-01,2025-04-28,1796.0,1919.52,Market Adjustment
235,125,2025-05-01,2025-07-28,1919.52,1830.99,Promotion
236,125,2025-08-01,2025-10-28,1830.99,1871.72,Cost Change
237,126,2025-02-01,2025-04-28,1283.0,1298.14,Promotion
238,127,2025-02-01,2025-04-28,760.0,756.51,Cost Change
239,128,2025-02-01,2025-04-28,679.0,735.43,Strategy
240,129,2025-02-01,2025-04-28,232.0,215.79,Market Adjustment
241,130,2025-02-01,2025-04-28,648.0,715.97,Strategy
242,130,2025-05-01,2025-07-28,715.97,759.37,Promotion
243,130,2025-08-01,2025-10-28,759.37,708.15,Cost Change
244,130,2025-11-01,2025-12-28,708.15,714.62,Strategy
245,132,2025-02-01,2025-04-28,1793.0,1838.82,Promotion
246,134,2025-02-01,2025-04-28,738.0,723.39,Cost Change
247,134,2025-05-01,2025-07-28,723.39,805.83,Promotion
248,134,2025-08-01,2025-10-28,805.83,893.08,Promotion
249,134,2025-11-01,2025-12-28,893.08,970.4,Market Adjustment
250,135,2025-02-01,2025-04-28,702.0,650.5,Market Adjustment
251,135,2025-05-01,2025-07-28,650.5,593.21,Promotion
252,135,2025-08-01,2025-10-28,593.21,621.71,Market Adjustment
253,135,2025-11-01,2025-12-28,621.71,701.42,Market Adjustment
254,137,2025-02-01,2025-04-28,831.0,920.38,Market Adjustment
255,140,2025-02-01,2025-04-28,281.0,311.52,Cost Change
256,140,2025-05-01,2025-07-28,311.52,285.18,Strategy
257,140,2025-08-01,2025-10-28,285.18,273.79,Market Adjustment
258,141,2025-02-01,2025-04-28,470.0,423.91,Market Adjustment
259,141,2025-05-01,2025-07-28,423.91,459.48,Strategy
260,141,2025-08-01,2025-10-28,459.48,427.52,Promotion
261,141,2025-11-01,2025-12-28,427.52,481.73,Cost Change
262,142,2025-02-01,2025-04-28,1669.0,1906.17,Strategy
263,142,2025-05-01,2025-07-28,1906.17,2082.72,Strategy
264,142,2025-08-01,2025-10-28,2082.72,2389.95,Cost Change
265,143,2025-02-01,2025-04-28,612.0,682.14,Cost Change
266,144,2025-02-01,2025-04-28,417.0,387.11,Promotion
267,144,2025-05-01,2025-07-28,387.11,381.27,Market Adjustment
268,144,2025-08-01,2025-10-28,381.27,394.33,Market Adjustment
269,145,2025-02-01,2025-04-28,821.0,741.23,Cost Change
270,146,2025-02-01,2025-04-28,1193.0,1285.94,Cost Change
271,146,2025-05-01,2025-07-28,1285.94,1405.8,Market Adjustment
272,146,2025-08-01,2025-10-28,1405.8,1474.89,Promotion
273,146,2025-11-01,2025-12-28,1474.89,1504.75,Promotion
274,147,2025-02-01,2025-04-28,603.0,614.45,Cost Change
275,147,2025-05-01,2025-07-28,614.45,553.15,Market Adjustment
276,148,2025-02-01,2025-04-28,558.0,603.17,Strategy
277,148,2025-05-01,2025-07-28,603.17,662.88,Cost Change
278,148,2025-08-01,2025-10-28,662.88,761.53,Market Adjustment
279,148,2025-11-01,2025-12-28,761.53,780.2,Promotion
280,149,2025-02-01,2025-04-28,409.0,429.06,Promotion
281,149,2025-05-01,2025-07-28,429.06,457.04,Market Adjustment
282,150,2025-02-01,2025-04-28,688.0,735.58,Strategy
283,150,2025-05-01,2025-07-28,735.58,796.94,Market Adjustment
