promotion_id,promotion_name,promotion_type,menu_item_id,category_id,restaurant_id,start_date,end_date,discount_percentage,minimum_order_value,usage_limit
1,Promotion 001,Seasonal,78,8,18,2025-02-01,2025-03-28,5,0,1000
2,Promotion 002,Bundle,88,8,8,2025-08-01,2025-09-28,5,1500,1000
3,Promotion 003,Bundle,17,7,17,2025-05-01,2025-06-28,10,1000,1000
4,Promotion 004,Bundle,114,4,14,2025-10-01,2025-10-28,20,500,5000
5,Promotion 005,Seasonal,107,7,7,2025-02-01,2025-04-28,25,0,500
6,Promotion 006,Seasonal,38,8,18,2025-04-01,2025-05-28,25,1000,100
7,Promotion 007,Seasonal,51,1,11,2025-03-01,2025-05-28,25,500,5000
8,Promotion 008,Percentage Discount,75,5,15,2025-11-01,2025-12-28,10,1000,5000
9,Promotion 009,Percentage Discount,124,4,4,2025-01-01,2025-01-28,10,0,100
10,Promotion 010,Percentage Discount,148,8,8,2025-09-01,2025-10-28,25,1500,5000
11,Promotion 011,Seasonal,117,7,17,2025-10-01,2025-10-28,10,0,100
12,Promotion 012,Seasonal,75,5,15,2025-03-01,2025-04-28,15,0,100
13,Promotion 013,Percentage Discount,120,10,20,2025-01-01,2025-02-28,30,1000,100
14,Promotion 014,Seasonal,139,9,19,2025-05-01,2025-06-28,20,1500,100
15,Promotion 015,Seasonal,131,1,11,2025-01-01,2025-02-28,25,0,500
16,Promotion 016,Percentage Discount,112,2,12,2025-06-01,2025-08-28,25,1500,500
17,Promotion 017,Percentage Discount,115,5,15,2025-09-01,2025-10-28,20,0,1000
18,Promotion 018,Percentage Discount,4,4,4,2025-03-01,2025-04-28,20,0,5000
19,Promotion 019,Seasonal,35,5,15,2025-04-01,2025-05-28,30,1500,500
20,Promotion 020,Percentage Discount,2,2,2,2025-06-01,2025-06-28,5,0,500
21,Promotion 021,Bundle,11,1,11,2025-09-01,2025-10-28,20,0,1000
22,Promotion 022,Percentage Discount,57,7,17,2025-06-01,2025-06-28,10,0,500
23,Promotion 023,Bundle,135,5,15,2025-05-01,2025-07-28,20,0,1000
24,Promotion 024,Bundle,53,3,13,2025-01-01,2025-01-28,5,1000,100
25,Promotion 025,Seasonal,141,1,1,2025-05-01,2025-07-28,10,500,5000
26,Promotion 026,Percentage Discount,38,8,18,2025-01-01,2025-01-28,5,500,100
27,Promotion 027,Percentage Discount,131,1,11,2025-03-01,2025-04-28,5,1500,5000
28,Promotion 028,Bundle,96,6,16,2025-06-01,2025-08-28,15,1500,100
29,Promotion 029,Percentage Discount,77,7,17,2025-10-01,2025-11-28,15,0,100
30,Promotion 030,Percentage Discount,134,4,14,2025-10-01,2025-11-28,20,1000,5000
31,Promotion 031,Percentage Discount,59,9,19,2025-10-01,2025-12-28,30,500,100
32,Promotion 032,Seasonal,12,2,12,2025-02-01,2025-02-28,25,0,5000
33,Promotion 033,Bundle,37,7,17,2025-02-01,2025-02-28,20,0,100
34,Promotion 034,Bundle,119,9,19,2025-04-01,2025-06-28,20,0,5000
35,Promotion 035,Percentage Discount,54,4,14,2025-09-01,2025-11-28,25,500,5000
36,Promotion 036,Seasonal,13,3,13,2025-07-01,2025-07-28,30,1500,100
37,Promotion 037,Percentage Discount,105,5,5,2025-06-01,2025-08-28,20,1000,1000
38,Promotion 038,Seasonal,39,9,19,2025-10-01,2025-10-28,20,500,5000
39,Promotion 039,Bundle,9,9,9,2025-09-01,2025-09-28,30,1000,1000
40,Promotion 040,Seasonal,87,7,7,2025-01-01,2025-01-28,25,1000,1000
41,Promotion 041,Seasonal,99,9,19,2025-02-01,2025-02-28,20,1500,100
42,Promotion 042,Seasonal,56,6,16,2025-07-01,2025-08-28,30,500,1000
43,Promotion 043,Seasonal,96,6,16,2025-01-01,2025-01-28,25,0,5000
44,Promotion 044,Percentage Discount,37,7,17,2025-03-01,2025-03-28,20,500,5000
45,Promotion 045,Percentage Discount,51,1,11,2025-04-01,2025-05-28,5,0,500
46,Promotion 046,Percentage Discount,133,3,13,2025-10-01,2025-12-28,25,1500,500
47,Promotion 047,Bundle,85,5,5,2025-10-01,2025-11-28,5,500,1000
48,Promotion 048,Seasonal,78,8,18,2025-08-01,2025-10-28,20,0,100
49,Promotion 049,Seasonal,28,8,8,2025-01-01,2025-03-28,25,1500,500
50,Promotion 050,Percentage Discount,109,9,9,2025-04-01,2025-04-28,15,1500,100
51,Promotion 051,Percentage Discount,38,8,18,2025-07-01,2025-08-28,10,1500,100
52,Promotion 052,Bundle,121,1,1,2025-09-01,2025-10-28,20,1500,1000
53,Promotion 053,Percentage Discount,54,4,14,2025-09-01,2025-10-28,15,500,100
54,Promotion 054,Seasonal,62,2,2,2025-08-01,2025-09-28,20,500,5000
55,Promotion 055,Percentage Discount,110,10,10,2025-07-01,2025-08-28,10,0,500
56,Promotion 056,Bundle,150,10,10,2025-07-01,2025-09-28,5,1000,1000
57,Promotion 057,Percentage Discount,136,6,16,2025-11-01,2025-11-28,30,500,100
58,Promotion 058,Bundle,20,10,20,2025-04-01,2025-06-28,25,500,100
59,Promotion 059,Bundle,46,6,6,2025-10-01,2025-11-28,20,500,500
60,Promotion 060,Percentage Discount,141,1,1,2025-02-01,2025-04-28,10,1000,100
61,Promotion 061,Seasonal,68,8,8,2025-07-01,2025-08-28,25,1000,1000
62,Promotion 062,Percentage Discount,40,10,20,2025-08-01,2025-10-28,20,1500,5000
63,Promotion 063,Percentage Discount,89,9,9,2025-08-01,2025-08-28,15,1000,5000
64,Promotion 064,Seasonal,104,4,4,2025-06-01,2025-07-28,20,1000,5000
65,Promotion 065,Percentage Discount,146,6,6,2025-11-01,2025-12-28,15,0,500
66,Promotion 066,Percentage Discount,18,8,18,2025-08-01,2025-09-28,20,0,5000
67,Promotion 067,Bundle,99,9,19,2025-05-01,2025-06-28,10,500,5000
68,Promotion 068,Percentage Discount,47,7,7,2025-05-01,2025-06-28,5,1000,500
69,Promotion 069,Bundle,119,9,19,2025-11-01,2025-12-28,30,1000,5000
70,Promotion 070,Bundle,44,4,4,2025-01-01,2025-01-28,10,0,5000
71,Promotion 071,Bundle,18,8,18,2025-09-01,2025-09-28,25,500,1000
72,Promotion 072,Seasonal,65,5,5,2025-10-01,2025-12-28,20,1500,5000
73,Promotion 073,Seasonal,56,6,16,2025-04-01,2025-04-28,25,500,100
74,Promotion 074,Seasonal,78,8,18,2025-06-01,2025-08-28,5,1000,1000
75,Promotion 075,Bundle,84,4,4,2025-09-01,2025-09-28,20,1000,100
76,Promotion 076,Bundle,3,3,3,2025-04-01,2025-06-28,20,1500,100
77,Promotion 077,Seasonal,121,1,1,2025-02-01,2025-03-28,10,1000,5000
78,Promotion 078,Bundle,28,8,8,2025-01-01,2025-03-28,10,1500,100
79,Promotion 079,Bundle,35,5,15,2025-02-01,2025-04-28,5,500,500
80,Promotion 080,Bundle,13,3,13,2025-07-01,2025-07-28,5,1000,1000
81,Promotion 081,Bundle,53,3,13,2025-10-01,2025-12-28,25,0,100
82,Promotion 082,Percentage Discount,56,6,16,2025-03-01,2025-04-28,30,0,100
83,Promotion 083,Bundle,55,5,15,2025-06-01,2025-06-28,25,500,1000
84,Promotion 084,Percentage Discount,95,5,15,2025-02-01,2025-03-28,10,1500,5000
85,Promotion 085,Percentage Discount,21,1,1,2025-06-01,2025-06-28,25,1500,500
86,Promotion 086,Seasonal,38,8,18,2025-10-01,2025-10-28,5,500,500
87,Promotion 087,Percentage Discount,117,7,17,2025-02-01,2025-04-28,30,1500,1000
88,Promotion 088,Percentage Discount,2,2,2,2025-08-01,2025-09-28,10,1500,500
89,Promotion 089,Percentage Discount,118,8,18,2025-11-01,2025-12-28,10,500,5000
90,Promotion 090,Bundle,13,3,13,2025-11-01,2025-11-28,20,1500,500
91,Promotion 091,Bundle,59,9,19,2025-05-01,2025-05-28,20,500,500
92,Promotion 092,Percentage Discount,126,6,6,2025-05-01,2025-06-28,25,500,500
93,Promotion 093,Seasonal,88,8,8,2025-04-01,2025-04-28,20,0,500
94,Promotion 094,Bundle,46,6,6,2025-03-01,2025-05-28,15,1500,100
95,Promotion 095,Percentage Discount,116,6,16,2025-06-01,2025-08-28,15,1000,100
96,Promotion 096,Seasonal,35,5,15,2025-01-01,2025-03-28,30,0,100
97,Promotion 097,Seasonal,119,9,19,2025-03-01,2025-04-28,30,500,1000
98,Promotion 098,Percentage Discount,44,4,4,2025-10-01,2025-11-28,15,1500,1000
99,Promotion 099,Seasonal,46,6,6,2025-09-01,2025-11-28,10,500,100
100,Promotion 100,Bundle,40,10,20,2025-10-01,2025-11-28,25,0,100
101,Promotion 101,Bundle,40,10,20,2025-10-01,2025-10-28,20,1500,1000
102,Promotion 102,Bundle,83,3,3,2025-06-01,2025-07-28,30,1000,1000
103,Promotion 103,Seasonal,89,9,9,2025-03-01,2025-05-28,20,500,5000
104,Promotion 104,Percentage Discount,125,5,5,2025-09-01,2025-09-28,10,500,1000
105,Promotion 105,Seasonal,38,8,18,2025-04-01,2025-05-28,15,1000,5000
106,Promotion 106,Percentage Discount,148,8,8,2025-09-01,2025-10-28,10,500,100
107,Promotion 107,Percentage Discount,124,4,4,2025-06-01,2025-06-28,10,1500,1000
108,Promotion 108,Bundle,72,2,12,2025-10-01,2025-11-28,15,1500,100
109,Promotion 109,Percentage Discount,72,2,12,2025-02-01,2025-03-28,15,0,500
110,Promotion 110,Bundle,68,8,8,2025-04-01,2025-05-28,10,1000,1000
111,Promotion 111,Seasonal,21,1,1,2025-04-01,2025-05-28,15,0,100
112,Promotion 112,Percentage Discount,88,8,8,2025-02-01,2025-02-28,20,500,500
113,Promotion 113,Percentage Discount,41,1,1,2025-03-01,2025-03-28,20,500,500
114,Promotion 114,Seasonal,125,5,5,2025-01-01,2025-02-28,20,1500,5000
115,Promotion 115,Seasonal,8,8,8,2025-08-01,2025-08-28,25,1500,1000
116,Promotion 116,Seasonal,98,8,18,2025-07-01,2025-07-28,30,1500,1000
117,Promotion 117,Percentage Discount,94,4,14,2025-02-01,2025-04-28,25,1000,100
118,Promotion 118,Seasonal,3,3,3,2025-03-01,2025-05-28,15,500,500
119,Promotion 119,Percentage Discount,11,1,11,2025-10-01,2025-10-28,20,1000,500
120,Promotion 120,Seasonal,125,5,5,2025-10-01,2025-11-28,30,1500,500
