item_a,item_b,pair_orders,restaurant_id,restaurant_orders,support,p_a,p_b,confidence_a_to_b,confidence_b_to_a,lift,chain_lift
94,134,605,14,3925,0.15414012738853503,0.5936305732484076,0.2573248407643312,0.259656652360515,0.599009900990099,1.0090617430841795,20.548867547698975
1,41,1908,1,3996,0.4774774774774775,0.9844844844844844,0.4844844844844845,0.48500254194204373,0.9855371900826446,1.0010692962812018,20.02389110404316
80,140,3983,20,4049,0.9836996789330699,0.9920968140281551,0.9916028649049148,0.9915359721184964,0.9920298879202989,0.9999325407491387,19.739345019036467
68,148,3515,8,3903,0.9005892902895208,0.9508070714834742,0.9474763002818345,0.9471840474265697,0.9505137912385072,0.9996915459994326,20.47280176062891
17,117,3837,17,3997,0.9599699774831123,0.9822366775081312,0.9777332999749813,0.977330616403464,0.9818321392016376,0.9995881457944333,19.989262069889683
67,127,1884,7,4029,0.4676098287416232,0.46934723256391164,0.9967733929014644,0.9962982548915917,0.4691235059760956,0.9995233239437806,19.829213026266167
27,127,2861,7,4029,0.7101017622238769,0.7128319682303301,0.9967733929014644,0.9961699164345403,0.7124003984063745,0.9993945700484967,19.826658720272114
1,21,3527,1,3996,0.8826326326326326,0.9844844844844844,0.8971471471471472,0.8965429588205389,0.9838214783821477,0.9993265448945253,19.989031715069924
75,115,3638,15,4030,0.9027295285359801,0.9126550868486353,0.9898263027295285,0.9891245241979335,0.9120080220606668,0.9992910084025249,19.819684938365715
9,69,3752,9,3962,0.9469964664310954,0.97778899545684,0.9692074709742554,0.9685080020650491,0.9770833333333333,0.9992783083806575,20.15959494923421
119,139,3595,19,3948,0.9105876393110436,0.9207193515704154,0.9898682877406282,0.9889958734525447,0.9199078812691914,0.9991186561900324,20.227850605184724
78,118,3715,18,4069,0.9130007372818875,0.9891865323175227,0.9238142049643647,0.9229813664596274,0.98829475924448,0.9990984783517488,19.625937914636342
78,98,3713,18,4069,0.912509216023593,0.9891865323175227,0.9233226837060703,0.9224844720496894,0.9882885280809156,0.9990921790711169,19.625814173790705
107,127,2816,7,4029,0.6989327376520228,0.7019111442045173,0.9967733929014644,0.9957567185289956,0.7011952191235059,0.9989800345999311,19.81843488845185
95,115,3613,15,4030,0.8965260545905707,0.9066997518610422,0.9898263027295285,0.9887794198139025,0.9057407871647029,0.998942356944103,19.81276987358366
18,78,1491,18,4069,0.36642909805849105,0.3708527893831408,0.9891865323175227,0.9880715705765408,0.37043478260869567,0.9988728498573776,19.621505748119976
87,127,1813,7,4029,0.44998758997269794,0.45197319434102756,0.9967733929014644,0.9956068094453596,0.4514442231075697,0.9988296402528272,19.81545126468317
105,125,3509,5,3907,0.8981315587407218,0.9482979267980548,0.9482979267980548,0.9470985155195681,0.9470985155195681,0.9987351957179359,20.432276476512573
19,139,3009,19,3948,0.7621580547112462,0.7710233029381965,0.9898682877406282,0.9885019710906702,0.7699590583418628,0.9986196985327446,20.217748861125195
99,139,2387,19,3948,0.6046099290780141,0.6117021276595744,0.9898682877406282,0.9884057971014493,0.6107983623336745,0.9985225401628766,20.215781822497146
12,112,3107,12,3989,0.7788919528703936,0.7861619453497117,0.9922286287290047,0.9907525510204082,0.7849924204143507,0.9985123612987388,20.007794695063474
35,115,2374,15,4030,0.5890818858560795,0.596029776674938,0.9898263027295285,0.9883430474604498,0.5951366257207321,0.9985014994398628,19.804026017426356
22,102,3179,2,4101,0.7751767861497196,0.9897585954645208,0.7844428188246769,0.7831978319783198,0.9881877525645011,0.998412902997541,19.459435097925738
60,140,1568,20,4049,0.3872561126204001,0.39120770560632256,0.9916028649049148,0.9898989898989898,0.3905354919053549,0.9982816961646351,19.706756229794834
72,112,3129,12,3989,0.7844071195788418,0.7919278014539985,0.9922286287290047,0.9905033238366571,0.7905507832238504,0.9982611821082428,20.002761666059627
45,105,3512,5,3907,0.8988994113130279,0.9495776810852317,0.9482979267980548,0.9466307277628032,0.9479082321187584,0.9982419037433933,20.42218463429983
43,63,3409,3,3949,0.8632565206381362,0.9779691061028108,0.8842744998733857,0.8827032625582599,0.9762313860252003,0.9982231339755351,20.204602455979874
112,132,3097,12,3989,0.776385058912008,0.9922286287290047,0.7839057407871647,0.7824658918645782,0.990406140070355,0.9981632371755044,20.000799084341452
36,76,3565,16,4045,0.8813349814585909,0.9016069221260816,0.9794808405438813,0.9775157663833288,0.8997980817768805,0.9979937594701074,19.72055406537594
15,115,1461,15,4030,0.36253101736972704,0.36699751861042185,0.9898263027295285,0.9878296146044624,0.36625720732013034,0.9979827893848041,19.793738053480745
92,112,1518,12,3989,0.3805465028829281,0.3843068438205064,0.9922286287290047,0.990215264187867,0.3835270338554826,0.9979708663075799,19.996944433182467
45,125,3511,5,3907,0.8986434604555925,0.9495776810852317,0.9482979267980548,0.9463611859838275,0.9476383265856949,0.997957666299275,20.41636966145407
22,142,2571,2,4101,0.6269202633504023,0.9897585954645208,0.6347232382345769,0.6334072431633407,0.9877064925086438,0.9979266631628354,19.44995810451242
22,42,1591,2,4101,0.38795415752255547,0.9897585954645208,0.3928310168251646,0.39196846513919686,0.9875853507138423,0.9978042678683093,19.447572575155807
22,62,3174,2,4101,0.7739575713240673,0.9897585954645208,0.7837112899292855,0.7819660014781966,0.9875544492843809,0.997773046690132,19.446964062897404
52,112,2479,12,3989,0.6214590122837804,0.6277262471797443,0.9922286287290047,0.9900159744408945,0.6263264274886307,0.9977700156757777,19.992919867877895
7,127,1812,7,4029,0.44973938942665675,0.45222139488706875,0.9967733929014644,0.9945115257958288,0.451195219123506,0.997730811113395,19.79365195638959
120,140,1575,20,4049,0.38898493455174116,0.39318350209928377,0.9916028649049148,0.989321608040201,0.39227895392278955,0.9976994248953359,19.695261800909904
76,116,3546,16,4045,0.8766378244746601,0.9794808405438813,0.8971569839307787,0.895002523977789,0.9771286855883164,0.9975985697134628,19.71274503762598
100,140,1535,20,4049,0.37910595208693504,0.38330451963447765,0.9916028649049148,0.9890463917525774,0.3823163138231631,0.9974218780090126,19.689782837555043
10,110,3631,10,4117,0.8819528783094486,0.9441340782122905,0.9366043235365558,0.9341394391561616,0.9416493775933609,0.9973682756758084,19.363528364043567
47,127,1848,7,4029,0.45867460908414,0.4614048150905932,0.9967733929014644,0.9940828402366864,0.4601593625498008,0.9973007378768948,19.785119875527474
3,43,1264,3,3949,0.32008103317295516,0.32818435046847305,0.9779691061028108,0.9753086419753085,0.3272915587778353,0.9972796030969687,20.185504855796587
79,139,2379,19,3948,0.6025835866261399,0.610435663627153,0.9898682877406282,0.9871369294605811,0.6087512794268168,0.997240685135715,20.189829777836295
6,46,3468,6,3992,0.8687374749498998,0.9336172344689379,0.9331162324649298,0.9305071102763618,0.9310067114093961,0.9972038615364394,19.966559281715327
9,149,2733,9,3962,0.6898031297324584,0.97778899545684,0.7074709742554266,0.7054723799690243,0.9750267570460222,0.9971750158534692,20.117162800900502
127,147,1802,7,4029,0.4472573839662447,0.9967733929014644,0.44998758997269794,0.4487051792828685,0.9939327082184225,0.997150119873512,19.782131814715765
43,103,3355,3,3949,0.8495821727019499,0.9779691061028108,0.8713598379336541,0.868720870015536,0.9750072653298459,0.9969714372831594,20.179267404923507
80,100,1535,20,4049,0.37910595208693504,0.9920968140281551,0.38330451963447765,0.3821259646502365,0.9890463917525774,0.9969252776216544,19.679979609853998
1,101,2963,1,3996,0.7414914914914915,0.9844844844844844,0.7555055055055055,0.7531774275546518,0.9814508115269956,0.9969185162333184,19.940865115748036
74,114,3378,14,3925,0.8606369426751592,0.9256050955414012,0.9327388535031848,0.9298100743187449,0.9226987161977601,0.9968600223166002,20.300387664653723
13,113,3420,13,4022,0.8503232222774739,0.9241670810542019,0.9231725509696669,0.9200968523002422,0.9210880689469432,0.9966683382578976,19.80698664270357
40,140,1596,20,4049,0.39417140034576437,0.3988639170165473,0.9916028649049148,0.9882352941176471,0.3975093399750934,0.9966039118013333,19.673635631089297
1,121,1924,1,3996,0.48148148148148145,0.9844844844844844,0.49074074074074076,0.48906964921199797,0.981132075471698,0.996594756884826,19.934389118569605
26,46,3461,6,3992,0.8669839679358717,0.9323647294589178,0.9331162324649298,0.9298764105319721,0.9291275167785236,0.9965279545888948,19.95302590438135
77,117,2764,17,3997,0.6915186389792344,0.7097823367525644,0.9777332999749813,0.9742685935847726,0.7072671443193449,0.9964563890886223,19.926634771041677
20,140,1554,20,4049,0.38379846875771795,0.38849098542850086,0.9916028649049148,0.9879211697393515,0.3870485678704857,0.9962871273411293,19.667382091473566
17,77,2776,17,3997,0.694520890668001,0.9822366775081312,0.7097823367525644,0.707080998471727,0.9784984138174129,0.9961941314386651,19.92139027417876
22,82,2525,2,4101,0.6157034869544014,0.9897585954645208,0.6244818336990978,0.6220744025622075,0.9859429910191331,0.9961449140599815,19.415231158452652
43,123,2113,3,3949,0.5350721701696632,0.9779691061028108,0.5492529754368195,0.5471258415328846,0.9741816505301982,0.9961272237037164,20.162180043210448
40,80,1596,20,4049,0.39417140034576437,0.3988639170165473,0.9920968140281551,0.9882352941176471,0.39731142643764,0.9961077186662567,19.66384044282388
14,74,3370,14,3925,0.8585987261146497,0.9314649681528663,0.9256050955414012,0.9217724288840262,0.927608037434627,0.9958592852655664,20.28000832389216
20,80,1554,20,4049,0.38379846875771795,0.38849098542850086,0.9920968140281551,0.9879211697393515,0.38685586258401794,0.9957910919279648,19.657590016745424
98,118,3456,18,4069,0.8493487343327599,0.9233226837060703,0.9238142049643647,0.9198828852808092,0.9193934557063049,0.9957444693289738,19.560052945063866
16,76,2914,16,4045,0.7203955500618047,0.7386897404202719,0.9794808405438813,0.9752342704149933,0.7354871277132762,0.9956644684070288,19.674526813293895
71,131,3369,11,3937,0.8557277114554229,0.9255778511557023,0.9286258572517145,0.9245334796926454,0.9214989059080962,0.9955930824808383,20.21279021658456
32,112,1545,12,3989,0.38731511657056905,0.39207821509150165,0.9922286287290047,0.987851662404092,0.3903486609398686,0.9955887522309053,19.94921257603817
14,114,3395,14,3925,0.8649681528662421,0.9314649681528663,0.9327388535031848,0.9286105032822757,0.9273422562141491,0.9955739484793587,20.274197631071374
98,138,1398,18,4069,0.34357335954780044,0.9233226837060703,0.3738019169329074,0.37210540324727176,0.9191321499013806,0.9954614633880005,19.554493676235655
6,26,3459,6,3992,0.8664829659318637,0.9336172344689379,0.9323647294589178,0.9280922994365441,0.9293390650188071,0.9954176408787437,19.93079459805561
76,96,1403,16,4045,0.34684796044499383,0.9794808405438813,0.3557478368355995,0.35411408379606263,0.9749826268241835,0.9954075531306972,19.669450116622155
17,57,2194,17,3997,0.5489116837628221,0.9822366775081312,0.5614210657993495,0.5588385124808966,0.9777183600713012,0.9953999707603136,19.905509047503593
13,133,3410,13,4022,0.8478368970661363,0.9241670810542019,0.9216807558428642,0.9174065106268496,0.9198813056379822,0.9953625534775261,19.78103652398276
2,22,1526,2,4101,0.3721043647890758,0.37771275298707635,0.9897585954645208,0.985151710781149,0.37595466863759547,0.9953454461476946,19.399649234475795
80,120,1572,20,4049,0.3882440108668807,0.9920968140281551,0.39318350209928377,0.39133681852128455,0.9874371859296482,0.9953032526335936,19.647959738948664
76,136,1384,16,4045,0.342150803461063,0.9794808405438813,0.3510506798516687,0.3493185259969712,0.9746478873239437,0.9950658011674286,19.662697030237965
78,138,1497,18,4069,0.3679036618333743,0.9891865323175227,0.3738019169329074,0.37192546583850933,0.9842209072978303,0.9949800923713967,19.545037793867227
113,133,3405,13,4022,0.8465937344604675,0.9231725509696669,0.9216807558428642,0.9170482089954215,0.9185325060695981,0.9949738053896912,19.773310856488816
75,95,3318,15,4030,0.8233250620347394,0.9126550868486353,0.9066997518610422,0.9021207177814029,0.9080459770114941,0.9949497790528334,19.733582094216622
38,78,1553,18,4069,0.3816662570656181,0.38781027279429836,0.9891865323175227,0.9841571609632446,0.38583850931677016,0.9949156491824701,19.543771894606742
59,139,1422,19,3948,0.3601823708206687,0.3657548125633232,0.9898682877406282,0.984764542936288,0.36386898669396106,0.9948440162519102,20.141307552942045
43,143,2692,3,3949,0.6816915674854394,0.9779691061028108,0.7006837173968093,0.6970481615743138,0.972894831947958,0.9948114167173708,20.135547363438707
39,139,1483,19,3948,0.37563323201621074,0.38145896656534956,0.9898682877406282,0.9847277556440903,0.37947799385875125,0.9948068524265272,20.140555145504642
9,109,1317,9,3962,0.33240787481070166,0.97778899545684,0.34174659262998486,0.3399586990191017,0.9726735598227474,0.9947683644857318,20.06861064445849
16,56,1053,16,4045,0.2603213844252163,0.7386897404202719,0.3542645241038319,0.35240963855421686,0.7348220516399162,0.9947641227856295,19.656735805749165
1,81,1933,1,3996,0.48373373373373374,0.9844844844844844,0.493993993993994,0.49135739705134723,0.9792299898682877,0.994662694334946,19.89574303258064
1,61,1965,1,3996,0.49174174174174173,0.9844844844844844,0.5022522522522522,0.4994916115912557,0.9790732436472347,0.9945034777870742,19.892558303183392
44,124,3100,4,3963,0.7822356800403735,0.8856926570779712,0.8882159979813273,0.8831908831908832,0.8806818181818181,0.9943424630924631,20.054956617456618
1,141,1992,1,3996,0.4984984984984985,0.9844844844844844,0.5092592592592593,0.5063548551093036,0.9788697788697788,0.9942968063964506,19.888424358175246
17,97,1249,17,3997,0.3124843632724543,0.9822366775081312,0.31998999249437077,0.3181355068772287,0.9765441751368257,0.9942045512027233,19.881603647143777
9,29,2680,9,3962,0.6764260474507824,0.97778899545684,0.6958606764260474,0.6917914300464636,0.9720710917664127,0.9941522110424696,20.056180269718475
115,135,1412,15,4030,0.35037220843672456,0.9898263027295285,0.3560794044665012,0.3539734269240411,0.9839721254355401,0.9940856519190842,19.716443215357913
57,117,2181,17,3997,0.545659244433325,0.5614210657993495,0.9777332999749813,0.9719251336898397,0.558085977482088,0.9940595597129706,19.878704180099508
69,129,1211,9,3962,0.30565371024734983,0.9692074709742554,0.31726400807672894,0.31536458333333334,0.9634049323786794,0.9940131099177937,20.053374022142666
97,117,1243,17,3997,0.31098323742807105,0.31998999249437077,0.9777332999749813,0.9718530101641908,0.3180655066530194,0.9939857936607652,19.87722904360895
60,80,1562,20,4049,0.3857742652506792,0.39120770560632256,0.9920968140281551,0.9861111111111112,0.3888473985561364,0.9939666141122453,19.62157359002019
68,108,3040,8,3903,0.778888034844991,0.9508070714834742,0.8242377658211633,0.819186203179736,0.9449797948399129,0.9938712312746377,20.353606844935122
70,90,897,10,4117,0.21787709497206703,0.26742773864464414,0.8197716784066068,0.8147138964577657,0.2657777777777777,0.9938302553234433,19.294839035220505
17,137,2169,17,3997,0.5426569927445584,0.9822366775081312,0.5559169377032774,0.5524707080998471,0.976147614761476,0.9938008192057106,19.87353001729108
29,69,2655,9,3962,0.6701161029782938,0.6958606764260474,0.9692074709742554,0.9630032644178456,0.69140625,0.9935986806311209,20.0450132616975
17,37,1332,17,3997,0.33324993745308984,0.9822366775081312,0.3415061295971979,0.3392766174223128,0.9758241758241759,0.9934715310161057,19.866945077337334
110,130,3114,10,4117,0.7563760019431625,0.9366043235365558,0.8129706096672334,0.8075726141078837,0.9303854197789064,0.9933601590326134,19.285712293290455
90,110,3140,10,4117,0.7626912800582949,0.8197716784066068,0.9366043235365558,0.9303703703703703,0.8143153526970954,0.9933440909789456,19.285400338097432
22,122,1570,2,4101,0.3828334552548159,0.9897585954645208,0.3894172153133382,0.3867947770386795,0.9830932999373825,0.9932657361525513,19.359114920915246
58,78,1499,18,4069,0.3683951830916687,0.3750307200786434,0.9891865323175227,0.9823066841415464,0.37242236024844716,0.9930449435458267,19.50702441327548
10,130,3138,10,4117,0.762205489434054,0.9441340782122905,0.8129706096672334,0.8073064059686135,0.9375560203167016,0.9930327079094059,19.279354953412387
117,137,2157,17,3997,0.5396547410557918,0.9777332999749813,0.5559169377032774,0.5519447287615148,0.9707470747074707,0.992854671854084,19.85460943740229
10,90,3163,10,4117,0.7682778722370658,0.9441340782122905,0.8197716784066068,0.8137381013635194,0.9371851851851851,0.992639929870699,19.271729316144032
13,33,1353,13,4022,0.3363998010939831,0.9241670810542019,0.3667329686723023,0.3640032284100081,0.9172881355932204,0.992556599772917,19.725273252075894
108,148,3025,8,3903,0.7750448373046375,0.8242377658211633,0.9474763002818345,0.940317065589058,0.8180097349918876,0.992443890479744,20.324376163475776
69,149,2696,9,3962,0.6804644119131752,0.9692074709742554,0.7074709742554266,0.7020833333333334,0.9618266143417766,0.9923846474015936,20.02052116779641
36,116,3246,16,4045,0.8024721878862794,0.9016069221260816,0.8971569839307787,0.890046613655059,0.8944612841003032,0.9920745528340352,19.60358937157588
23,43,1232,3,3949,0.31197771587743733,0.3216004051658648,0.9779691061028108,0.9700787401574803,0.3190056965302952,0.9919318862977446,20.077264034383067
91,131,2976,11,3937,0.7559055118110236,0.8206756413512827,0.9286258572517145,0.9210770659238626,0.8140043763676148,0.9918710089010523,20.13722370877854
8,68,2299,8,3903,0.5890340763515245,0.6246477068921342,0.9508070714834742,0.9429860541427401,0.6195095661546753,0.9917743382697695,20.310664324340934
55,115,1393,15,4030,0.3456575682382134,0.3521091811414392,0.9898263027295285,0.9816772374911911,0.34921032840310856,0.9917671765077714,19.67045916086009
9,89,1248,9,3962,0.314992428066633,0.97778899545684,0.3248359414437153,0.32214765100671144,0.9696969696969697,0.9917241595093945,20.00719638303531
53,133,2818,13,4022,0.7006464445549477,0.7665340626553954,0.9216807558428642,0.9140447615958481,0.7601834367413002,0.9917151419310767,19.70855079426926
43,83,1254,3,3949,0.31754874651810583,0.9779691061028108,0.32742466447201823,0.324702226825479,0.9698375870069604,0.9916853006448697,20.072273000897557
45,145,2348,5,3907,0.6009726132582545,0.9495776810852317,0.6383414384438187,0.6328840970350404,0.9414595028067363,0.9914507486431048,20.28325015076615
14,54,2872,14,3925,0.7317197452229299,0.9314649681528663,0.7923566878980892,0.7855579868708971,0.9234726688102893,0.9914196458097334,20.189598035559747
59,119,1318,19,3948,0.33383991894630194,0.3657548125633232,0.9207193515704154,0.9127423822714682,0.36258596973865204,0.991336155490442,20.070288477292557
6,146,2348,6,3992,0.5881763527054108,0.9336172344689379,0.6355210420841684,0.6299973168768447,0.9255025620811982,0.9913083519796467,19.848516175784862
85,105,1097,5,3907,0.2807780906066035,0.2986946506270796,0.9482979267980548,0.9400171379605826,0.2960863697705803,0.9912677349560044,20.279506028931007
48,68,2360,8,3903,0.6046630796822957,0.64155777606969,0.9508070714834742,0.9424920127795527,0.6359471840474267,0.9912547361569912,20.300023331034666
11,71,2919,11,3937,0.7414274828549657,0.808229616459233,0.9255778511557023,0.9173475801382778,0.8010428100987925,0.9911079646005487,20.121732184536924
50,110,995,10,4117,0.24168083555987369,0.2603837745931504,0.9366043235365558,0.9281716417910446,0.2580394190871369,0.990996537669536,19.23982347727132
63,83,1133,3,3949,0.28690807799442897,0.8842744998733857,0.32742466447201823,0.32445589919816725,0.8762567672080434,0.9909329821605278,20.057045648035196
69,89,1236,9,3962,0.31196365471983845,0.9692074709742554,0.3248359414437153,0.32187499999999997,0.9603729603729603,0.9908848096348095,19.990263209013207
19,119,2777,19,3948,0.7033941236068896,0.7710233029381965,0.9207193515704154,0.9122864651773982,0.7639614855570839,0.9908409806108303,20.060263318192415
71,91,2963,11,3937,0.7526035052070104,0.9255778511557023,0.8206756413512827,0.8131174533479691,0.9170535437944908,0.990790285927253,20.115282589323176
9,49,1303,9,3962,0.328874305906108,0.97778899545684,0.33947501261988894,0.3363448631905008,0.9687732342007435,0.9907794408630216,19.988137483135112
54,114,2874,14,3925,0.7322292993630574,0.7923566878980892,0.9327388535031848,0.9241157556270096,0.7850314121824639,0.990755078075939,20.176064558117147
12,92,1194,12,3989,0.2993231386312359,0.7861619453497117,0.3843068438205064,0.3807397959183673,0.7788649706457925,0.9907182295618834,19.851618974399937
110,150,2405,10,4117,0.584163225649745,0.9366043235365558,0.629584649016274,0.6237033195020747,0.927854938271605,0.9906583975270222,19.23325861412069
26,146,2343,6,3992,0.5869238476953907,0.9323647294589178,0.6355210420841684,0.6295002686727565,0.9235317303902245,0.9905262406549641,19.832856316520864
114,134,933,14,3925,0.23770700636942677,0.9327388535031848,0.2573248407643312,0.25484840207593557,0.9237623762376238,0.9903762159881655,20.16834928507874
56,76,1390,16,4045,0.34363411619283063,0.3542645241038319,0.9794808405438813,0.9699930216329378,0.3508329126703685,0.9903134206222195,19.568789050762426
11,91,2586,11,3937,0.6568453136906274,0.808229616459233,0.8206756413512827,0.81269641734758,0.8003714020427113,0.9902772501075279,20.104866802411664
63,103,3013,3,3949,0.7629779691061028,0.8842744998733857,0.8713598379336541,0.8628293241695304,0.8756175530369079,0.9902101136720358,20.04241437979383
54,74,2850,14,3925,0.7261146496815286,0.7923566878980892,0.9256050955414012,0.9163987138263664,0.7844756399669695,0.9900536613731044,20.161780676064268
16,36,2667,16,4045,0.6593325092707045,0.7386897404202719,0.9016069221260816,0.892570281124498,0.7312859884836851,0.9899771832049888,19.56214493289858
105,145,2341,5,3907,0.5991809572562068,0.9482979267980548,0.6383414384438187,0.6318488529014844,0.9386527666399359,0.9898289768589013,20.250071697039157
37,117,1321,17,3997,0.33049787340505377,0.3415061295971979,0.9777332999749813,0.9677655677655677,0.33802456499488226,0.9898052646773219,19.793628923106915
75,135,1296,15,4030,0.3215880893300248,0.9126550868486353,0.3560794044665012,0.3523654159869494,0.9031358885017422,0.989569774513872,19.62687644587935
13,73,2268,13,4022,0.5638985579313774,0.9241670810542019,0.6166086524117355,0.6101694915254238,0.9145161290322581,0.9895571350464736,19.66566429743029
125,145,2340,5,3907,0.5989250063987714,0.9482979267980548,0.6383414384438187,0.631578947368421,0.938251804330393,0.9894061537162875,20.241421516903728
7,147,811,7,4029,0.20129064283941425,0.45222139488706875,0.44998758997269794,0.4451152579582876,0.4473248758963045,0.9891722969188862,19.62386242063206
69,109,1298,9,3962,0.3276123170116103,0.9692074709742554,0.34174659262998486,0.3380208333333333,0.9586410635155096,0.9890978889709502,19.954213595519448
26,106,1434,6,3992,0.3592184368737475,0.9323647294589178,0.38952905811623245,0.38527673293928,0.9221864951768489,0.9890834198672707,19.803967372242216
13,53,2818,13,4022,0.7006464445549477,0.9241670810542019,0.7665340626553954,0.7581382835620123,0.9140447615958481,0.989047089356605,19.655528058745265
46,106,1435,6,3992,0.3594689378757515,0.9331162324649298,0.38952905811623245,0.38523489932885907,0.9228295819935692,0.9889760245149875,19.801817043958653
5,45,1079,5,3907,0.27617097517276684,0.2940875351932429,0.9495776810852317,0.9390774586597042,0.2908355795148248,0.9889422185939256,20.23193026163616
15,55,515,15,4030,0.12779156327543426,0.36699751861042185,0.3521091811414392,0.3482082488167681,0.3629316420014095,0.9889212422350778,19.614013620806393
46,146,2341,6,3992,0.5864228456913828,0.9331162324649298,0.6355210420841684,0.6284563758389262,0.9227433977138353,0.9888836627311759,19.799967725977677
11,131,2922,11,3937,0.7421894843789688,0.808229616459233,0.9286258572517145,0.9182903834066625,0.7992341356673961,0.9888701420875355,20.076299328691064
8,148,2284,8,3903,0.5851908788111709,0.6246477068921342,0.9474763002818345,0.9368334700574242,0.6176311519740401,0.9887671805392446,20.249080384448327
65,105,1007,5,3907,0.25774251343742,0.27489122088559,0.9482979267980548,0.9376163873370577,0.2717948717948718,0.9887360932053668,20.227713317098793
111,131,1950,11,3937,0.4953009906019812,0.539497078994158,0.9286258572517145,0.9180790960451977,0.5333698030634573,0.9886426151887153,20.07168001829668
9,129,1215,9,3962,0.306663301362948,0.97778899545684,0.31726400807672894,0.3136293236964378,0.9665871121718377,0.9885436598928294,19.94303249248709
48,148,2345,8,3903,0.600819882141942,0.64155777606969,0.9474763002818345,0.9365015974440893,0.6341265548945375,0.9884169104446405,20.24190716162955
21,101,2677,1,3996,0.66991991991992,0.8971471471471472,0.7555055055055055,0.7467224546722455,0.8867174561112952,0.9883746037993683,19.769965485906784
14,94,2145,14,3925,0.5464968152866242,0.9314649681528663,0.5936305732484076,0.586706783369803,0.9206008583690988,0.988336534217372,20.126812529934917
88,148,1031,8,3903,0.264155777606969,0.28209069946195237,0.9474763002818345,0.9364214350590372,0.2787993510005408,0.9883323042280752,20.24017450088395
28,148,997,8,3903,0.25544452984883426,0.27286702536510377,0.9474763002818345,0.9361502347417842,0.26960519199567334,0.9880460698207635,20.234312672501567
10,50,1000,10,4117,0.24289531212047608,0.9441340782122905,0.2603837745931504,0.2572678157962439,0.9328358208955223,0.9880332067473284,19.182291526673296
96,136,499,16,4045,0.12336217552533993,0.3557478368355995,0.3510506798516687,0.3467685892981237,0.3514084507042254,0.9878020730358524,19.519164325773964
65,125,1006,5,3907,0.25748656257998465,0.27489122088559,0.9482979267980548,0.9366852886405959,0.2715249662618084,0.9877542301535244,20.20762621350684
6,126,1409,6,3992,0.3529559118236473,0.9336172344689379,0.38276553106212424,0.3780520525892138,0.9221204188481675,0.9876857290157994,19.775982044146506
16,116,2647,16,4045,0.6543881334981458,0.7386897404202719,0.8971569839307787,0.8858768406961178,0.7294020391292367,0.98742678991893,19.511748657161945
79,119,2191,19,3948,0.5549645390070922,0.610435663627153,0.9207193515704154,0.9091286307053942,0.6027510316368638,0.987411233569435,19.990825709018477
10,150,2416,10,4117,0.5868350740830702,0.9441340782122905,0.629584649016274,0.6215590429637253,0.9320987654320988,0.9872525385345899,19.167135148183085
30,150,693,10,4117,0.16832645129948992,0.2708282730143308,0.629584649016274,0.62152466367713,0.2673611111111111,0.9871979322371698,19.1660749875436
74,94,2129,14,3925,0.5424203821656051,0.9256050955414012,0.5936305732484076,0.5860170657858519,0.9137339055793992,0.9871746709053514,20.103151960627958
38,118,1439,18,4069,0.3536495453428361,0.38781027279429836,0.9238142049643647,0.9119138149556401,0.38281457834530463,0.9871181998016758,19.39060155078593
6,106,1433,6,3992,0.35896793587174347,0.9336172344689379,0.38952905811623245,0.38449154816206066,0.9215434083601286,0.9870676914874252,19.76360735986721
10,70,1026,10,4117,0.24921059023560846,0.9441340782122905,0.26742773864464414,0.26395677900694625,0.9318801089918257,0.9870209438434131,19.162638824727715
53,113,2809,13,4022,0.6984087518647439,0.7665340626553954,0.9231725509696669,0.9111255270840091,0.7565311069216267,0.9869504093541299,19.613860323141623
51,131,1953,11,3937,0.49606299212598426,0.5412750825501651,0.9286258572517145,0.9164711403097138,0.5341903719912473,0.9869110720457721,20.036525778160673
44,144,2254,4,3963,0.5687610396164522,0.8856926570779712,0.6507696189755235,0.6421652421652422,0.8739821636293138,0.9867781522686525,19.90239154954161
94,114,2144,14,3925,0.5462420382165605,0.5936305732484076,0.9327388535031848,0.9201716738197425,0.585632340890467,0.9865265828305079,20.08995408041847
90,130,2706,10,4117,0.6572747145980082,0.8197716784066068,0.8129706096672334,0.8017777777777777,0.8084852106363908,0.9862321813896358,19.147325299604955
63,143,2413,3,3949,0.6110407698151431,0.8842744998733857,0.7006837173968093,0.6910080183276059,0.8720636067943621,0.9861910604899587,19.961066463652166
31,71,1953,11,3937,0.49606299212598426,0.5435610871221742,0.9255778511557023,0.9126168224299066,0.5359495060373216,0.9859968248920259,20.017964494188373
84,124,2234,4,3963,0.5637143578097401,0.6437042644461267,0.8882159979813273,0.875735005880047,0.6346590909090909,0.9859482466768824,19.88565313067959
99,119,2192,19,3948,0.5552178318135765,0.6117021276595744,0.9207193515704154,0.9076604554865425,0.6030261348005502,0.9858166377608996,19.95854201018964
35,95,2147,15,4030,0.5327543424317618,0.596029776674938,0.9066997518610422,0.8938384679433805,0.587575259989053,0.9858152779999516,19.552410712291845
49,69,1285,9,3962,0.3243311458859162,0.33947501261988894,0.9692074709742554,0.9553903345724908,0.3346354166666667,0.985743881660471,19.88654933395291
5,105,1074,5,3907,0.27489122088559,0.2940875351932429,0.9482979267980548,0.9347258485639688,0.28987854251012146,0.9856879596057829,20.16535413649609
25,105,999,5,3907,0.25569490657793703,0.2736114665984131,0.9482979267980548,0.9345182413470532,0.26963562753036435,0.9854690334528844,20.1608753119757
18,98,1373,18,4069,0.33742934381912015,0.3708527893831408,0.9233226837060703,0.9098740888005301,0.3654511578387011,0.9854345667632038,19.357528857552936
73,113,2256,13,4022,0.5609149676777723,0.6166086524117355,0.9231725509696669,0.9096774193548387,0.6075949367088608,0.9853817884850959,19.58268681094324
71,111,1937,11,3937,0.491998983997968,0.9255778511557023,0.539497078994158,0.5315587266739846,0.9119585687382297,0.9852856435571927,20.00352590539152
74,134,921,14,3925,0.23464968152866242,0.9256050955414012,0.2573248407643312,0.2535094962840628,0.9118811881188119,0.9851730424900459,20.062390136618948
68,88,1031,8,3903,0.264155777606969,0.9508070714834742,0.28209069946195237,0.27782268930207493,0.9364214350590372,0.9848700784250667,20.169271167951724
124,144,2256,4,3963,0.5692657077971234,0.8882159979813273,0.6507696189755235,0.6409090909090909,0.8747576580069795,0.9848478973527443,19.863460114914165
21,141,1798,1,3996,0.44994994994994997,0.8971471471471472,0.5092592592592593,0.5015341701534171,0.8835380835380835,0.984830734119437,19.699079223765416
68,128,1779,8,3903,0.4558032282859339,0.9508070714834742,0.4868050217781194,0.47938561034761523,0.9363157894736842,0.9847589669403907,20.166995702676253
13,93,1364,13,4022,0.3391347588264545,0.9241670810542019,0.37270014917951266,0.36696260425073984,0.9099399599733156,0.9846054665086562,19.567258811048458
24,44,2239,4,3963,0.5649760282614181,0.647993943981832,0.8856926570779712,0.8718847352024922,0.6378917378917379,0.9844100300876002,19.8546287420898
