menu_item_id,item_name,category_id,category_name,restaurant_id,restaurant_name,city_area,units_sold,order_lines,revenue,estimated_cost,estimated_profit,average_selling_price,base_price,cost_price,is_available,item_status,profit_margin_percentage,sales_classification,profitability_classification,menu_business_classification
1,Menu Item 001,1,Burgers,1,Restaurant 001,North-1,19699,13347,18221933.96,8433535.88,9743565.709999999,924.3937326740091,923,428.12,1,Active,53.47163331504028,High Sales,High Profit,High Sales / High Profit
2,Menu Item 002,2,Pizza,2,Restaurant 002,South-2,2817,1917,3842410.54,2316419.0999999996,1521906.4900000002,1364.6457746478875,1364,822.3,1,Active,39.608117720809716,Low Sales,Low Profit,Low Sales / Low Profit
3,Menu Item 003,3,Biryani,3,Restaurant 003,East-3,2254,1538,864300.13,509313.84,353928.77999999997,383.43125487646296,382,225.96,1,Seasonal,40.94975434054371,Low Sales,Low Profit,Low Sales / Low Profit
4,Menu Item 004,4,Rice,4,Restaurant 004,West-4,5875,3983,2163693.05,891120.0,1271247.72,368.78151644489077,367,151.68,1,Active,58.75360740286152,High Sales,Low Profit,High Sales / Low Profit
5,Menu Item 005,5,BBQ,5,Restaurant 005,Central-5,1948,1333,3177430.4,1480889.08,1679215.19,1625.8526706676669,1622,760.21,1,Seasonal,52.84821313473932,Low Sales,Low Profit,Low Sales / Low Profit
6,Menu Item 006,6,Pasta,6,Restaurant 006,Garden-6,13991,9442,10817110.34,4227380.649999999,6558624.670000001,773.1437587375556,771,302.15,1,Active,60.631947570574575,High Sales,High Profit,High Sales / High Profit
7,Menu Item 007,7,Sandwiches,7,Restaurant 007,Clifton-7,3514,2370,3521098.34,1678180.98,1840554.9100000001,1002.0771308016876,998,477.57,1,Seasonal,52.272181355775494,Low Sales,High Profit,Low Sales / High Profit
8,Menu Item 008,8,Desserts,8,Restaurant 008,Gulshan-8,5485,3710,2603058.61,1687844.2000000002,905662.0499999998,474.5531293800539,474,307.72,1,Active,34.79222659531281,Low Sales,Low Profit,Low Sales / Low Profit
9,Menu Item 009,9,Beverages,9,Restaurant 009,Defence-9,17936,12202,6685486.19,2517317.6,4161404.62,372.83021307982295,372,140.35,1,Active,62.24535511305872,High Sales,High Profit,High Sales / High Profit
10,Menu Item 010,10,Salads,10,Restaurant 010,Korangi-10,15248,10437,5534605.95,2185038.4000000004,3337562.21,363.27646354316374,362,143.3,1,Active,60.30352007264401,High Sales,High Profit,High Sales / High Profit
11,Menu Item 011,1,Burgers,11,Restaurant 011,North-11,8871,6053,10189641.65,4845695.04,5308219.75,1149.6722385593919,1146,546.24,1,Active,52.09427310920203,High Sales,High Profit,High Sales / High Profit
12,Menu Item 012,2,Pizza,12,Restaurant 012,South-12,8370,5635,12414447.54,6554547.0,5836978.52,1483.0005199645075,1481,783.1,1,Seasonal,47.017626045725756,High Sales,High Profit,High Sales / High Profit
13,Menu Item 013,3,Biryani,13,Restaurant 013,East-13,13267,9017,8102745.46,5164577.76,2934800.0900000003,610.0204713319285,607,389.28,1,Active,36.21982332393298,High Sales,High Profit,High Sales / High Profit
14,Menu Item 014,4,Rice,14,Restaurant 014,West-14,13713,9325,5730111.57,3170856.9899999998,2554317.54,418.00360643431634,417,231.23,1,Active,44.577099569459165,High Sales,High Profit,High Sales / High Profit
15,Menu Item 015,5,BBQ,15,Restaurant 015,Central-15,2611,1783,3391263.59,1297588.6700000002,2053731.46,1297.4315928210879,1296,496.97,1,Seasonal,60.55947600345628,Low Sales,High Profit,Low Sales / High Profit
16,Menu Item 016,6,Pasta,16,Restaurant 016,Garden-16,7523,5126,7285426.47,2545331.82,4728185.850000001,968.5983827545843,964,338.34,1,Active,64.8992323163204,High Sales,High Profit,High Sales / High Profit
17,Menu Item 017,7,Sandwiches,17,Restaurant 017,Clifton-17,19130,13100,11160779.33,5592464.199999999,5550944.96,583.4742312977099,582,292.34,1,Active,49.73617698075211,High Sales,High Profit,High Sales / High Profit
18,Menu Item 018,8,Desserts,18,Restaurant 018,Gulshan-18,2760,1873,1540800.57,922916.3999999999,615152.78,557.6364815803523,555,334.39,1,Active,39.924231076835596,Low Sales,Low Profit,Low Sales / Low Profit
19,Menu Item 019,9,Beverages,19,Restaurant 019,Defence-19,7957,5455,2483236.04,1432180.4300000002,1050127.92,311.8507534372136,311,179.99,1,Active,42.288687143893085,High Sales,Low Profit,High Sales / Low Profit
20,Menu Item 020,10,Salads,20,Restaurant 020,Korangi-20,2875,1959,1675088.88,829466.25,813847.06,582.653797856049,581,288.51,1,Active,48.585306112234484,Low Sales,Low Profit,Low Sales / Low Profit
21,Menu Item 021,1,Burgers,1,Restaurant 001,North-1,11667,8025,8937386.74,3760040.76,5159408.45,765.6707115264797,764,322.28,1,Active,57.7283785528565,High Sales,High Profit,High Sales / High Profit
22,Menu Item 022,2,Pizza,2,Restaurant 002,South-2,23073,15647,19898246.4,7463423.3100000005,12370814.0,862.6165590848086,861,323.47,1,Seasonal,62.170372963116996,High Sales,High Profit,High Sales / High Profit
23,Menu Item 023,3,Biryani,3,Restaurant 003,East-3,2217,1523,933783.4,599099.91,332398.44999999995,422.01483256730137,420,270.23,1,Active,35.59695428297397,Low Sales,Low Profit,Low Sales / Low Profit
24,Menu Item 024,4,Rice,4,Restaurant 004,West-4,5813,3944,4574218.91,2897024.81,1673814.17,787.1895588235294,786,498.37,1,Active,36.5923494903308,High Sales,Low Profit,High Sales / Low Profit
25,Menu Item 025,5,BBQ,5,Restaurant 005,Central-5,1771,1218,2970672.31,1820074.4100000001,1149179.91,1677.239039408867,1680,1027.71,1,Seasonal,38.684169443111685,Low Sales,Low Profit,Low Sales / Low Profit
26,Menu Item 026,6,Pasta,6,Restaurant 006,Garden-6,14016,9401,14805239.05,8501544.959999999,6279790.98,1055.7717402404,1052,606.56,1,Active,42.41600529915118,High Sales,High Profit,High Sales / High Profit
27,Menu Item 027,7,Sandwiches,7,Restaurant 007,Clifton-7,6782,4677,4917012.77,2290349.2199999997,2565136.2,724.3318751336327,719,337.71,1,Active,52.16858934454223,High Sales,High Profit,High Sales / High Profit
28,Menu Item 028,8,Desserts,8,Restaurant 008,Gulshan-8,1812,1216,1411967.85,685225.92,726196.07,779.0755674342105,779,378.16,1,Active,51.43148762204465,Low Sales,Low Profit,Low Sales / Low Profit
29,Menu Item 029,9,Beverages,9,Restaurant 009,Defence-9,6624,4515,1009827.75,454538.88,554444.08,152.55190254706534,152,68.62,1,Active,54.90481718293046,High Sales,Low Profit,High Sales / Low Profit
30,Menu Item 030,10,Salads,10,Restaurant 010,Korangi-10,1857,1274,883421.62,310620.39,555579.8099999999,475.66882260596543,475,167.27,1,Active,62.889541915444624,Low Sales,Low Profit,Low Sales / Low Profit
31,Menu Item 031,1,Burgers,11,Restaurant 011,North-11,4433,3008,2304148.51,1430174.46,866998.44,520.3422672872341,519,322.62,1,Active,37.627715237851575,Low Sales,Low Profit,Low Sales / Low Profit
32,Menu Item 032,2,Pizza,12,Restaurant 012,South-12,2852,1939,4993445.23,2105631.5999999996,2818911.4000000004,1751.251227436823,1752,738.3,1,Seasonal,56.45223428234137,Low Sales,High Profit,Low Sales / High Profit
33,Menu Item 033,3,Biryani,13,Restaurant 013,East-13,2745,1830,2492704.8,964867.5,1517381.79,906.517825136612,902,351.5,1,Seasonal,60.87290360254451,Low Sales,Low Profit,Low Sales / Low Profit
34,Menu Item 034,4,Rice,14,Restaurant 014,West-14,1687,1170,1320875.83,783307.84,537172.36,782.5881367521367,784,464.32,1,Active,40.66789230294266,Low Sales,Low Profit,Low Sales / Low Profit
35,Menu Item 035,5,BBQ,15,Restaurant 015,Central-15,5295,3574,4232815.68,2314232.7,1893331.2,798.7567963066592,798,437.06,1,Active,44.72982863265145,Low Sales,High Profit,Low Sales / High Profit
36,Menu Item 036,6,Pasta,16,Restaurant 016,Garden-16,12362,8423,11419130.12,5574025.8,5829743.46,923.4363564050813,920,450.9,1,Active,51.05243042803684,High Sales,High Profit,High Sales / High Profit
37,Menu Item 037,7,Sandwiches,17,Restaurant 017,Clifton-17,2377,1620,2539894.82,1639583.29,896291.01,1068.7141049382717,1069,689.77,1,Active,35.288508915499115,Low Sales,Low Profit,Low Sales / Low Profit
38,Menu Item 038,8,Desserts,18,Restaurant 018,Gulshan-18,2854,1938,1889671.43,1074017.28,793024.5,662.0293808049536,662,376.32,1,Active,41.96626394462661,Low Sales,Low Profit,Low Sales / Low Profit
39,Menu Item 039,9,Beverages,19,Restaurant 019,Defence-19,2763,1853,604554.04,245188.62,357198.49,218.6475283324339,218,88.74,1,Seasonal,59.08462542074816,Low Sales,Low Profit,Low Sales / Low Profit
40,Menu Item 040,10,Salads,20,Restaurant 020,Korangi-20,2899,1983,1981555.62,800819.76,1174611.15,683.326540595058,682,276.24,1,Seasonal,59.27722331609343,Low Sales,Low Profit,Low Sales / Low Profit
41,Menu Item 041,1,Burgers,1,Restaurant 001,North-1,3816,2560,2017812.18,971210.1599999999,1038565.03,528.8810546875,527,254.51,1,Active,51.469856327262335,Low Sales,Low Profit,Low Sales / Low Profit
42,Menu Item 042,2,Pizza,2,Restaurant 002,South-2,2916,1967,2152949.47,1363842.3599999999,773256.6200000001,735.1154194204372,730,467.71,1,Active,35.916152737202886,Low Sales,Low Profit,Low Sales / Low Profit
43,Menu Item 043,3,Biryani,3,Restaurant 003,East-3,17989,12208,13803130.62,6830423.3,6958730.12,767.4844339777196,766,379.7,1,Active,50.41414380240068,High Sales,High Profit,High Sales / High Profit
44,Menu Item 044,4,Rice,4,Restaurant 004,West-4,11634,7960,8302702.38,5127336.48,3166456.6399999997,712.9293103015075,710,440.72,1,Active,38.137662836470355,High Sales,High Profit,High Sales / High Profit
45,Menu Item 045,5,BBQ,5,Restaurant 005,Central-5,14733,10012,8921859.7,5744986.02,3167476.8000000003,605.9561526168598,604,389.94,1,Active,35.50242781782369,High Sales,High Profit,High Sales / High Profit
46,Menu Item 046,6,Pasta,6,Restaurant 006,Garden-6,14280,9639,18646401.13,9052234.799999999,9537982.16,1305.9977632534494,1303,633.91,1,Seasonal,51.15186621537623,High Sales,High Profit,High Sales / High Profit
47,Menu Item 047,7,Sandwiches,7,Restaurant 007,Clifton-7,3591,2418,3485658.68,1908831.9599999997,1569476.61,970.3764640198511,969,531.56,1,Seasonal,45.026686606044855,Low Sales,Low Profit,Low Sales / Low Profit
48,Menu Item 048,8,Desserts,8,Restaurant 008,Gulshan-8,5651,3850,2513198.52,1101492.92,1407477.1,444.9642337662338,444,194.92,1,Active,56.00341910116994,Low Sales,Low Profit,Low Sales / Low Profit
49,Menu Item 049,9,Beverages,9,Restaurant 009,Defence-9,2380,1618,1186982.64,605186.4,579401.82,498.0992521631644,496,254.28,1,Active,48.81299864671989,Low Sales,Low Profit,Low Sales / Low Profit
50,Menu Item 050,10,Salads,10,Restaurant 010,Korangi-10,1827,1239,549407.4,288848.7,258235.19,300.74923325262307,301,158.1,1,Active,47.00249577999859,Low Sales,Low Profit,Low Sales / Low Profit
51,Menu Item 051,1,Burgers,11,Restaurant 011,North-11,4342,2969,4217318.17,1575321.02,2606745.56,971.7290872347593,970,362.81,1,Active,61.810502668334365,Low Sales,High Profit,Low Sales / High Profit
52,Menu Item 052,2,Pizza,12,Restaurant 012,South-12,5531,3766,4653321.61,2564171.6,2061881.8099999998,842.1217392458843,839,463.6,1,Active,44.30989264892008,Low Sales,High Profit,Low Sales / High Profit
53,Menu Item 053,3,Biryani,13,Restaurant 013,East-13,7995,5447,3789488.59,2386747.3499999996,1401282.8900000001,473.9259794382229,472,298.53,1,Active,36.97815303357333,High Sales,Low Profit,High Sales / Low Profit
54,Menu Item 054,4,Rice,14,Restaurant 014,West-14,8546,5797,2923695.52,1556910.28,1361187.95,342.39939451440404,340,182.18,1,Seasonal,46.55710352492519,High Sales,Low Profit,High Sales / Low Profit
55,Menu Item 055,5,BBQ,15,Restaurant 015,Central-15,2490,1698,4491614.62,2322223.8,2161049.12,1804.665477031802,1795,932.62,1,Active,48.11296833832107,Low Sales,High Profit,Low Sales / High Profit
56,Menu Item 056,6,Pasta,16,Restaurant 016,Garden-16,2498,1724,1785162.38,975718.8,807567.95,714.2183700696055,709,390.6,1,Active,45.23778671607454,Low Sales,Low Profit,Low Sales / Low Profit
57,Menu Item 057,7,Sandwiches,17,Restaurant 017,Clifton-17,4625,3174,3120407.76,1454655.0,1653851.58,672.8048771266541,671,314.52,1,Active,53.0011366206832,Low Sales,Low Profit,Low Sales / Low Profit
58,Menu Item 058,8,Desserts,18,Restaurant 018,Gulshan-18,2749,1875,1578589.09,990327.25,586073.5,574.4700266666667,573,360.25,1,Active,37.126412675258,Low Sales,Low Profit,Low Sales / Low Profit
59,Menu Item 059,9,Beverages,19,Restaurant 019,Defence-19,2608,1761,923754.76,495180.96,425486.87,354.1865758091993,354,189.87,1,Active,46.06058755247984,Low Sales,Low Profit,Low Sales / Low Profit
60,Menu Item 060,10,Salads,20,Restaurant 020,Korangi-20,2831,1968,2266313.76,937513.9600000001,1303822.8399999999,800.9326981707318,800,331.16,1,Active,57.530553051047974,Low Sales,Low Profit,Low Sales / Low Profit
61,Menu Item 061,1,Burgers,1,Restaurant 001,North-1,3903,2650,3161718.22,1934756.13,1219093.85,810.9237735849057,807,495.71,1,Active,38.557953782484766,Low Sales,Low Profit,Low Sales / Low Profit
62,Menu Item 062,2,Pizza,2,Restaurant 002,South-2,8614,5854,11088742.78,4391158.78,6683260.51,1287.2154099760846,1283,509.77,1,Active,60.27067849435678,High Sales,High Profit,High Sales / High Profit
63,Menu Item 063,3,Biryani,3,Restaurant 003,East-3,11189,7579,10021654.5,3512674.66,6469102.53,894.1494867396755,891,313.94,1,Active,64.55124281125437,High Sales,High Profit,High Sales / High Profit
64,Menu Item 064,4,Rice,4,Restaurant 004,West-4,5680,3883,2316534.06,1456692.7999999998,858117.3800000001,407.80363121297967,406,256.46,1,Active,37.04315834665518,High Sales,Low Profit,High Sales / Low Profit
65,Menu Item 065,5,BBQ,5,Restaurant 005,Central-5,1827,1241,1531891.35,942256.98,587903.79,838.9801611603546,836,515.74,1,Active,38.37764277473073,Low Sales,Low Profit,Low Sales / Low Profit
66,Menu Item 066,6,Pasta,6,Restaurant 006,Garden-6,2895,1969,2288172.59,1212368.0999999999,1067248.35,790.4150076180802,788,418.78,1,Active,46.641951514680116,Low Sales,Low Profit,Low Sales / Low Profit
67,Menu Item 067,7,Sandwiches,7,Restaurant 007,Clifton-7,3601,2457,3778174.35,2288651.5599999996,1469666.4600000002,1049.2125844525845,1049,635.56,1,Seasonal,38.89885229886229,Low Sales,Low Profit,Low Sales / Low Profit
68,Menu Item 068,8,Desserts,8,Restaurant 008,Gulshan-8,14987,10125,4540364.96,1709417.22,2825473.79,302.9422241975309,302,114.06,1,Seasonal,62.23010297392481,High Sales,High Profit,High Sales / High Profit
69,Menu Item 069,9,Beverages,9,Restaurant 009,Defence-9,17679,11976,4638816.01,1675969.2,2958580.79,262.61474866399465,261,94.8,1,Active,63.778791476577666,High Sales,High Profit,High Sales / High Profit
70,Menu Item 070,10,Salads,10,Restaurant 010,Korangi-10,1885,1284,725645.55,390666.25,331758.14,384.5692445482866,383,207.25,1,Active,45.7190345892702,Low Sales,Low Profit,Low Sales / Low Profit
71,Menu Item 071,1,Burgers,11,Restaurant 011,North-11,13359,9141,12131462.02,6211667.82,5876694.649999999,907.7400984574992,902,464.98,1,Seasonal,48.44176769717983,High Sales,High Profit,High Sales / High Profit
72,Menu Item 072,2,Pizza,12,Restaurant 012,South-12,8523,5817,6148898.29,2350472.94,3785877.91,721.6374179130137,719,275.78,1,Active,61.57002004988442,High Sales,High Profit,High Sales / High Profit
73,Menu Item 073,3,Biryani,13,Restaurant 013,East-13,5458,3695,2108981.91,1264891.5,843084.72,386.4873396481732,386,231.75,1,Active,39.97591046193468,Low Sales,Low Profit,Low Sales / Low Profit
74,Menu Item 074,4,Rice,14,Restaurant 014,West-14,13322,9080,5762132.18,2076899.8,3679094.53,432.0313832599119,430,155.9,1,Active,63.84953373284124,High Sales,High Profit,High Sales / High Profit
75,Menu Item 075,5,BBQ,15,Restaurant 015,Central-15,12890,8748,8818172.57,5439580.0,3365234.86,684.1012094192959,681,422.0,1,Active,38.16249719866845,High Sales,High Profit,High Sales / High Profit
76,Menu Item 076,6,Pasta,16,Restaurant 016,Garden-16,19474,13364,14722836.76,8087746.94,6619664.77,756.1595240945825,755,415.31,1,Active,44.96188389444589,High Sales,High Profit,High Sales / High Profit
77,Menu Item 077,7,Sandwiches,17,Restaurant 017,Clifton-17,6773,4639,6610554.12,4054520.9899999998,2539429.74,976.5477064022418,973,598.63,1,Seasonal,38.414778759878004,High Sales,High Profit,High Sales / High Profit
78,Menu Item 078,8,Desserts,18,Restaurant 018,Gulshan-18,21565,14748,8817191.56,5523012.15,3285820.36,408.7243714401953,408,256.11,1,Active,37.26606525037321,High Sales,High Profit,High Sales / High Profit
79,Menu Item 079,9,Beverages,19,Restaurant 019,Defence-19,5273,3543,1073068.69,688126.5,384565.6,203.59848715777588,203,130.5,1,Active,35.83792944326798,Low Sales,Low Profit,Low Sales / Low Profit
80,Menu Item 080,10,Salads,20,Restaurant 020,Korangi-20,22444,15314,6194706.73,2492406.1999999997,3684926.9299999997,275.98160572025597,275,111.05,1,Active,59.48509091083315,High Sales,High Profit,High Sales / High Profit
81,Menu Item 081,1,Burgers,1,Restaurant 001,North-1,3935,2666,3439451.04,2024439.4500000002,1392191.16,875.0408589647412,871,514.47,1,Active,40.47713265312245,Low Sales,Low Profit,Low Sales / Low Profit
82,Menu Item 082,2,Pizza,2,Restaurant 002,South-2,5666,3858,5815068.03,3407815.7,2400036.94,1026.4532296526697,1026,601.45,1,Active,41.27272333905954,High Sales,High Profit,High Sales / High Profit
83,Menu Item 083,3,Biryani,3,Restaurant 003,East-3,2319,1541,900884.04,548095.65,350155.03,388.3911031797534,389,236.35,1,Active,38.86793576673864,Low Sales,Low Profit,Low Sales / Low Profit
84,Menu Item 084,4,Rice,4,Restaurant 004,West-4,5795,3949,4476357.99,2032480.35,2441195.9899999998,773.1454165611548,771,350.73,1,Active,54.53531633201659,High Sales,High Profit,High Sales / High Profit
85,Menu Item 085,5,BBQ,5,Restaurant 005,Central-5,1945,1323,1261400.34,690688.9500000001,557242.14,648.3252380952381,648,355.11,1,Seasonal,44.17646977961017,Low Sales,Low Profit,Low Sales / Low Profit
86,Menu Item 086,6,Pasta,6,Restaurant 006,Garden-6,2747,1859,2161008.44,1313917.57,843432.1799999999,787.6735341581496,785,478.31,1,Active,39.02956436394112,Low Sales,Low Profit,Low Sales / Low Profit
87,Menu Item 087,7,Sandwiches,7,Restaurant 007,Clifton-7,3601,2412,3815298.7,1912058.98,1890314.67,1059.381824212272,1056,530.98,1,Active,49.54565339798951,Low Sales,High Profit,Low Sales / High Profit
88,Menu Item 088,8,Desserts,8,Restaurant 008,Gulshan-8,1856,1259,686339.28,418769.27999999997,262216.47000000003,370.6542891183479,368,225.63,1,Active,38.20507985496619,Low Sales,Low Profit,Low Sales / Low Profit
89,Menu Item 089,9,Beverages,9,Restaurant 009,Defence-9,2278,1526,953207.14,606768.0800000001,345929.70999999996,418.6499148099607,417,266.36,1,Active,36.29113709744138,Low Sales,Low Profit,Low Sales / Low Profit
90,Menu Item 090,10,Salads,10,Restaurant 010,Korangi-10,9387,6394,3405054.67,1792541.52,1605622.5,362.7109352517986,361,190.96,1,Active,47.15408871834648,High Sales,Low Profit,High Sales / Low Profit
91,Menu Item 091,1,Burgers,11,Restaurant 011,North-11,8819,6081,6829283.71,3269997.0100000002,3545073.8299999996,774.9476385462917,771,370.79,1,Active,51.90989246513526,High Sales,High Profit,High Sales / High Profit
92,Menu Item 092,2,Pizza,12,Restaurant 012,South-12,2799,1910,3080426.61,1299771.6300000001,1772837.15,1094.9435811518324,1089,464.37,1,Seasonal,57.5516762595425,Low Sales,Low Profit,Low Sales / Low Profit
93,Menu Item 093,3,Biryani,13,Restaurant 013,East-13,2677,1830,2384250.2,1482013.97,901279.52,887.2429890710382,882,553.61,1,Active,37.80138175095885,Low Sales,Low Profit,Low Sales / Low Profit
94,Menu Item 094,4,Rice,14,Restaurant 014,West-14,4994,3401,3716749.46,1372900.54,2341991.78,744.4319670685093,741,274.91,1,Active,63.011828082703204,Low Sales,High Profit,Low Sales / High Profit
95,Menu Item 095,5,BBQ,15,Restaurant 015,Central-15,12836,8685,15984103.04,8752611.68,7152487.19,1246.21339781232,1242,681.88,1,Active,44.74750426784036,High Sales,High Profit,High Sales / High Profit
96,Menu Item 096,6,Pasta,16,Restaurant 016,Garden-16,2556,1727,2071713.7,1035742.3200000001,1033444.97,810.6723393167341,807,405.22,1,Seasonal,49.883580438744985,Low Sales,Low Profit,Low Sales / Low Profit
97,Menu Item 097,7,Sandwiches,17,Restaurant 017,Clifton-17,2262,1528,1838927.26,1027038.4800000001,796673.63,813.339522251309,812,454.04,1,Active,43.322737518176766,Low Sales,Low Profit,Low Sales / Low Profit
98,Menu Item 098,8,Desserts,18,Restaurant 018,Gulshan-18,13490,9209,9202390.76,5040538.5,4149405.45,682.0068259311544,680,373.65,1,Seasonal,45.09051569551041,High Sales,High Profit,High Sales / High Profit
99,Menu Item 099,9,Beverages,19,Restaurant 019,Defence-19,5202,3546,1087573.0,581271.48,505358.22000000003,209.1657755217146,209,111.74,1,Active,46.4666022418725,Low Sales,Low Profit,Low Sales / Low Profit
100,Menu Item 100,10,Salads,20,Restaurant 020,Korangi-20,2859,1910,2328346.47,1391475.3,932721.41,814.2406282722513,811,486.7,1,Active,40.059390731483354,Low Sales,Low Profit,Low Sales / Low Profit
101,Menu Item 101,1,Burgers,1,Restaurant 001,North-1,7703,5223,5127449.33,2453482.53,2646388.5500000003,665.666829408386,665,318.51,1,Active,51.61218336213184,High Sales,High Profit,High Sales / High Profit
102,Menu Item 102,2,Pizza,2,Restaurant 002,South-2,8563,5790,13796366.58,6629217.71,7120231.37,1611.5084473229706,1604,774.17,1,Active,51.60946781685182,High Sales,High Profit,High Sales / High Profit
103,Menu Item 103,3,Biryani,3,Restaurant 003,East-3,10966,7436,9167473.62,5378713.34,3776623.81,836.2199825174825,834,490.49,1,Active,41.19590594469581,High Sales,High Profit,High Sales / High Profit
104,Menu Item 104,4,Rice,4,Restaurant 004,West-4,5817,3931,2249339.88,977023.3200000001,1251974.5899999999,387.04990842024927,386,167.96,1,Active,55.659644908798754,High Sales,Low Profit,High Sales / Low Profit
105,Menu Item 105,5,BBQ,5,Restaurant 005,Central-5,14846,10079,16067303.58,8856232.84,7179267.69,1082.5410705427125,1081,596.54,1,Active,44.68246743614463,High Sales,High Profit,High Sales / High Profit
106,Menu Item 106,6,Pasta,6,Restaurant 006,Garden-6,2787,1898,1962945.62,772361.3099999999,1154532.9000000001,705.205263435195,703,277.13,1,Active,58.81634662910326,Low Sales,Low Profit,Low Sales / Low Profit
107,Menu Item 107,7,Sandwiches,7,Restaurant 007,Clifton-7,6879,4698,6104369.59,3250877.82,2847232.19,887.7131460195827,886,472.58,1,Active,46.64252627600158,High Sales,High Profit,High Sales / High Profit
108,Menu Item 108,8,Desserts,8,Restaurant 008,Gulshan-8,9231,6325,6254570.11,3831603.48,2415916.44,677.0725027667984,674,415.08,1,Active,38.626418722804914,High Sales,High Profit,High Sales / High Profit
109,Menu Item 109,9,Beverages,9,Restaurant 009,Defence-9,2375,1647,1135170.18,525896.25,602261.52,478.5664663023679,476,221.43,1,Seasonal,53.05473404877497,Low Sales,Low Profit,Low Sales / Low Profit
110,Menu Item 110,10,Salads,10,Restaurant 010,Korangi-10,15052,10189,6056115.38,3300452.04,2737307.3899999997,402.22235351850037,401,219.27,1,Active,45.199062736483064,High Sales,High Profit,High Sales / High Profit
111,Menu Item 111,1,Burgers,11,Restaurant 011,North-11,4314,2920,2412316.87,1407183.66,999657.14,559.2252842465754,559,326.19,1,Active,41.439711027681035,Low Sales,Low Profit,Low Sales / Low Profit
112,Menu Item 112,2,Pizza,12,Restaurant 012,South-12,22254,15089,39273170.51,19166925.12,20048518.990000002,1763.82176486182,1760,861.28,1,Active,51.048893505797075,High Sales,High Profit,High Sales / High Profit
113,Menu Item 113,3,Biryani,13,Restaurant 013,East-13,13321,9118,6351823.63,3074620.0100000002,3238444.15,476.67308071945604,474,230.81,1,Seasonal,50.98447845284394,High Sales,High Profit,High Sales / High Profit
114,Menu Item 114,4,Rice,14,Restaurant 014,West-14,13647,9254,11566862.05,7436113.83,4126008.69,846.4831640371731,843,544.89,1,Active,35.6709423192265,High Sales,High Profit,High Sales / High Profit
115,Menu Item 115,5,BBQ,15,Restaurant 015,Central-15,20628,13985,31173893.58,16582849.2,14446228.600000001,1510.9067586700035,1506,803.9,1,Seasonal,46.34079013238231,High Sales,High Profit,High Sales / High Profit
116,Menu Item 116,6,Pasta,16,Restaurant 016,Garden-16,12203,8325,12968645.98,6263555.84,6688770.23,1063.4763615615616,1061,513.28,1,Active,51.57647329039049,High Sales,High Profit,High Sales / High Profit
117,Menu Item 117,7,Sandwiches,17,Restaurant 017,Clifton-17,18755,12731,16703237.0,8059586.15,8524986.87,890.7502812033619,886,429.73,1,Active,51.03793276716363,High Sales,High Profit,High Sales / High Profit
118,Menu Item 118,8,Desserts,18,Restaurant 018,Gulshan-18,13291,9118,7099363.66,4106919.0,2971409.5,534.5586400526431,533,309.0,1,Seasonal,41.85458926046902,High Sales,High Profit,High Sales / High Profit
119,Menu Item 119,9,Beverages,19,Restaurant 019,Defence-19,13133,8889,3185307.65,1374237.12,1809690.93,242.7319766002925,242,104.64,1,Active,56.81369364745663,High Sales,Low Profit,High Sales / Low Profit
120,Menu Item 120,10,Salads,20,Restaurant 020,Korangi-20,2814,1932,1528271.78,641113.62,876837.3099999999,543.4042080745342,542,227.83,1,Active,57.374435717186365,Low Sales,Low Profit,Low Sales / Low Profit
121,Menu Item 121,1,Burgers,1,Restaurant 001,North-1,3894,2676,3927990.06,1461418.2,2446712.75,1005.8505904334829,1003,375.3,1,Active,62.28917875622118,Low Sales,High Profit,Low Sales / High Profit
122,Menu Item 122,2,Pizza,2,Restaurant 002,South-2,2897,1964,4314457.69,2399729.95,1882867.67,1491.7600967413443,1484,828.35,1,Active,43.64088850295342,Low Sales,High Profit,Low Sales / High Profit
123,Menu Item 123,3,Biryani,3,Restaurant 003,East-3,4491,3017,3477044.39,1641640.1400000001,1806628.2699999998,774.5135034802785,774,365.54,1,Seasonal,51.95873469996165,Low Sales,Low Profit,Low Sales / Low Profit
124,Menu Item 124,4,Rice,4,Restaurant 004,West-4,11604,7921,4224327.24,1735610.28,2486395.36,364.1632559020326,363,149.57,1,Seasonal,58.85896661736839,High Sales,High Profit,High Sales / High Profit
125,Menu Item 125,5,BBQ,5,Restaurant 005,Central-5,14841,10036,26764017.34,16894103.939999998,9830793.000000002,1802.579459944201,1796,1138.34,1,Active,36.73138032722558,High Sales,High Profit,High Sales / High Profit
126,Menu Item 126,6,Pasta,6,Restaurant 006,Garden-6,2765,1885,3560163.34,1854291.95,1701209.07,1286.4001167108754,1283,670.63,1,Seasonal,47.78457917607792,Low Sales,Low Profit,Low Sales / Low Profit
127,Menu Item 127,7,Sandwiches,7,Restaurant 007,Clifton-7,27781,18898,21167393.54,9281076.48,11858040.17,762.1467626203831,760,334.08,1,Seasonal,56.02031325959842,High Sales,High Profit,High Sales / High Profit
128,Menu Item 128,8,Desserts,8,Restaurant 008,Gulshan-8,3680,2495,2504937.78,1278027.2000000002,1206006.2999999998,681.3129098196392,679,347.29,1,Active,48.145159916906195,Low Sales,Low Profit,Low Sales / Low Profit
129,Menu Item 129,9,Beverages,9,Restaurant 009,Defence-9,2203,1492,511948.84,220740.6,288518.94,232.56424262734583,232,100.2,1,Seasonal,56.35698676453686,Low Sales,Low Profit,Low Sales / Low Profit
130,Menu Item 130,10,Salads,10,Restaurant 010,Korangi-10,9479,6427,6160126.95,2769195.06,3378083.0100000002,650.2912136299984,648,292.14,1,Seasonal,54.83787976155264,High Sales,High Profit,High Sales / High Profit
131,Menu Item 131,1,Burgers,11,Restaurant 011,North-11,13416,9127,8321234.41,5000545.680000001,3311172.5199999996,620.2308677550126,619,372.73,1,Active,39.79184285471895,High Sales,High Profit,High Sales / High Profit
132,Menu Item 132,2,Pizza,12,Restaurant 012,South-12,8233,5674,14834258.41,5286079.9799999995,9529620.280000001,1802.8698255199156,1793,642.06,1,Seasonal,64.24062475260602,High Sales,High Profit,High Sales / High Profit
133,Menu Item 133,3,Biryani,13,Restaurant 013,East-13,13499,9214,12552655.83,6868696.17,5669605.84,930.4822834816583,927,508.83,1,Active,45.16658400248675,High Sales,High Profit,High Sales / High Profit
134,Menu Item 134,4,Rice,14,Restaurant 014,West-14,1673,1152,1237136.76,482392.81999999995,749908.0800000001,740.2951388888889,738,288.34,1,Seasonal,60.61642530127389,Low Sales,Low Profit,Low Sales / Low Profit
135,Menu Item 135,5,BBQ,15,Restaurant 015,Central-15,2594,1763,1840697.47,779471.06,1054428.68,708.3193306863301,702,300.49,1,Active,57.28419238822553,Low Sales,Low Profit,Low Sales / Low Profit
136,Menu Item 136,6,Pasta,16,Restaurant 016,Garden-16,2474,1687,2387958.95,1069683.3800000001,1283718.6199999999,965.1903260225253,965,432.37,1,Seasonal,53.757985245098105,Low Sales,Low Profit,Low Sales / Low Profit
137,Menu Item 137,7,Sandwiches,17,Restaurant 017,Clifton-17,4557,3114,3789089.59,1611993.18,2132021.58,831.2735260115606,831,353.74,1,Active,56.267383743755715,Low Sales,High Profit,Low Sales / High Profit
138,Menu Item 138,8,Desserts,18,Restaurant 018,Gulshan-18,2742,1839,737848.29,423913.19999999995,312005.10000000003,269.3817346383904,269,154.6,1,Active,42.285806476559024,Low Sales,Low Profit,Low Sales / Low Profit
139,Menu Item 139,9,Beverages,19,Restaurant 019,Defence-19,21292,14364,4996440.95,2715581.68,2277876.37,234.72734823169034,234,127.54,1,Active,45.58997880281163,High Sales,High Profit,High Sales / High Profit
140,Menu Item 140,10,Salads,20,Restaurant 020,Korangi-20,22400,15361,6300974.32,3996160.0,2288360.84,281.3004967124536,281,178.4,1,Active,36.31757127999214,High Sales,High Profit,High Sales / High Profit
141,Menu Item 141,1,Burgers,1,Restaurant 001,North-1,3914,2708,1844889.79,986758.54,848350.13,472.02374815361895,470,252.11,1,Active,45.98378367089342,Low Sales,Low Profit,Low Sales / Low Profit
142,Menu Item 142,2,Pizza,2,Restaurant 002,South-2,5715,3924,9584006.99,5254085.25,4313960.1,1676.8430810397554,1669,919.35,1,Active,45.012071720118804,High Sales,High Profit,High Sales / High Profit
143,Menu Item 143,3,Biryani,3,Restaurant 003,East-3,6677,4566,4097192.17,2370335.0,1710534.68,613.6856614104249,612,355.0,1,Active,41.74894925663201,High Sales,Low Profit,High Sales / Low Profit
144,Menu Item 144,4,Rice,4,Restaurant 004,West-4,5916,3983,2480335.82,1439067.0,1035005.07,418.7792744162692,417,243.25,1,Active,41.72842490336651,High Sales,Low Profit,High Sales / Low Profit
145,Menu Item 145,5,BBQ,5,Restaurant 005,Central-5,5486,3746,4516076.77,2358321.68,2152701.29,823.843093966898,821,429.88,1,Active,47.66750876114978,Low Sales,High Profit,Low Sales / High Profit
146,Menu Item 146,6,Pasta,6,Restaurant 006,Garden-6,5549,3768,6639592.65,4120298.9699999997,2509348.35,1196.5939304670912,1193,742.53,1,Seasonal,37.793709377637796,Low Sales,High Profit,Low Sales / High Profit
147,Menu Item 147,7,Sandwiches,7,Restaurant 007,Clifton-7,3338,2290,2030562.06,750382.4,1278138.53,606.1881790393013,603,224.8,1,Active,62.94506113248269,Low Sales,Low Profit,Low Sales / Low Profit
148,Menu Item 148,8,Desserts,8,Restaurant 008,Gulshan-8,14751,9978,8250571.22,4980527.64,3252467.1100000003,559.5575435959109,558,337.64,1,Active,39.42111428740567,High Sales,High Profit,High Sales / High Profit
149,Menu Item 149,9,Beverages,9,Restaurant 009,Defence-9,6675,4573,2735587.24,1596526.5,1129782.78,409.73856767986007,409,239.18,1,Active,41.29946080608271,High Sales,Low Profit,High Sales / Low Profit
150,Menu Item 150,10,Salads,10,Restaurant 010,Korangi-10,5726,3856,3959063.46,2160648.84,1790655.4200000002,691.9345280082988,688,377.34,1,Active,45.22926793398761,High Sales,Low Profit,High Sales / Low Profit
