menu_item_id,item_name,category_id,category_name,restaurant_id,restaurant_name,city_area,units_sold,order_lines,revenue,estimated_cost,estimated_profit,average_selling_price,base_price,cost_price,is_available,item_status,profit_margin_percentage,sales_classification,profitability_classification,menu_business_classification,rating_count,average_rating,quantity_wasted,avg_unit_price,promo_dependency,weekend_order_share,unique_customers,order_line_count,wastage_ratio,business_class,contradictory_case,features:units,features:revenue,features:profit,features:margin,features:rating,features:wastage_ratio
1,Menu Item 001,1,Burgers,1,Restaurant 001,North-1,19699,13347,18221933.96,8433535.88,9743565.71,924.3937326740092,923,428.12,1,Active,53.47163331504028,High Sales,High Profit,High Sales / High Profit,1660,4.209638554216867,966,924.3937326740091,0.23361054918708324,0.3400764216677905,3787,3934,0.04674570529881442,Profit Driver,,19699,18221933.96,9743565.71,53.47163331504028,4.209638554216867,0.04674570529881442
2,Menu Item 002,2,Pizza,2,Restaurant 002,South-2,2817,1917,3842410.54,2316419.1,1521906.4900000002,1364.6457746478875,1364,822.3,1,Active,39.60811772080972,Low Sales,Low Profit,Low Sales / Low Profit,244,4.184426229508197,896,1364.6457746478875,0.1784037558685446,0.3474178403755869,1526,1549,0.24131430110422838,Low Performer,,2817,3842410.54,1521906.4900000002,39.60811772080972,4.184426229508197,0.24131430110422838
3,Menu Item 003,3,Biryani,3,Restaurant 003,East-3,2254,1538,864300.13,509313.84,353928.78,383.43125487646296,382,225.96,1,Seasonal,40.94975434054371,Low Sales,Low Profit,Low Sales / Low Profit,171,4.157894736842105,894,383.43125487646296,0.13654096228868662,0.37386215864759426,1278,1296,0.283989834815756,Low Performer,,2254,864300.13,353928.78,40.94975434054371,4.157894736842105,0.283989834815756
4,Menu Item 004,4,Rice,4,Restaurant 004,West-4,5875,3983,2163693.05,891120.0,1271247.72,368.7815164448908,367,151.68,1,Active,58.75360740286152,High Sales,Low Profit,High Sales / Low Profit,497,4.227364185110664,822,368.78151644489077,0.10067788099422546,0.3482299774039669,2492,2557,0.12274152605644319,Volume Driver,,5875,2163693.05,1271247.72,58.75360740286152,4.227364185110664,0.12274152605644319
5,Menu Item 005,5,BBQ,5,Restaurant 005,Central-5,1948,1333,3177430.4,1480889.08,1679215.19,1625.8526706676669,1622,760.21,1,Seasonal,52.84821313473932,Low Sales,Low Profit,Low Sales / Low Profit,179,4.173184357541899,866,1625.8526706676669,0.1312828207051763,0.3428357089272318,1137,1149,0.30774697938877044,Hidden Opportunity,,1948,3177430.4,1679215.19,52.84821313473932,4.173184357541899,0.30774697938877044
6,Menu Item 006,6,Pasta,6,Restaurant 006,Garden-6,13991,9442,10817110.34,4227380.649999999,6558624.670000001,773.1437587375556,771,302.15,1,Active,60.631947570574575,High Sales,High Profit,High Sales / High Profit,1167,4.179091688089118,958,773.1437587375556,0.16405422579961873,0.32090658758737556,3601,3727,0.06408455415077932,Profit Driver,,13991,10817110.34,6558624.670000001,60.631947570574575,4.179091688089118,0.06408455415077932
7,Menu Item 007,7,Sandwiches,7,Restaurant 007,Clifton-7,3514,2370,3521098.34,1678180.98,1840554.91,1002.0771308016876,998,477.57,1,Seasonal,52.27218135577549,Low Sales,High Profit,Low Sales / High Profit,311,4.202572347266881,826,1002.0771308016876,0.1518987341772152,0.34050632911392403,1785,1822,0.19032258064516128,Hidden Opportunity,High profit but heavy wastage,3514,3521098.34,1840554.91,52.27218135577549,4.202572347266881,0.19032258064516128
8,Menu Item 008,8,Desserts,8,Restaurant 008,Gulshan-8,5485,3710,2603058.61,1687844.2000000002,905662.0499999998,474.5531293800539,474,307.72,1,Active,34.79222659531281,Low Sales,Low Profit,Low Sales / Low Profit,514,4.157587548638133,893,474.5531293800539,0.15444743935309974,0.35094339622641507,2383,2438,0.14001254311696457,Low Performer,,5485,2603058.61,905662.0499999998,34.79222659531281,4.157587548638133,0.14001254311696457
9,Menu Item 009,9,Beverages,9,Restaurant 009,Defence-9,17936,12202,6685486.19,2517317.6,4161404.62,372.83021307982295,372,140.35,1,Active,62.24535511305872,High Sales,High Profit,High Sales / High Profit,1533,4.210045662100456,860,372.83021307982295,0.10244222258646124,0.3581380101622685,3713,3874,0.04575441583315599,Profit Driver,,17936,6685486.19,4161404.62,62.24535511305872,4.210045662100456,0.04575441583315599
10,Menu Item 010,10,Salads,10,Restaurant 010,Korangi-10,15248,10437,5534605.95,2185038.4000000004,3337562.21,363.2764635431637,362,143.3,1,Active,60.30352007264401,High Sales,High Profit,High Sales / High Profit,1253,4.20830007980846,861,363.27646354316374,0.14151576123407109,0.35057966848711314,3740,3887,0.05344838289155131,Profit Driver,,15248,5534605.95,3337562.21,60.30352007264401,4.20830007980846,0.05344838289155131
11,Menu Item 011,1,Burgers,11,Restaurant 011,North-11,8871,6053,10189641.65,4845695.04,5308219.75,1149.672238559392,1146,546.24,1,Active,52.09427310920203,High Sales,High Profit,High Sales / High Profit,766,4.225848563968668,802,1149.6722385593919,0.14835618701470346,0.3598215760779779,3093,3182,0.08291119611289155,Profit Driver,,8871,10189641.65,5308219.75,52.09427310920203,4.225848563968668,0.08291119611289155
12,Menu Item 012,2,Pizza,12,Restaurant 012,South-12,8370,5635,12414447.54,6554547.0,5836978.52,1483.0005199645077,1481,783.1,1,Seasonal,47.01762604572576,High Sales,High Profit,High Sales / High Profit,729,4.164609053497943,896,1483.0005199645075,0.14747116237799468,0.35013309671694764,3050,3136,0.09669760414418303,Profit Driver,,8370,12414447.54,5836978.52,47.01762604572576,4.164609053497943,0.09669760414418303
13,Menu Item 013,3,Biryani,13,Restaurant 013,East-13,13267,9017,8102745.46,5164577.76,2934800.0900000003,610.0204713319285,607,389.28,1,Active,36.21982332393298,High Sales,High Profit,High Sales / High Profit,1169,4.153977758768178,771,610.0204713319285,0.0836198292114894,0.35510702007319506,3571,3717,0.05492235361162559,Volume Driver,,13267,8102745.46,2934800.0900000003,36.21982332393298,4.153977758768178,0.05492235361162559
14,Menu Item 014,4,Rice,14,Restaurant 014,West-14,13713,9325,5730111.57,3170856.99,2554317.54,418.00360643431634,417,231.23,1,Active,44.577099569459165,High Sales,High Profit,High Sales / High Profit,1132,4.219964664310954,889,418.00360643431634,0.05769436997319035,0.33962466487935655,3523,3656,0.060882070949185046,Volume Driver,,13713,5730111.57,2554317.54,44.577099569459165,4.219964664310954,0.060882070949185046
15,Menu Item 015,5,BBQ,15,Restaurant 015,Central-15,2611,1783,3391263.59,1297588.6700000002,2053731.46,1297.431592821088,1296,496.97,1,Seasonal,60.55947600345628,Low Sales,High Profit,Low Sales / High Profit,208,4.216346153846154,976,1297.4315928210879,0.19798093101514302,0.33370723499719573,1453,1479,0.2720936715918595,Hidden Opportunity,High profit but heavy wastage,2611,3391263.59,2053731.46,60.55947600345628,4.216346153846154,0.2720936715918595
16,Menu Item 016,6,Pasta,16,Restaurant 016,Garden-16,7523,5126,7285426.47,2545331.82,4728185.850000001,968.5983827545843,964,338.34,1,Active,64.8992323163204,High Sales,High Profit,High Sales / High Profit,627,4.239234449760765,796,968.5983827545843,0.09715177526336324,0.3294966835739368,2906,2988,0.095684577473254,Profit Driver,,7523,7285426.47,4728185.850000001,64.8992323163204,4.239234449760765,0.095684577473254
17,Menu Item 017,7,Sandwiches,17,Restaurant 017,Clifton-17,19130,13100,11160779.33,5592464.199999999,5550944.96,583.4742312977099,582,292.34,1,Active,49.73617698075211,High Sales,High Profit,High Sales / High Profit,1589,4.206419131529263,820,583.4742312977099,0.23786259541984733,0.35045801526717557,3805,3926,0.04110275689223058,Profit Driver,,19130,11160779.33,5550944.96,49.73617698075211,4.206419131529263,0.04110275689223058
18,Menu Item 018,8,Desserts,18,Restaurant 018,Gulshan-18,2760,1873,1540800.57,922916.4,615152.78,557.6364815803523,555,334.39,1,Active,39.9242310768356,Low Sales,Low Profit,Low Sales / Low Profit,228,4.114035087719298,988,557.6364815803523,0.15056059797116925,0.34223171382808326,1482,1509,0.26360725720384204,Low Performer,,2760,1540800.57,615152.78,39.9242310768356,4.114035087719298,0.26360725720384204
19,Menu Item 019,9,Beverages,19,Restaurant 019,Defence-19,7957,5455,2483236.04,1432180.4300000002,1050127.92,311.8507534372136,311,179.99,1,Active,42.288687143893085,High Sales,Low Profit,High Sales / Low Profit,682,4.212609970674487,885,311.8507534372136,0.05774518790100825,0.3510540788267644,2952,3044,0.10009047726758652,Volume Driver,,7957,2483236.04,1050127.92,42.288687143893085,4.212609970674487,0.10009047726758652
20,Menu Item 020,10,Salads,20,Restaurant 020,Korangi-20,2875,1959,1675088.88,829466.25,813847.06,582.653797856049,581,288.51,1,Active,48.58530611223448,Low Sales,Low Profit,Low Sales / Low Profit,232,4.198275862068965,823,582.653797856049,0.21388463501786625,0.3266972945380296,1547,1573,0.22255273120605734,Hidden Opportunity,,2875,1675088.88,813847.06,48.58530611223448,4.198275862068965,0.22255273120605734
21,Menu Item 021,1,Burgers,1,Restaurant 001,North-1,11667,8025,8937386.74,3760040.76,5159408.45,765.6707115264797,764,322.28,1,Active,57.7283785528565,High Sales,High Profit,High Sales / High Profit,1046,4.2122370936902485,945,765.6707115264797,0.23551401869158878,0.34105919003115265,3455,3585,0.07492863939105614,Profit Driver,,11667,8937386.74,5159408.45,57.7283785528565,4.2122370936902485,0.07492863939105614
22,Menu Item 022,2,Pizza,2,Restaurant 002,South-2,23073,15647,19898246.4,7463423.31,12370814.0,862.6165590848086,861,323.47,1,Seasonal,62.170372963117,High Sales,High Profit,High Sales / High Profit,1997,4.198798197295944,850,862.6165590848086,0.18054579152553205,0.34683964977311943,3909,4059,0.035530660870292184,Profit Driver,,23073,19898246.4,12370814.0,62.170372963117,4.198798197295944,0.035530660870292184
23,Menu Item 023,3,Biryani,3,Restaurant 003,East-3,2217,1523,933783.4,599099.91,332398.44999999995,422.01483256730137,420,270.23,1,Active,35.59695428297397,Low Sales,Low Profit,Low Sales / Low Profit,193,4.22279792746114,891,422.01483256730137,0.1319763624425476,0.36441234405778067,1255,1270,0.28667953667953666,Low Performer,,2217,933783.4,332398.44999999995,35.59695428297397,4.22279792746114,0.28667953667953666
24,Menu Item 024,4,Rice,4,Restaurant 004,West-4,5813,3944,4574218.91,2897024.81,1673814.17,787.1895588235294,786,498.37,1,Active,36.5923494903308,High Sales,Low Profit,High Sales / Low Profit,464,4.215517241379311,869,787.1895588235294,0.09964503042596348,0.3567444219066937,2502,2568,0.13005088296917092,Volume Driver,,5813,4574218.91,1673814.17,36.5923494903308,4.215517241379311,0.13005088296917092
25,Menu Item 025,5,BBQ,5,Restaurant 005,Central-5,1771,1218,2970672.31,1820074.41,1149179.91,1677.239039408867,1680,1027.71,1,Seasonal,38.684169443111685,Low Sales,Low Profit,Low Sales / Low Profit,142,4.105633802816901,941,1677.239039408867,0.1297208538587849,0.3078817733990148,1057,1069,0.346976401179941,Low Performer,,1771,2970672.31,1149179.91,38.684169443111685,4.105633802816901,0.346976401179941
26,Menu Item 026,6,Pasta,6,Restaurant 006,Garden-6,14016,9401,14805239.05,8501544.959999999,6279790.98,1055.7717402404,1052,606.56,1,Active,42.41600529915118,High Sales,High Profit,High Sales / High Profit,1186,4.197301854974705,930,1055.7717402404,0.15945112222104033,0.3277310924369748,3594,3722,0.06222400642312324,Volume Driver,,14016,14805239.05,6279790.98,42.41600529915118,4.197301854974705,0.06222400642312324
27,Menu Item 027,7,Sandwiches,7,Restaurant 007,Clifton-7,6782,4677,4917012.77,2290349.22,2565136.2,724.3318751336327,719,337.71,1,Active,52.16858934454223,High Sales,High Profit,High Sales / High Profit,545,4.225688073394496,874,724.3318751336327,0.1496685909771221,0.35663887107119946,2789,2872,0.11415882967607105,Profit Driver,,6782,4917012.77,2565136.2,52.16858934454223,4.225688073394496,0.11415882967607105
28,Menu Item 028,8,Desserts,8,Restaurant 008,Gulshan-8,1812,1216,1411967.85,685225.92,726196.07,779.0755674342105,779,378.16,1,Active,51.43148762204465,Low Sales,Low Profit,Low Sales / Low Profit,147,4.299319727891157,844,779.0755674342105,0.15213815789473684,0.36348684210526316,1059,1065,0.3177710843373494,Hidden Opportunity,,1812,1411967.85,726196.07,51.43148762204465,4.299319727891157,0.3177710843373494
29,Menu Item 029,9,Beverages,9,Restaurant 009,Defence-9,6624,4515,1009827.75,454538.88,554444.08,152.55190254706534,152,68.62,1,Active,54.90481718293046,High Sales,Low Profit,High Sales / Low Profit,580,4.289655172413793,803,152.55190254706534,0.0912513842746401,0.35725359911406424,2690,2757,0.10811902517840312,Volume Driver,,6624,1009827.75,554444.08,54.90481718293046,4.289655172413793,0.10811902517840312
30,Menu Item 030,10,Salads,10,Restaurant 010,Korangi-10,1857,1274,883421.62,310620.39,555579.8099999999,475.66882260596543,475,167.27,1,Active,62.889541915444624,Low Sales,Low Profit,Low Sales / Low Profit,153,4.209150326797386,983,475.66882260596543,0.14835164835164835,0.3226059654631083,1108,1115,0.34612676056338026,Hidden Opportunity,,1857,883421.62,555579.8099999999,62.889541915444624,4.209150326797386,0.34612676056338026
31,Menu Item 031,1,Burgers,11,Restaurant 011,North-11,4433,3008,2304148.51,1430174.46,866998.44,520.3422672872341,519,322.62,1,Active,37.627715237851575,Low Sales,Low Profit,Low Sales / Low Profit,340,4.197058823529412,865,520.3422672872341,0.1589095744680851,0.3480718085106383,2082,2140,0.16326915817289545,Low Performer,,4433,2304148.51,866998.44,37.627715237851575,4.197058823529412,0.16326915817289545
32,Menu Item 032,2,Pizza,12,Restaurant 012,South-12,2852,1939,4993445.23,2105631.6,2818911.4000000004,1751.251227436823,1752,738.3,1,Seasonal,56.45223428234137,Low Sales,High Profit,Low Sales / High Profit,228,4.276315789473684,960,1751.251227436823,0.13976276431150078,0.36513666838576586,1527,1564,0.2518363064008394,Hidden Opportunity,High profit but heavy wastage,2852,4993445.23,2818911.4000000004,56.45223428234137,4.276315789473684,0.2518363064008394
33,Menu Item 033,3,Biryani,13,Restaurant 013,East-13,2745,1830,2492704.8,964867.5,1517381.79,906.517825136612,902,351.5,1,Seasonal,60.87290360254451,Low Sales,Low Profit,Low Sales / Low Profit,211,4.23696682464455,920,906.517825136612,0.0825136612021858,0.326775956284153,1450,1475,0.25102319236016374,Hidden Opportunity,,2745,2492704.8,1517381.79,60.87290360254451,4.23696682464455,0.25102319236016374
34,Menu Item 034,4,Rice,14,Restaurant 014,West-14,1687,1170,1320875.83,783307.84,537172.36,782.5881367521367,784,464.32,1,Active,40.66789230294266,Low Sales,Low Profit,Low Sales / Low Profit,160,4.21875,882,782.5881367521367,0.05042735042735043,0.3299145299145299,1016,1025,0.34332425068119893,Low Performer,,1687,1320875.83,537172.36,40.66789230294266,4.21875,0.34332425068119893
35,Menu Item 035,5,BBQ,15,Restaurant 015,Central-15,5295,3574,4232815.68,2314232.7,1893331.2,798.7567963066592,798,437.06,1,Active,44.72982863265145,Low Sales,High Profit,Low Sales / High Profit,460,4.267391304347826,876,798.7567963066592,0.19921656407386681,0.3354784555120313,2358,2402,0.14195430238210988,Low Performer,,5295,4232815.68,1893331.2,44.72982863265145,4.267391304347826,0.14195430238210988
36,Menu Item 036,6,Pasta,16,Restaurant 016,Garden-16,12362,8423,11419130.12,5574025.8,5829743.46,923.4363564050813,920,450.9,1,Active,51.05243042803684,High Sales,High Profit,High Sales / High Profit,1081,4.222941720629048,809,923.4363564050813,0.09438442360204202,0.34310815623886975,3525,3647,0.06142282286842305,Profit Driver,,12362,11419130.12,5829743.46,51.05243042803684,4.222941720629048,0.06142282286842305
37,Menu Item 037,7,Sandwiches,17,Restaurant 017,Clifton-17,2377,1620,2539894.82,1639583.29,896291.01,1068.7141049382717,1069,689.77,1,Active,35.288508915499115,Low Sales,Low Profit,Low Sales / Low Profit,213,4.225352112676056,854,1068.7141049382717,0.2419753086419753,0.3506172839506173,1348,1365,0.2643144537294955,Low Performer,,2377,2539894.82,896291.01,35.288508915499115,4.225352112676056,0.2643144537294955
38,Menu Item 038,8,Desserts,18,Restaurant 018,Gulshan-18,2854,1938,1889671.43,1074017.28,793024.5,662.0293808049536,662,376.32,1,Active,41.96626394462661,Low Sales,Low Profit,Low Sales / Low Profit,229,4.301310043668122,793,662.0293808049536,0.1609907120743034,0.35810113519091846,1558,1578,0.21743899095146696,Low Performer,,2854,1889671.43,793024.5,41.96626394462661,4.301310043668122,0.21743899095146696
39,Menu Item 039,9,Beverages,19,Restaurant 019,Defence-19,2763,1853,604554.04,245188.62,357198.49,218.6475283324339,218,88.74,1,Seasonal,59.08462542074816,Low Sales,Low Profit,Low Sales / Low Profit,237,4.206751054852321,822,218.6475283324339,0.05450620615218565,0.34970318402590395,1481,1506,0.2292887029288703,Hidden Opportunity,,2763,604554.04,357198.49,59.08462542074816,4.206751054852321,0.2292887029288703
40,Menu Item 040,10,Salads,20,Restaurant 020,Korangi-20,2899,1983,1981555.62,800819.76,1174611.15,683.326540595058,682,276.24,1,Seasonal,59.27722331609343,Low Sales,Low Profit,Low Sales / Low Profit,237,4.1265822784810124,730,683.326540595058,0.18709026727181038,0.35047907211296014,1594,1615,0.20115734362083218,Hidden Opportunity,,2899,1981555.62,1174611.15,59.27722331609343,4.1265822784810124,0.20115734362083218
41,Menu Item 041,1,Burgers,1,Restaurant 001,North-1,3816,2560,2017812.18,971210.16,1038565.03,528.8810546875,527,254.51,1,Active,51.469856327262335,Low Sales,Low Profit,Low Sales / Low Profit,308,4.23051948051948,804,528.8810546875,0.220703125,0.36328125,1900,1936,0.17402597402597403,Hidden Opportunity,,3816,2017812.18,1038565.03,51.469856327262335,4.23051948051948,0.17402597402597403
42,Menu Item 042,2,Pizza,2,Restaurant 002,South-2,2916,1967,2152949.47,1363842.36,773256.6200000001,735.1154194204372,730,467.71,1,Active,35.916152737202886,Low Sales,Low Profit,Low Sales / Low Profit,253,4.233201581027668,770,735.1154194204372,0.1759023894255211,0.3416370106761566,1585,1611,0.20889853499728703,Low Performer,,2916,2152949.47,773256.6200000001,35.916152737202886,4.233201581027668,0.20889853499728703
43,Menu Item 043,3,Biryani,3,Restaurant 003,East-3,17989,12208,13803130.62,6830423.3,6958730.12,767.4844339777196,766,379.7,1,Active,50.41414380240068,High Sales,High Profit,High Sales / High Profit,1540,4.221428571428572,854,767.4844339777196,0.1414646133682831,0.34665792922673655,3724,3862,0.04532187019052168,Profit Driver,,17989,13803130.62,6958730.12,50.41414380240068,4.221428571428572,0.04532187019052168
44,Menu Item 044,4,Rice,4,Restaurant 004,West-4,11634,7960,8302702.38,5127336.48,3166456.64,712.9293103015075,710,440.72,1,Active,38.13766283647036,High Sales,High Profit,High Sales / High Profit,1015,4.226600985221675,695,712.9293103015075,0.10301507537688442,0.3501256281407035,3401,3510,0.05637115743369292,Volume Driver,,11634,8302702.38,3166456.64,38.13766283647036,4.226600985221675,0.05637115743369292
45,Menu Item 045,5,BBQ,5,Restaurant 005,Central-5,14733,10012,8921859.7,5744986.02,3167476.8000000003,605.9561526168598,604,389.94,1,Active,35.50242781782369,High Sales,High Profit,High Sales / High Profit,1216,4.1899671052631575,897,605.9561526168598,0.14342788653615662,0.33080303635637237,3572,3710,0.057389635316698655,Volume Driver,,14733,8921859.7,3167476.8000000003,35.50242781782369,4.1899671052631575,0.057389635316698655
46,Menu Item 046,6,Pasta,6,Restaurant 006,Garden-6,14280,9639,18646401.13,9052234.8,9537982.16,1305.9977632534494,1303,633.91,1,Seasonal,51.15186621537623,High Sales,High Profit,High Sales / High Profit,1189,4.222876366694702,775,1305.9977632534494,0.16910467890860048,0.3265898952173462,3588,3725,0.05147791431418133,Profit Driver,,14280,18646401.13,9537982.16,51.15186621537623,4.222876366694702,0.05147791431418133
47,Menu Item 047,7,Sandwiches,7,Restaurant 007,Clifton-7,3591,2418,3485658.68,1908831.96,1569476.61,970.3764640198513,969,531.56,1,Seasonal,45.026686606044855,Low Sales,Low Profit,Low Sales / Low Profit,293,4.255972696245734,853,970.3764640198511,0.15922249793217536,0.37262200165425974,1821,1859,0.19194419441944194,Low Performer,,3591,3485658.68,1569476.61,45.026686606044855,4.255972696245734,0.19194419441944194
48,Menu Item 048,8,Desserts,8,Restaurant 008,Gulshan-8,5651,3850,2513198.52,1101492.92,1407477.1,444.9642337662338,444,194.92,1,Active,56.00341910116994,Low Sales,Low Profit,Low Sales / Low Profit,503,4.232604373757456,918,444.9642337662338,0.17506493506493506,0.33584415584415583,2444,2504,0.13974729791444665,Hidden Opportunity,,5651,2513198.52,1407477.1,56.00341910116994,4.232604373757456,0.13974729791444665
49,Menu Item 049,9,Beverages,9,Restaurant 009,Defence-9,2380,1618,1186982.64,605186.4,579401.82,498.0992521631644,496,254.28,1,Active,48.81299864671989,Low Sales,Low Profit,Low Sales / Low Profit,187,4.219251336898396,861,498.0992521631644,0.10074165636588381,0.3683559950556242,1322,1345,0.265658747300216,Hidden Opportunity,,2380,1186982.64,579401.82,48.81299864671989,4.219251336898396,0.265658747300216
50,Menu Item 050,10,Salads,10,Restaurant 010,Korangi-10,1827,1239,549407.4,288848.7,258235.19,300.74923325262307,301,158.1,1,Active,47.00249577999859,Low Sales,Low Profit,Low Sales / Low Profit,170,4.129411764705883,881,300.74923325262307,0.1275221953188055,0.3704600484261501,1060,1072,0.32533234859675036,Hidden Opportunity,,1827,549407.4,258235.19,47.00249577999859,4.129411764705883,0.32533234859675036
51,Menu Item 051,1,Burgers,11,Restaurant 011,North-11,4342,2969,4217318.17,1575321.02,2606745.56,971.7290872347592,970,362.81,1,Active,61.810502668334365,Low Sales,High Profit,Low Sales / High Profit,382,4.2591623036649215,821,971.7290872347593,0.1572920175143146,0.3563489390367127,2089,2131,0.1590160759248499,Hidden Opportunity,High profit but heavy wastage,4342,4217318.17,2606745.56,61.810502668334365,4.2591623036649215,0.1590160759248499
52,Menu Item 052,2,Pizza,12,Restaurant 012,South-12,5531,3766,4653321.61,2564171.6,2061881.81,842.1217392458843,839,463.6,1,Active,44.30989264892008,Low Sales,High Profit,Low Sales / High Profit,501,4.19560878243513,836,842.1217392458843,0.15586829527349974,0.34811471056824217,2442,2504,0.13130202607193342,Low Performer,,5531,4653321.61,2061881.81,44.30989264892008,4.19560878243513,0.13130202607193342
53,Menu Item 053,3,Biryani,13,Restaurant 013,East-13,7995,5447,3789488.59,2386747.35,1401282.89,473.9259794382229,472,298.53,1,Active,36.97815303357333,High Sales,Low Profit,High Sales / Low Profit,667,4.152923538230884,832,473.9259794382229,0.07729025151459519,0.3607490361666973,2984,3083,0.09425625920471281,Volume Driver,,7995,3789488.59,1401282.89,36.97815303357333,4.152923538230884,0.09425625920471281
54,Menu Item 054,4,Rice,14,Restaurant 014,West-14,8546,5797,2923695.52,1556910.28,1361187.95,342.39939451440404,340,182.18,1,Seasonal,46.55710352492519,High Sales,Low Profit,High Sales / Low Profit,680,4.170588235294118,790,342.39939451440404,0.05658099016732793,0.3377609108159393,3005,3110,0.08461868037703513,Volume Driver,,8546,2923695.52,1361187.95,46.55710352492519,4.170588235294118,0.08461868037703513
55,Menu Item 055,5,BBQ,15,Restaurant 015,Central-15,2490,1698,4491614.62,2322223.8,2161049.12,1804.665477031802,1795,932.62,1,Active,48.11296833832107,Low Sales,High Profit,Low Sales / High Profit,196,4.290816326530612,831,1804.665477031802,0.19846878680800942,0.3374558303886926,1405,1419,0.25022583559168926,Hidden Opportunity,High profit but heavy wastage,2490,4491614.62,2161049.12,48.11296833832107,4.290816326530612,0.25022583559168926
56,Menu Item 056,6,Pasta,16,Restaurant 016,Garden-16,2498,1724,1785162.38,975718.8,807567.95,714.2183700696055,709,390.6,1,Active,45.23778671607454,Low Sales,Low Profit,Low Sales / Low Profit,206,4.237864077669903,919,714.2183700696055,0.095707656612529,0.3375870069605568,1421,1433,0.26894937079309333,Low Performer,,2498,1785162.38,807567.95,45.23778671607454,4.237864077669903,0.26894937079309333
57,Menu Item 057,7,Sandwiches,17,Restaurant 017,Clifton-17,4625,3174,3120407.76,1454655.0,1653851.58,672.8048771266541,671,314.52,1,Active,53.0011366206832,Low Sales,Low Profit,Low Sales / Low Profit,363,4.15426997245179,833,672.8048771266541,0.22400756143667297,0.33175803402646503,2205,2244,0.15262000732869183,Hidden Opportunity,,4625,3120407.76,1653851.58,53.0011366206832,4.15426997245179,0.15262000732869183
58,Menu Item 058,8,Desserts,18,Restaurant 018,Gulshan-18,2749,1875,1578589.09,990327.25,586073.5,574.4700266666667,573,360.25,1,Active,37.126412675258,Low Sales,Low Profit,Low Sales / Low Profit,228,4.184210526315789,777,574.4700266666667,0.1504,0.35146666666666665,1506,1526,0.22036301758366422,Low Performer,,2749,1578589.09,586073.5,37.126412675258,4.184210526315789,0.22036301758366422
59,Menu Item 059,9,Beverages,19,Restaurant 019,Defence-19,2608,1761,923754.76,495180.96,425486.87,354.1865758091993,354,189.87,1,Active,46.06058755247984,Low Sales,Low Profit,Low Sales / Low Profit,246,4.276422764227642,935,354.1865758091993,0.06076093128904032,0.34980124929017603,1416,1444,0.26390064916737227,Low Performer,,2608,923754.76,425486.87,46.06058755247984,4.276422764227642,0.26390064916737227
60,Menu Item 060,10,Salads,20,Restaurant 020,Korangi-20,2831,1968,2266313.76,937513.96,1303822.84,800.9326981707318,800,331.16,1,Active,57.53055305104797,Low Sales,Low Profit,Low Sales / Low Profit,219,4.269406392694064,917,800.9326981707318,0.19613821138211382,0.3353658536585366,1563,1584,0.24466382070437567,Hidden Opportunity,,2831,2266313.76,1303822.84,57.53055305104797,4.269406392694064,0.24466382070437567
61,Menu Item 061,1,Burgers,1,Restaurant 001,North-1,3903,2650,3161718.22,1934756.13,1219093.85,810.9237735849057,807,495.71,1,Active,38.557953782484766,Low Sales,Low Profit,Low Sales / Low Profit,343,4.206997084548105,915,810.9237735849057,0.2339622641509434,0.3350943396226415,1968,2007,0.18991282689912828,Low Performer,,3903,3161718.22,1219093.85,38.557953782484766,4.206997084548105,0.18991282689912828
62,Menu Item 062,2,Pizza,2,Restaurant 002,South-2,8614,5854,11088742.78,4391158.78,6683260.51,1287.2154099760846,1283,509.77,1,Active,60.27067849435678,High Sales,High Profit,High Sales / High Profit,756,4.194444444444445,871,1287.2154099760846,0.17031089853091902,0.3382302699009224,3118,3214,0.09182920400632577,Profit Driver,,8614,11088742.78,6683260.51,60.27067849435678,4.194444444444445,0.09182920400632577
63,Menu Item 063,3,Biryani,3,Restaurant 003,East-3,11189,7579,10021654.5,3512674.66,6469102.53,894.1494867396755,891,313.94,1,Active,64.55124281125437,High Sales,High Profit,High Sales / High Profit,955,4.255497382198953,826,894.1494867396755,0.1374851563530809,0.3480670273123103,3373,3492,0.06874739908447773,Profit Driver,,11189,10021654.5,6469102.53,64.55124281125437,4.255497382198953,0.06874739908447773
64,Menu Item 064,4,Rice,4,Restaurant 004,West-4,5680,3883,2316534.06,1456692.7999999998,858117.3800000001,407.80363121297967,406,256.46,1,Active,37.04315834665518,High Sales,Low Profit,High Sales / Low Profit,474,4.156118143459915,871,407.80363121297967,0.10198300283286119,0.3515323203708473,2473,2534,0.13295680048847505,Volume Driver,,5680,2316534.06,858117.3800000001,37.04315834665518,4.156118143459915,0.13295680048847505
65,Menu Item 065,5,BBQ,5,Restaurant 005,Central-5,1827,1241,1531891.35,942256.98,587903.79,838.9801611603546,836,515.74,1,Active,38.37764277473073,Low Sales,Low Profit,Low Sales / Low Profit,157,4.076433121019108,847,838.9801611603546,0.1506849315068493,0.32473811442385175,1066,1074,0.31675392670157065,Low Performer,,1827,1531891.35,587903.79,38.37764277473073,4.076433121019108,0.31675392670157065
66,Menu Item 066,6,Pasta,6,Restaurant 006,Garden-6,2895,1969,2288172.59,1212368.1,1067248.35,790.4150076180802,788,418.78,1,Active,46.64195151468012,Low Sales,Low Profit,Low Sales / Low Profit,269,4.107806691449814,866,790.4150076180802,0.15286947689182326,0.33214829862874556,1517,1543,0.2302579101302845,Low Performer,,2895,2288172.59,1067248.35,46.64195151468012,4.107806691449814,0.2302579101302845
67,Menu Item 067,7,Sandwiches,7,Restaurant 007,Clifton-7,3601,2457,3778174.35,2288651.56,1469666.4600000002,1049.2125844525845,1049,635.56,1,Seasonal,38.89885229886229,Low Sales,Low Profit,Low Sales / Low Profit,316,4.231012658227848,835,1049.2125844525845,0.14896214896214896,0.3492063492063492,1859,1891,0.1882326420198377,Low Performer,,3601,3778174.35,1469666.4600000002,38.89885229886229,4.231012658227848,0.1882326420198377
68,Menu Item 068,8,Desserts,8,Restaurant 008,Gulshan-8,14987,10125,4540364.96,1709417.22,2825473.79,302.9422241975309,302,114.06,1,Seasonal,62.23010297392481,High Sales,High Profit,High Sales / High Profit,1217,4.1725554642563685,839,302.9422241975309,0.16434567901234567,0.34330864197530864,3569,3711,0.05301402754960192,Profit Driver,,14987,4540364.96,2825473.79,62.23010297392481,4.1725554642563685,0.05301402754960192
69,Menu Item 069,9,Beverages,9,Restaurant 009,Defence-9,17679,11976,4638816.01,1675969.2,2958580.79,262.61474866399465,261,94.8,1,Active,63.77879147657767,High Sales,High Profit,High Sales / High Profit,1505,4.226578073089701,785,262.61474866399465,0.10178690714762859,0.3525384101536406,3679,3840,0.04251516464471404,Profit Driver,,17679,4638816.01,2958580.79,63.77879147657767,4.226578073089701,0.04251516464471404
70,Menu Item 070,10,Salads,10,Restaurant 010,Korangi-10,1885,1284,725645.55,390666.25,331758.14,384.5692445482866,383,207.25,1,Active,45.7190345892702,Low Sales,Low Profit,Low Sales / Low Profit,138,4.311594202898551,860,384.5692445482866,0.13239875389408098,0.36682242990654207,1092,1101,0.3132969034608379,Low Performer,,1885,725645.55,331758.14,45.7190345892702,4.311594202898551,0.3132969034608379
71,Menu Item 071,1,Burgers,11,Restaurant 011,North-11,13359,9141,12131462.02,6211667.82,5876694.649999999,907.7400984574992,902,464.98,1,Seasonal,48.44176769717983,High Sales,High Profit,High Sales / High Profit,1108,4.231949458483754,783,907.7400984574992,0.15501586259709002,0.3448200415709441,3513,3644,0.05536699193890539,Profit Driver,,13359,12131462.02,5876694.649999999,48.44176769717983,4.231949458483754,0.05536699193890539
72,Menu Item 072,2,Pizza,12,Restaurant 012,South-12,8523,5817,6148898.29,2350472.94,3785877.91,721.6374179130137,719,275.78,1,Active,61.57002004988442,High Sales,High Profit,High Sales / High Profit,710,4.24225352112676,846,721.6374179130137,0.14956162970603404,0.34106927969743855,3065,3159,0.09029779058597502,Profit Driver,,8523,6148898.29,3785877.91,61.57002004988442,4.24225352112676,0.09029779058597502
73,Menu Item 073,3,Biryani,13,Restaurant 013,East-13,5458,3695,2108981.91,1264891.5,843084.72,386.4873396481732,386,231.75,1,Active,39.97591046193468,Low Sales,Low Profit,Low Sales / Low Profit,486,4.255144032921811,800,386.4873396481732,0.08660351826792964,0.34884979702300406,2415,2480,0.1278363694471077,Low Performer,,5458,2108981.91,843084.72,39.97591046193468,4.255144032921811,0.1278363694471077
74,Menu Item 074,4,Rice,14,Restaurant 014,West-14,13322,9080,5762132.18,2076899.8,3679094.53,432.0313832599119,430,155.9,1,Active,63.84953373284124,High Sales,High Profit,High Sales / High Profit,1120,4.197321428571429,945,432.0313832599119,0.05892070484581498,0.3406387665198238,3495,3633,0.06623677016892128,Profit Driver,,13322,5762132.18,3679094.53,63.84953373284124,4.197321428571429,0.06623677016892128
75,Menu Item 075,5,BBQ,15,Restaurant 015,Central-15,12890,8748,8818172.57,5439580.0,3365234.86,684.1012094192959,681,422.0,1,Active,38.16249719866845,High Sales,High Profit,High Sales / High Profit,1112,4.244604316546763,732,684.1012094192959,0.19158664837677183,0.3347050754458162,3550,3678,0.05373660255469094,Volume Driver,,12890,8818172.57,3365234.86,38.16249719866845,4.244604316546763,0.05373660255469094
76,Menu Item 076,6,Pasta,16,Restaurant 016,Garden-16,19474,13364,14722836.76,8087746.94,6619664.77,756.1595240945825,755,415.31,1,Active,44.96188389444589,High Sales,High Profit,High Sales / High Profit,1645,4.224924012158055,827,756.1595240945825,0.0919634839868303,0.3439090092786591,3815,3962,0.040736909511846706,Volume Driver,,19474,14722836.76,6619664.77,44.96188389444589,4.224924012158055,0.040736909511846706
77,Menu Item 077,7,Sandwiches,17,Restaurant 017,Clifton-17,6773,4639,6610554.12,4054520.99,2539429.74,976.5477064022418,973,598.63,1,Seasonal,38.414778759878,High Sales,High Profit,High Sales / High Profit,584,4.25513698630137,834,976.5477064022418,0.2388445785729683,0.3436085363224833,2780,2837,0.10963586170632313,Volume Driver,,6773,6610554.12,2539429.74,38.414778759878,4.25513698630137,0.10963586170632313
78,Menu Item 078,8,Desserts,18,Restaurant 018,Gulshan-18,21565,14748,8817191.56,5523012.15,3285820.36,408.7243714401953,408,256.11,1,Active,37.26606525037321,High Sales,High Profit,High Sales / High Profit,1871,4.154997327632282,923,408.7243714401953,0.15290208841876865,0.3462842419311093,3878,4025,0.041044112415510495,Volume Driver,,21565,8817191.56,3285820.36,37.26606525037321,4.154997327632282,0.041044112415510495
79,Menu Item 079,9,Beverages,19,Restaurant 019,Defence-19,5273,3543,1073068.69,688126.5,384565.6,203.59848715777588,203,130.5,1,Active,35.83792944326798,Low Sales,Low Profit,Low Sales / Low Profit,417,4.179856115107913,904,203.59848715777588,0.05729607677109794,0.3386960203217612,2362,2410,0.14634936053100212,Low Performer,,5273,1073068.69,384565.6,35.83792944326798,4.179856115107913,0.14634936053100212
80,Menu Item 080,10,Salads,20,Restaurant 020,Korangi-20,22444,15314,6194706.73,2492406.2,3684926.93,275.981605720256,275,111.05,1,Active,59.48509091083315,High Sales,High Profit,High Sales / High Profit,1875,4.218666666666667,885,275.98160572025597,0.2092856210003918,0.3481781376518219,3857,4017,0.037935616614514125,Profit Driver,,22444,6194706.73,3684926.93,59.48509091083315,4.218666666666667,0.037935616614514125
81,Menu Item 081,1,Burgers,1,Restaurant 001,North-1,3935,2666,3439451.04,2024439.45,1392191.16,875.0408589647412,871,514.47,1,Active,40.47713265312245,Low Sales,Low Profit,Low Sales / Low Profit,346,4.141618497109826,893,875.0408589647412,0.23068267066766693,0.35671417854463616,1934,1974,0.18496271748135873,Low Performer,,3935,3439451.04,1392191.16,40.47713265312245,4.141618497109826,0.18496271748135873
82,Menu Item 082,2,Pizza,2,Restaurant 002,South-2,5666,3858,5815068.03,3407815.7,2400036.94,1026.4532296526695,1026,601.45,1,Active,41.27272333905954,High Sales,High Profit,High Sales / High Profit,461,4.184381778741866,751,1026.4532296526697,0.17236910316226023,0.3310005184033178,2498,2561,0.11703288140875799,Volume Driver,,5666,5815068.03,2400036.94,41.27272333905954,4.184381778741866,0.11703288140875799
83,Menu Item 083,3,Biryani,3,Restaurant 003,East-3,2319,1541,900884.04,548095.65,350155.03,388.3911031797534,389,236.35,1,Active,38.86793576673864,Low Sales,Low Profit,Low Sales / Low Profit,209,4.133971291866029,759,388.3911031797534,0.1336794289422453,0.36080467229072033,1277,1293,0.246588693957115,Low Performer,,2319,900884.04,350155.03,38.86793576673864,4.133971291866029,0.246588693957115
84,Menu Item 084,4,Rice,4,Restaurant 004,West-4,5795,3949,4476357.99,2032480.35,2441195.99,773.1454165611548,771,350.73,1,Active,54.53531633201659,High Sales,High Profit,High Sales / High Profit,521,4.197696737044146,849,773.1454165611548,0.10129146619397315,0.343378070397569,2491,2551,0.1277844671884407,Profit Driver,,5795,4476357.99,2441195.99,54.53531633201659,4.197696737044146,0.1277844671884407
85,Menu Item 085,5,BBQ,5,Restaurant 005,Central-5,1945,1323,1261400.34,690688.9500000001,557242.14,648.3252380952381,648,355.11,1,Seasonal,44.17646977961017,Low Sales,Low Profit,Low Sales / Low Profit,145,4.193103448275863,870,648.3252380952381,0.14058956916099774,0.3348450491307634,1151,1167,0.30905861456483125,Low Performer,,1945,1261400.34,557242.14,44.17646977961017,4.193103448275863,0.30905861456483125
86,Menu Item 086,6,Pasta,6,Restaurant 006,Garden-6,2747,1859,2161008.44,1313917.57,843432.1799999999,787.6735341581496,785,478.31,1,Active,39.02956436394112,Low Sales,Low Profit,Low Sales / Low Profit,223,4.278026905829597,871,787.6735341581496,0.164066702528241,0.31199569661108123,1497,1519,0.24074074074074073,Low Performer,,2747,2161008.44,843432.1799999999,39.02956436394112,4.278026905829597,0.24074074074074073
87,Menu Item 087,7,Sandwiches,7,Restaurant 007,Clifton-7,3601,2412,3815298.7,1912058.98,1890314.67,1059.381824212272,1056,530.98,1,Active,49.54565339798951,Low Sales,High Profit,Low Sales / High Profit,307,4.299674267100977,870,1059.381824212272,0.14262023217247097,0.3615257048092869,1796,1821,0.19458734063967792,Hidden Opportunity,High profit but heavy wastage,3601,3815298.7,1890314.67,49.54565339798951,4.299674267100977,0.19458734063967792
88,Menu Item 088,8,Desserts,8,Restaurant 008,Gulshan-8,1856,1259,686339.28,418769.28,262216.47000000003,370.6542891183479,368,225.63,1,Active,38.20507985496619,Low Sales,Low Profit,Low Sales / Low Profit,152,4.125,749,370.6542891183479,0.1691818903891978,0.3375694996028594,1093,1101,0.2875239923224568,Low Performer,,1856,686339.28,262216.47000000003,38.20507985496619,4.125,0.2875239923224568
89,Menu Item 089,9,Beverages,9,Restaurant 009,Defence-9,2278,1526,953207.14,606768.0800000001,345929.71,418.6499148099607,417,266.36,1,Active,36.29113709744138,Low Sales,Low Profit,Low Sales / Low Profit,202,4.247524752475248,881,418.6499148099607,0.10878112712975098,0.3394495412844037,1266,1287,0.27888572333016776,Low Performer,,2278,953207.14,345929.71,36.29113709744138,4.247524752475248,0.27888572333016776
90,Menu Item 090,10,Salads,10,Restaurant 010,Korangi-10,9387,6394,3405054.67,1792541.52,1605622.5,362.7109352517986,361,190.96,1,Active,47.15408871834648,High Sales,Low Profit,High Sales / Low Profit,799,4.170212765957447,861,362.7109352517986,0.13528307788551766,0.34344698154519865,3258,3375,0.08401639344262295,Volume Driver,,9387,3405054.67,1605622.5,47.15408871834648,4.170212765957447,0.08401639344262295
91,Menu Item 091,1,Burgers,11,Restaurant 011,North-11,8819,6081,6829283.71,3269997.01,3545073.83,774.9476385462917,771,370.79,1,Active,51.90989246513526,High Sales,High Profit,High Sales / High Profit,774,4.245478036175711,872,774.9476385462917,0.15688209176122347,0.3410623252754481,3133,3231,0.08998039418016716,Profit Driver,,8819,6829283.71,3545073.83,51.90989246513526,4.245478036175711,0.08998039418016716
92,Menu Item 092,2,Pizza,12,Restaurant 012,South-12,2799,1910,3080426.61,1299771.63,1772837.15,1094.9435811518324,1089,464.37,1,Seasonal,57.5516762595425,Low Sales,Low Profit,Low Sales / Low Profit,223,4.174887892376682,772,1094.9435811518324,0.13612565445026178,0.3267015706806283,1514,1533,0.21618594231307756,Hidden Opportunity,,2799,3080426.61,1772837.15,57.5516762595425,4.174887892376682,0.21618594231307756
93,Menu Item 093,3,Biryani,13,Restaurant 013,East-13,2677,1830,2384250.2,1482013.97,901279.52,887.2429890710382,882,553.61,1,Active,37.80138175095885,Low Sales,Low Profit,Low Sales / Low Profit,212,4.188679245283019,877,887.2429890710382,0.06557377049180328,0.3442622950819672,1468,1499,0.24676420934158694,Low Performer,,2677,2384250.2,901279.52,37.80138175095885,4.188679245283019,0.24676420934158694
94,Menu Item 094,4,Rice,14,Restaurant 014,West-14,4994,3401,3716749.46,1372900.54,2341991.78,744.4319670685093,741,274.91,1,Active,63.0118280827032,Low Sales,High Profit,Low Sales / High Profit,406,4.194581280788177,908,744.4319670685093,0.058806233460746836,0.3293149073801823,2266,2330,0.15384615384615385,Hidden Opportunity,High profit but heavy wastage,4994,3716749.46,2341991.78,63.0118280827032,4.194581280788177,0.15384615384615385
95,Menu Item 095,5,BBQ,15,Restaurant 015,Central-15,12836,8685,15984103.04,8752611.68,7152487.19,1246.21339781232,1242,681.88,1,Active,44.74750426784036,High Sales,High Profit,High Sales / High Profit,1097,4.189608021877849,883,1246.21339781232,0.18860103626943006,0.33080023028209554,3530,3654,0.06436329178511553,Volume Driver,,12836,15984103.04,7152487.19,44.74750426784036,4.189608021877849,0.06436329178511553
96,Menu Item 096,6,Pasta,16,Restaurant 016,Garden-16,2556,1727,2071713.7,1035742.32,1033444.97,810.6723393167341,807,405.22,1,Seasonal,49.883580438744985,Low Sales,Low Profit,Low Sales / Low Profit,206,4.237864077669903,941,810.6723393167341,0.10596409959467284,0.33236826867400115,1419,1439,0.2690877895338862,Hidden Opportunity,,2556,2071713.7,1033444.97,49.883580438744985,4.237864077669903,0.2690877895338862
97,Menu Item 097,7,Sandwiches,17,Restaurant 017,Clifton-17,2262,1528,1838927.26,1027038.48,796673.63,813.339522251309,812,454.04,1,Active,43.322737518176766,Low Sales,Low Profit,Low Sales / Low Profit,190,4.189473684210526,877,813.339522251309,0.23887434554973822,0.3488219895287958,1271,1279,0.2793883402357439,Low Performer,,2262,1838927.26,796673.63,43.322737518176766,4.189473684210526,0.2793883402357439
98,Menu Item 098,8,Desserts,18,Restaurant 018,Gulshan-18,13490,9209,9202390.76,5040538.5,4149405.45,682.0068259311544,680,373.65,1,Seasonal,45.09051569551041,High Sales,High Profit,High Sales / High Profit,1177,4.230246389124893,812,682.0068259311544,0.15995222065370832,0.34585731349766535,3622,3757,0.05677527618514893,Volume Driver,,13490,9202390.76,4149405.45,45.09051569551041,4.230246389124893,0.05677527618514893
99,Menu Item 099,9,Beverages,19,Restaurant 019,Defence-19,5202,3546,1087573.0,581271.48,505358.22,209.1657755217146,209,111.74,1,Active,46.4666022418725,Low Sales,Low Profit,Low Sales / Low Profit,451,4.250554323725056,793,209.1657755217146,0.06457980823463057,0.3558939650310209,2365,2415,0.1322768974145121,Low Performer,,5202,1087573.0,505358.22,46.4666022418725,4.250554323725056,0.1322768974145121
100,Menu Item 100,10,Salads,20,Restaurant 020,Korangi-20,2859,1910,2328346.47,1391475.3,932721.41,814.2406282722513,811,486.7,1,Active,40.05939073148336,Low Sales,Low Profit,Low Sales / Low Profit,214,4.228971962616822,808,814.2406282722513,0.18848167539267016,0.3204188481675393,1521,1552,0.22034360512680665,Low Performer,,2859,2328346.47,932721.41,40.05939073148336,4.228971962616822,0.22034360512680665
101,Menu Item 101,1,Burgers,1,Restaurant 001,North-1,7703,5223,5127449.33,2453482.53,2646388.5500000003,665.666829408386,665,318.51,1,Active,51.61218336213184,High Sales,High Profit,High Sales / High Profit,693,4.183261183261183,978,665.666829408386,0.2238177292743634,0.34865020103388855,2944,3019,0.11265983181661099,Profit Driver,,7703,5127449.33,2646388.5500000003,51.61218336213184,4.183261183261183,0.11265983181661099
102,Menu Item 102,2,Pizza,2,Restaurant 002,South-2,8563,5790,13796366.58,6629217.71,7120231.37,1611.5084473229706,1604,774.17,1,Active,51.60946781685182,High Sales,High Profit,High Sales / High Profit,742,4.163072776280323,945,1611.5084473229706,0.17046632124352332,0.3461139896373057,3121,3217,0.09938998737904922,Profit Driver,,8563,13796366.58,7120231.37,51.60946781685182,4.163072776280323,0.09938998737904922
103,Menu Item 103,3,Biryani,3,Restaurant 003,East-3,10966,7436,9167473.62,5378713.34,3776623.81,836.2199825174825,834,490.49,1,Active,41.19590594469581,High Sales,High Profit,High Sales / High Profit,929,4.190527448869752,867,836.2199825174825,0.14295320064550834,0.35502958579881655,3327,3441,0.07326966956815685,Volume Driver,,10966,9167473.62,3776623.81,41.19590594469581,4.190527448869752,0.07326966956815685
104,Menu Item 104,4,Rice,4,Restaurant 004,West-4,5817,3931,2249339.88,977023.32,1251974.59,387.04990842024927,386,167.96,1,Active,55.659644908798754,High Sales,Low Profit,High Sales / Low Profit,475,4.258947368421053,760,387.04990842024927,0.10022894937674892,0.34952938183668275,2498,2559,0.11555420404439715,Volume Driver,,5817,2249339.88,1251974.59,55.659644908798754,4.258947368421053,0.11555420404439715
105,Menu Item 105,5,BBQ,5,Restaurant 005,Central-5,14846,10079,16067303.58,8856232.84,7179267.69,1082.5410705427123,1081,596.54,1,Active,44.68246743614463,High Sales,High Profit,High Sales / High Profit,1226,4.246329526916803,809,1082.5410705427125,0.14644309951384066,0.342990376029368,3564,3705,0.051676780581283936,Volume Driver,,14846,16067303.58,7179267.69,44.68246743614463,4.246329526916803,0.051676780581283936
106,Menu Item 106,6,Pasta,6,Restaurant 006,Garden-6,2787,1898,1962945.62,772361.3099999999,1154532.9,705.205263435195,703,277.13,1,Active,58.81634662910326,Low Sales,Low Profit,Low Sales / Low Profit,247,4.222672064777328,737,705.205263435195,0.18598524762908325,0.33192834562697576,1529,1555,0.20913734392735528,Hidden Opportunity,,2787,1962945.62,1154532.9,58.81634662910326,4.222672064777328,0.20913734392735528
107,Menu Item 107,7,Sandwiches,7,Restaurant 007,Clifton-7,6879,4698,6104369.59,3250877.82,2847232.19,887.7131460195827,886,472.58,1,Active,46.64252627600158,High Sales,High Profit,High Sales / High Profit,575,4.252173913043478,928,887.7131460195827,0.14112388250319285,0.3446147296722009,2747,2828,0.11886768284872551,Volume Driver,,6879,6104369.59,2847232.19,46.64252627600158,4.252173913043478,0.11886768284872551
108,Menu Item 108,8,Desserts,8,Restaurant 008,Gulshan-8,9231,6325,6254570.11,3831603.48,2415916.44,677.0725027667984,674,415.08,1,Active,38.626418722804914,High Sales,High Profit,High Sales / High Profit,839,4.170441001191895,916,677.0725027667984,0.1683794466403162,0.3430830039525692,3110,3217,0.09027298708978022,Volume Driver,,9231,6254570.11,2415916.44,38.626418722804914,4.170441001191895,0.09027298708978022
109,Menu Item 109,9,Beverages,9,Restaurant 009,Defence-9,2375,1647,1135170.18,525896.25,602261.52,478.5664663023679,476,221.43,1,Seasonal,53.05473404877497,Low Sales,Low Profit,Low Sales / Low Profit,174,4.166666666666667,1017,478.5664663023679,0.10989678202792957,0.36672738312082576,1331,1354,0.2998231132075472,Hidden Opportunity,,2375,1135170.18,602261.52,53.05473404877497,4.166666666666667,0.2998231132075472
110,Menu Item 110,10,Salads,10,Restaurant 010,Korangi-10,15052,10189,6056115.38,3300452.04,2737307.39,402.2223535185004,401,219.27,1,Active,45.19906273648306,High Sales,High Profit,High Sales / High Profit,1233,4.21735604217356,904,402.22235351850037,0.13956227303955246,0.3485131023652959,3705,3856,0.05665580345951366,Volume Driver,,15052,6056115.38,2737307.39,45.19906273648306,4.21735604217356,0.05665580345951366
111,Menu Item 111,1,Burgers,11,Restaurant 011,North-11,4314,2920,2412316.87,1407183.66,999657.14,559.2252842465754,559,326.19,1,Active,41.43971102768104,Low Sales,Low Profit,Low Sales / Low Profit,347,4.22478386167147,808,559.2252842465754,0.14931506849315068,0.35136986301369866,2074,2124,0.1577508785630613,Low Performer,,4314,2412316.87,999657.14,41.43971102768104,4.22478386167147,0.1577508785630613
112,Menu Item 112,2,Pizza,12,Restaurant 012,South-12,22254,15089,39273170.51,19166925.12,20048518.99,1763.82176486182,1760,861.28,1,Active,51.04889350579708,High Sales,High Profit,High Sales / High Profit,1781,4.197080291970803,826,1763.82176486182,0.1472595930810524,0.3512492544237524,3803,3958,0.035788561525129985,Profit Driver,,22254,39273170.51,20048518.99,51.04889350579708,4.197080291970803,0.035788561525129985
113,Menu Item 113,3,Biryani,13,Restaurant 013,East-13,13321,9118,6351823.63,3074620.01,3238444.15,476.673080719456,474,230.81,1,Seasonal,50.98447845284394,High Sales,High Profit,High Sales / High Profit,1124,4.247330960854092,822,476.67308071945604,0.08455801710901513,0.36148278131169115,3569,3713,0.05812062504419147,Profit Driver,,13321,6351823.63,3238444.15,50.98447845284394,4.247330960854092,0.05812062504419147
114,Menu Item 114,4,Rice,14,Restaurant 014,West-14,13647,9254,11566862.05,7436113.83,4126008.69,846.4831640371731,843,544.89,1,Active,35.6709423192265,High Sales,High Profit,High Sales / High Profit,1151,4.225021720243267,944,846.4831640371731,0.054895180462502705,0.34201426410200997,3520,3661,0.0646974162154753,Volume Driver,,13647,11566862.05,4126008.69,35.6709423192265,4.225021720243267,0.0646974162154753
115,Menu Item 115,5,BBQ,15,Restaurant 015,Central-15,20628,13985,31173893.58,16582849.2,14446228.6,1510.9067586700037,1506,803.9,1,Seasonal,46.34079013238231,High Sales,High Profit,High Sales / High Profit,1747,4.198626216370921,781,1510.9067586700035,0.19814086521272792,0.33321415802645693,3839,3989,0.036479985053015085,Volume Driver,,20628,31173893.58,14446228.6,46.34079013238231,4.198626216370921,0.036479985053015085
116,Menu Item 116,6,Pasta,16,Restaurant 016,Garden-16,12203,8325,12968645.98,6263555.84,6688770.23,1063.4763615615616,1061,513.28,1,Active,51.57647329039049,High Sales,High Profit,High Sales / High Profit,1033,4.152952565343659,884,1063.4763615615616,0.09837837837837837,0.3429429429429429,3510,3629,0.06754794834568656,Profit Driver,,12203,12968645.98,6688770.23,51.57647329039049,4.152952565343659,0.06754794834568656
117,Menu Item 117,7,Sandwiches,17,Restaurant 017,Clifton-17,18755,12731,16703237.0,8059586.15,8524986.87,890.7502812033619,886,429.73,1,Active,51.03793276716363,High Sales,High Profit,High Sales / High Profit,1615,4.203095975232198,886,890.7502812033619,0.22873301390307124,0.34647710313408214,3792,3908,0.045109719464385724,Profit Driver,,18755,16703237.0,8524986.87,51.03793276716363,4.203095975232198,0.045109719464385724
118,Menu Item 118,8,Desserts,18,Restaurant 018,Gulshan-18,13291,9118,7099363.66,4106919.0,2971409.5,534.5586400526431,533,309.0,1,Seasonal,41.85458926046902,High Sales,High Profit,High Sales / High Profit,1179,4.247667514843087,875,534.5586400526431,0.15781969730203993,0.35183154200482564,3628,3759,0.06176761259353381,Volume Driver,,13291,7099363.66,2971409.5,41.85458926046902,4.247667514843087,0.06176761259353381
119,Menu Item 119,9,Beverages,19,Restaurant 019,Defence-19,13133,8889,3185307.65,1374237.12,1809690.93,242.7319766002925,242,104.64,1,Active,56.81369364745663,High Sales,Low Profit,High Sales / Low Profit,1101,4.188919164396004,841,242.7319766002925,0.05613679829002138,0.345145685678929,3501,3635,0.060183197366537856,Volume Driver,,13133,3185307.65,1809690.93,56.81369364745663,4.188919164396004,0.060183197366537856
120,Menu Item 120,10,Salads,20,Restaurant 020,Korangi-20,2814,1932,1528271.78,641113.62,876837.3099999999,543.4042080745342,542,227.83,1,Active,57.374435717186365,Low Sales,Low Profit,Low Sales / Low Profit,236,4.262711864406779,965,543.4042080745342,0.21325051759834368,0.3364389233954451,1573,1592,0.2553585604657317,Hidden Opportunity,,2814,1528271.78,876837.3099999999,57.374435717186365,4.262711864406779,0.2553585604657317
121,Menu Item 121,1,Burgers,1,Restaurant 001,North-1,3894,2676,3927990.06,1461418.2,2446712.75,1005.8505904334828,1003,375.3,1,Active,62.28917875622118,Low Sales,High Profit,Low Sales / High Profit,338,4.218934911242603,920,1005.8505904334829,0.2406576980568012,0.3344544095665172,1913,1961,0.19110926464478603,Hidden Opportunity,High profit but heavy wastage,3894,3927990.06,2446712.75,62.28917875622118,4.218934911242603,0.19110926464478603
122,Menu Item 122,2,Pizza,2,Restaurant 002,South-2,2897,1964,4314457.69,2399729.95,1882867.67,1491.7600967413443,1484,828.35,1,Active,43.64088850295342,Low Sales,High Profit,Low Sales / High Profit,236,4.182203389830509,880,1491.7600967413443,0.17413441955193482,0.32077393075356414,1579,1597,0.23298914482393435,Low Performer,High profit but heavy wastage,2897,4314457.69,1882867.67,43.64088850295342,4.182203389830509,0.23298914482393435
123,Menu Item 123,3,Biryani,3,Restaurant 003,East-3,4491,3017,3477044.39,1641640.14,1806628.27,774.5135034802785,774,365.54,1,Seasonal,51.95873469996165,Low Sales,Low Profit,Low Sales / Low Profit,381,4.246719160104987,830,774.5135034802785,0.14186277759363605,0.35465694398409014,2129,2169,0.15598571697049426,Hidden Opportunity,,4491,3477044.39,1806628.27,51.95873469996165,4.246719160104987,0.15598571697049426
124,Menu Item 124,4,Rice,4,Restaurant 004,West-4,11604,7921,4224327.24,1735610.28,2486395.36,364.1632559020326,363,149.57,1,Seasonal,58.85896661736839,High Sales,High Profit,High Sales / High Profit,1008,4.2311507936507935,774,364.1632559020326,0.1054159828304507,0.3437697260446913,3409,3520,0.06253029568589433,Profit Driver,,11604,4224327.24,2486395.36,58.85896661736839,4.2311507936507935,0.06253029568589433
125,Menu Item 125,5,BBQ,5,Restaurant 005,Central-5,14841,10036,26764017.34,16894103.939999998,9830793.000000002,1802.579459944201,1796,1138.34,1,Active,36.73138032722558,High Sales,High Profit,High Sales / High Profit,1261,4.240285487708168,773,1802.579459944201,0.14278597050617775,0.34336388999601436,3556,3705,0.04950685282438837,Volume Driver,,14841,26764017.34,9830793.000000002,36.73138032722558,4.240285487708168,0.04950685282438837
126,Menu Item 126,6,Pasta,6,Restaurant 006,Garden-6,2765,1885,3560163.34,1854291.95,1701209.07,1286.4001167108754,1283,670.63,1,Seasonal,47.78457917607792,Low Sales,Low Profit,Low Sales / Low Profit,255,4.113725490196078,850,1286.4001167108754,0.16392572944297082,0.340053050397878,1499,1528,0.2351313969571231,Hidden Opportunity,,2765,3560163.34,1701209.07,47.78457917607792,4.113725490196078,0.2351313969571231
127,Menu Item 127,7,Sandwiches,7,Restaurant 007,Clifton-7,27781,18898,21167393.54,9281076.48,11858040.17,762.1467626203831,760,334.08,1,Seasonal,56.02031325959842,High Sales,High Profit,High Sales / High Profit,2363,4.198053322048244,863,762.1467626203831,0.1490104772991851,0.35241824531696475,3865,4016,0.030128473676860775,Profit Driver,,27781,21167393.54,11858040.17,56.02031325959842,4.198053322048244,0.030128473676860775
128,Menu Item 128,8,Desserts,8,Restaurant 008,Gulshan-8,3680,2495,2504937.78,1278027.2000000002,1206006.2999999998,681.3129098196392,679,347.29,1,Active,48.1451599169062,Low Sales,Low Profit,Low Sales / Low Profit,286,4.223776223776224,837,681.3129098196392,0.15110220440881764,0.35671342685370744,1857,1900,0.18529997786141245,Hidden Opportunity,,3680,2504937.78,1206006.2999999998,48.1451599169062,4.223776223776224,0.18529997786141245
129,Menu Item 129,9,Beverages,9,Restaurant 009,Defence-9,2203,1492,511948.84,220740.6,288518.94,232.56424262734583,232,100.2,1,Seasonal,56.35698676453686,Low Sales,Low Profit,Low Sales / Low Profit,167,4.173652694610778,860,232.56424262734583,0.10522788203753351,0.34986595174262736,1244,1257,0.2807704864511916,Hidden Opportunity,,2203,511948.84,288518.94,56.35698676453686,4.173652694610778,0.2807704864511916
130,Menu Item 130,10,Salads,10,Restaurant 010,Korangi-10,9479,6427,6160126.95,2769195.06,3378083.01,650.2912136299984,648,292.14,1,Seasonal,54.83787976155264,High Sales,High Profit,High Sales / High Profit,814,4.228501228501228,706,650.2912136299984,0.13894507546289092,0.36159950210051345,3240,3347,0.06931762395679922,Profit Driver,,9479,6160126.95,3378083.01,54.83787976155264,4.228501228501228,0.06931762395679922
131,Menu Item 131,1,Burgers,11,Restaurant 011,North-11,13416,9127,8321234.41,5000545.680000001,3311172.52,620.2308677550126,619,372.73,1,Active,39.79184285471895,High Sales,High Profit,High Sales / High Profit,1179,4.220525869380832,919,620.2308677550126,0.15229538731236988,0.34754026514736497,3528,3656,0.06410882455528427,Volume Driver,,13416,8321234.41,3311172.52,39.79184285471895,4.220525869380832,0.06410882455528427
132,Menu Item 132,2,Pizza,12,Restaurant 012,South-12,8233,5674,14834258.41,5286079.98,9529620.28,1802.869825519916,1793,642.06,1,Seasonal,64.24062475260602,High Sales,High Profit,High Sales / High Profit,712,4.172752808988764,838,1802.8698255199156,0.15509340853013748,0.3325696157913289,3028,3127,0.09238231727483188,Profit Driver,,8233,14834258.41,9529620.28,64.24062475260602,4.172752808988764,0.09238231727483188
133,Menu Item 133,3,Biryani,13,Restaurant 013,East-13,13499,9214,12552655.83,6868696.17,5669605.84,930.4822834816584,927,508.83,1,Active,45.16658400248675,High Sales,High Profit,High Sales / High Profit,1099,4.2220200181983625,812,930.4822834816583,0.07890167136965487,0.3515302800086824,3556,3707,0.05673957095940186,Volume Driver,,13499,12552655.83,5669605.84,45.16658400248675,4.2220200181983625,0.05673957095940186
134,Menu Item 134,4,Rice,14,Restaurant 014,West-14,1673,1152,1237136.76,482392.82,749908.0800000001,740.2951388888889,738,288.34,1,Seasonal,60.61642530127389,Low Sales,Low Profit,Low Sales / Low Profit,154,4.259740259740259,859,740.2951388888889,0.06076388888888889,0.3524305555555556,1000,1010,0.3392575039494471,Hidden Opportunity,,1673,1237136.76,749908.0800000001,60.61642530127389,4.259740259740259,0.3392575039494471
135,Menu Item 135,5,BBQ,15,Restaurant 015,Central-15,2594,1763,1840697.47,779471.06,1054428.68,708.3193306863301,702,300.49,1,Active,57.28419238822553,Low Sales,Low Profit,Low Sales / Low Profit,222,4.13963963963964,947,708.3193306863301,0.20079410096426545,0.3346568349404424,1409,1435,0.26743857667325616,Hidden Opportunity,,2594,1840697.47,1054428.68,57.28419238822553,4.13963963963964,0.26743857667325616
136,Menu Item 136,6,Pasta,16,Restaurant 016,Garden-16,2474,1687,2387958.95,1069683.38,1283718.62,965.1903260225253,965,432.37,1,Seasonal,53.757985245098105,Low Sales,Low Profit,Low Sales / Low Profit,218,4.252293577981652,815,965.1903260225253,0.0948429164196799,0.33491404860699464,1403,1420,0.24779568257829127,Hidden Opportunity,,2474,2387958.95,1283718.62,53.757985245098105,4.252293577981652,0.24779568257829127
137,Menu Item 137,7,Sandwiches,17,Restaurant 017,Clifton-17,4557,3114,3789089.59,1611993.18,2132021.58,831.2735260115606,831,353.74,1,Active,56.26738374375572,Low Sales,High Profit,Low Sales / High Profit,419,4.229116945107399,925,831.2735260115606,0.2296082209377007,0.352922286448298,2176,2222,0.1687340386720175,Hidden Opportunity,High profit but heavy wastage,4557,3789089.59,2132021.58,56.26738374375572,4.229116945107399,0.1687340386720175
138,Menu Item 138,8,Desserts,18,Restaurant 018,Gulshan-18,2742,1839,737848.29,423913.2,312005.10000000003,269.3817346383904,269,154.6,1,Active,42.285806476559024,Low Sales,Low Profit,Low Sales / Low Profit,211,4.156398104265403,928,269.3817346383904,0.16476345840130505,0.35290918977705277,1494,1521,0.25286103542234334,Low Performer,,2742,737848.29,312005.10000000003,42.285806476559024,4.156398104265403,0.25286103542234334
139,Menu Item 139,9,Beverages,19,Restaurant 019,Defence-19,21292,14364,4996440.95,2715581.68,2277876.37,234.72734823169037,234,127.54,1,Active,45.58997880281163,High Sales,High Profit,High Sales / High Profit,1825,4.204931506849315,861,234.72734823169034,0.06035923141186299,0.35421888053467,3757,3908,0.03886606780120074,Volume Driver,,21292,4996440.95,2277876.37,45.58997880281163,4.204931506849315,0.03886606780120074
140,Menu Item 140,10,Salads,20,Restaurant 020,Korangi-20,22400,15361,6300974.32,3996160.0,2288360.84,281.3004967124536,281,178.4,1,Active,36.31757127999214,High Sales,High Profit,High Sales / High Profit,1934,4.200620475698035,939,281.3004967124536,0.20415337543128703,0.3436625219712258,3856,4015,0.040233086250482025,Volume Driver,,22400,6300974.32,2288360.84,36.31757127999214,4.200620475698035,0.040233086250482025
141,Menu Item 141,1,Burgers,1,Restaurant 001,North-1,3914,2708,1844889.79,986758.54,848350.13,472.02374815361895,470,252.11,1,Active,45.98378367089342,Low Sales,Low Profit,Low Sales / Low Profit,342,4.190058479532164,903,472.02374815361895,0.2396602658788774,0.3548744460856721,1992,2035,0.18746107535810672,Low Performer,,3914,1844889.79,848350.13,45.98378367089342,4.190058479532164,0.18746107535810672
142,Menu Item 142,2,Pizza,2,Restaurant 002,South-2,5715,3924,9584006.99,5254085.25,4313960.1,1676.8430810397554,1669,919.35,1,Active,45.0120717201188,High Sales,High Profit,High Sales / High Profit,486,4.222222222222222,880,1676.8430810397554,0.1791539245667686,0.3521916411824669,2534,2603,0.133434420015163,Volume Driver,,5715,9584006.99,4313960.1,45.0120717201188,4.222222222222222,0.133434420015163
143,Menu Item 143,3,Biryani,3,Restaurant 003,East-3,6677,4566,4097192.17,2370335.0,1710534.68,613.6856614104249,612,355.0,1,Active,41.74894925663201,High Sales,Low Profit,High Sales / Low Profit,562,4.177935943060498,934,613.6856614104249,0.14148050810337276,0.3403416557161629,2691,2767,0.12271711995795559,Volume Driver,,6677,4097192.17,1710534.68,41.74894925663201,4.177935943060498,0.12271711995795559
144,Menu Item 144,4,Rice,4,Restaurant 004,West-4,5916,3983,2480335.82,1439067.0,1035005.07,418.7792744162692,417,243.25,1,Active,41.72842490336651,High Sales,Low Profit,High Sales / Low Profit,435,4.213793103448276,909,418.7792744162692,0.10243535023851369,0.3519959829274416,2519,2579,0.1331868131868132,Volume Driver,,5916,2480335.82,1035005.07,41.72842490336651,4.213793103448276,0.1331868131868132
145,Menu Item 145,5,BBQ,5,Restaurant 005,Central-5,5486,3746,4516076.77,2358321.68,2152701.29,823.843093966898,821,429.88,1,Active,47.66750876114978,Low Sales,High Profit,Low Sales / High Profit,471,4.174097664543525,881,823.843093966898,0.13774693005872932,0.3371596369460758,2437,2494,0.13836971886288676,Hidden Opportunity,,5486,4516076.77,2152701.29,47.66750876114978,4.174097664543525,0.13836971886288676
146,Menu Item 146,6,Pasta,6,Restaurant 006,Garden-6,5549,3768,6639592.65,4120298.97,2509348.35,1196.5939304670912,1193,742.53,1,Seasonal,37.7937093776378,Low Sales,High Profit,Low Sales / High Profit,485,4.185567010309279,921,1196.5939304670912,0.16348195329087048,0.3431528662420382,2478,2537,0.14234930448222566,Low Performer,,5549,6639592.65,2509348.35,37.7937093776378,4.185567010309279,0.14234930448222566
147,Menu Item 147,7,Sandwiches,7,Restaurant 007,Clifton-7,3338,2290,2030562.06,750382.4,1278138.53,606.1881790393013,603,224.8,1,Active,62.94506113248269,Low Sales,Low Profit,Low Sales / Low Profit,280,4.196428571428571,819,606.1881790393013,0.1467248908296943,0.36724890829694323,1779,1813,0.19701707962472936,Hidden Opportunity,,3338,2030562.06,1278138.53,62.94506113248269,4.196428571428571,0.19701707962472936
148,Menu Item 148,8,Desserts,8,Restaurant 008,Gulshan-8,14751,9978,8250571.22,4980527.64,3252467.1100000003,559.5575435959109,558,337.64,1,Active,39.42111428740567,High Sales,High Profit,High Sales / High Profit,1244,4.240353697749196,985,559.5575435959109,0.16456203648025655,0.3391461214672279,3558,3698,0.06259532282663956,Volume Driver,,14751,8250571.22,3252467.1100000003,39.42111428740567,4.240353697749196,0.06259532282663956
149,Menu Item 149,9,Beverages,9,Restaurant 009,Defence-9,6675,4573,2735587.24,1596526.5,1129782.78,409.73856767986007,409,239.18,1,Active,41.29946080608271,High Sales,Low Profit,High Sales / Low Profit,580,4.2362068965517246,872,409.73856767986007,0.10124644653400394,0.3555652744369123,2717,2803,0.11554259970849344,Volume Driver,,6675,2735587.24,1129782.78,41.29946080608271,4.2362068965517246,0.11554259970849344
150,Menu Item 150,10,Salads,10,Restaurant 010,Korangi-10,5726,3856,3959063.46,2160648.84,1790655.4200000002,691.9345280082988,688,377.34,1,Active,45.22926793398761,High Sales,Low Profit,High Sales / Low Profit,467,4.2162740899357605,867,691.9345280082988,0.1428941908713693,0.35814315352697096,2519,2592,0.13150310935841045,Volume Driver,,5726,3959063.46,1790655.4200000002,45.22926793398761,4.2162740899357605,0.13150310935841045
