restaurant_id,restaurant_name,location_id,restaurant_type,opening_date,total_orders,total_sales,average_order_value,total_discount,units_sold,estimated_profit,city_area,latitude,longitude
1,Restaurant 001,1,Casual Dining,2024-01-01,3996,47101743.14,11787.223008008008,1900241.01,58531,24494275.63,North-1,24.777885,66.905002
2,Restaurant 002,2,Casual Dining,2024-01-01,4101,71036319.3,17321.70673006584,2874097.1,60261,37066333.7,South-2,24.705006,66.944642
3,Restaurant 003,3,Fast Food,2024-01-01,3949,43637913.21,11050.370526715624,1750484.29,58102,21758101.67,East-3,24.797294,67.03534
4,Restaurant 004,4,Cafe,2024-01-01,3963,31067239.21,7839.32354529397,1242515.07,58134,14184206.92,West-4,24.828436,66.917388
5,Restaurant 005,5,Casual Dining,2024-01-01,3907,65856587.07,16856.04992833376,2516149.22,57397,26303779.810000002,Central-5,24.734384,66.905959
6,Restaurant 006,6,Fast Food,2024-01-01,3992,61359638.18,15370.650846693386,2431691.1,59030,29652168.66,Garden-6,24.693728,67.001071
7,Restaurant 007,7,Casual Dining,2024-01-01,4029,49163033.26,12202.29170017374,2008178.72,59087,25318559.740000002,Clifton-7,24.655307,66.939768
8,Restaurant 008,8,Family Restaurant,2024-01-01,3903,29051218.01,7443.304640020498,1151542.0,57453,13001415.33,Gulshan-8,24.779977,67.008988
9,Restaurant 009,9,Cafe,2024-01-01,3962,19070837.63,4813.437059565876,748028.35,58150,10620324.26,Defence-9,24.694088,67.017853
10,Restaurant 010,10,Family Restaurant,2024-01-01,4117,27545938.98,6690.779446198689,1081030.36,60461,13994803.67,Korangi-10,24.811886,66.9013
11,Restaurant 011,11,Cafe,2024-01-01,3937,46721427.76,11867.266385572771,1908579.37,57554,22514561.89,North-11,24.811164,67.039628
12,Restaurant 012,12,Fast Food,2024-01-01,3989,86077442.38,21578.702025570317,3372502.05,58562,45854626.06,South-12,24.71805,66.931096
13,Restaurant 013,13,Cafe,2024-01-01,4022,38087660.47,9469.831046742913,1474249.68,58962,16505879.0,East-13,24.841443,66.967319
14,Restaurant 014,14,Cafe,2024-01-01,3925,32525943.46,8286.864575796179,1278403.52,57582,15349680.93,West-14,24.668549,66.919343
15,Restaurant 015,15,Fast Food,2024-01-01,4030,70327464.52,17450.98375186104,2902856.9,59344,32126491.11,Central-15,24.819499,67.020745
16,Restaurant 016,16,Cafe,2024-01-01,4045,53112785.12,13130.47839802225,2074513.71,59090,26991095.85,Garden-16,24.811426,67.045946
17,Restaurant 017,17,Casual Dining,2024-01-01,3997,46071040.08,11526.404823617713,1905811.1,58479,22094199.37,Clifton-17,24.757246,67.094623
18,Restaurant 018,18,Fast Food,2024-01-01,4069,31206328.93,7669.2870312116,1222040.55,59451,12712891.19,Gulshan-18,24.725707,67.010408
19,Restaurant 019,19,Fast Food,2024-01-01,3948,14557155.08,3687.222664640324,561178.94,58228,6810304.399999999,Defence-19,24.815881,67.023704
20,Restaurant 020,20,Fast Food,2024-01-01,4049,22439953.56,5542.097693257594,962682.8,59122,11075127.54,Korangi-20,24.822341,67.01547
