menu_item_id,restaurant_id,actual_class,python_predicted_class
11,11,Profit Driver,Profit Driver
13,13,Volume Driver,Volume Driver
18,18,Low Performer,Low Performer
26,6,Volume Driver,Profit Driver
27,7,Profit Driver,Volume Driver
53,13,Volume Driver,Volume Driver
55,15,Hidden Opportunity,Hidden Opportunity
60,20,Hidden Opportunity,Hidden Opportunity
64,4,Volume Driver,Volume Driver
67,7,Low Performer,Hidden Opportunity
69,9,Profit Driver,Volume Driver
71,11,Profit Driver,Profit Driver
81,1,Low Performer,Hidden Opportunity
82,2,Volume Driver,Volume Driver
90,10,Volume Driver,Volume Driver
95,15,Volume Driver,Profit Driver
97,17,Low Performer,Low Performer
98,18,Volume Driver,Volume Driver
102,2,Profit Driver,Profit Driver
107,7,Volume Driver,Volume Driver
109,9,Hidden Opportunity,Low Performer
114,14,Volume Driver,Profit Driver
117,17,Profit Driver,Profit Driver
122,2,Low Performer,Hidden Opportunity
125,5,Volume Driver,Volume Driver
127,7,Profit Driver,Profit Driver
129,9,Hidden Opportunity,Low Performer
134,14,Hidden Opportunity,Low Performer
141,1,Low Performer,Low Performer
146,6,Low Performer,Volume Driver
