order_id,customer_id,restaurant_id,order_date,total_amount,actual_high_value,order_hour,day_of_week_code,order_month,is_weekend,is_promo_order,channel_code,payment_code,basket_size,basket_quantity,avg_unit_price,discount_rate_percentage,total_orders,total_spend
752,42603,15,2025-01-09,20088.01,1,18,6,1,False,False,3,1,10,16,1303.678,5.000009931295299,2.0,34304.36
1960,46220,13,2025-10-30,12217.24,0,9,6,10,False,False,0,2,10,16,731.726,4.999975505925117,2.0,15360.47
2171,36000,5,2025-03-23,16749.91,0,11,4,3,True,False,2,0,10,15,1119.775,0.0,2.0,15169.130000000001
2268,36418,4,2025-08-18,6798.9,0,10,1,8,False,False,1,0,10,12,574.74,0.0,0.0,0.0
2285,6118,5,2025-09-13,12296.48,0,21,5,9,True,False,1,0,10,12,1053.7469999999998,0.0,0.0,0.0
3090,32269,14,2025-09-02,8444.91,0,21,0,9,False,False,2,2,10,13,607.212,0.0,0.0,0.0
3472,21217,4,2025-06-08,7579.55,0,20,4,6,True,False,0,2,10,15,496.96400000000006,0.0,2.0,25575.420000000002
3717,11092,4,2025-06-10,7181.66,0,20,0,6,False,False,2,1,10,15,600.701,10.000065792503603,0.0,0.0
4155,38477,7,2025-01-15,17267.2,0,17,2,1,False,False,3,1,10,20,856.3619999999999,4.999979781022699,1.0,18750.81
4358,29839,13,2025-03-06,10355.78,0,21,6,3,False,False,1,1,10,17,576.038,0.0,1.0,13651.679999999998
5810,25440,10,2025-02-17,5238.47,0,17,1,2,False,False,2,1,10,11,450.533,4.999912302754278,2.0,21924.989999999998
6362,8458,3,2025-11-12,10727.69,0,15,2,11,False,True,0,2,10,13,783.7760000000001,0.1798684156533395,1.0,4447.969999999999
6496,20948,17,2025-02-02,12416.51,0,20,4,2,True,False,1,2,10,17,774.659,10.000022832492464,2.0,28022.29
6783,16051,1,2025-11-01,11778.3,0,13,5,11,True,False,0,2,10,14,804.168,0.0,2.0,17785.88
7668,6606,5,2025-05-09,16844.77,0,19,3,5,False,False,2,0,10,18,976.2850000000001,0.0,2.0,35524.06
7962,32875,10,2025-12-16,6759.17,0,20,0,12,False,False,0,2,10,15,424.811,0.0,2.0,25939.67
7976,8002,19,2025-05-18,3472.19,0,11,4,5,True,False,1,2,10,14,237.79699999999997,0.0,0.0,0.0
8327,13473,15,2025-04-16,13521.66,0,12,2,4,False,True,1,0,10,14,1126.75,7.623327714213982,1.0,13733.900000000001
8506,28781,15,2025-05-10,16256.95,0,14,5,5,True,False,2,1,10,14,1156.0620000000001,0.0,2.0,20620.290000000005
8632,31817,9,2025-11-08,4623.62,0,12,5,11,True,False,2,2,10,15,336.057,14.999990091298772,1.0,3490.01
8827,3482,20,2025-04-26,4149.97,0,16,5,4,True,True,0,2,10,14,309.163,5.877828237485026,5.0,49823.93
8959,13602,9,2025-01-29,4832.08,0,14,2,1,False,False,2,0,10,16,290.461,0.0,2.0,19691.33
9055,36230,18,2025-05-24,5922.84,0,12,5,5,True,False,2,1,10,13,456.30600000000004,0.0,4.0,34761.899999999994
9107,26834,14,2025-04-01,5658.64,0,22,0,4,False,True,3,1,10,12,534.63,11.742924848883844,0.0,0.0
9258,6511,16,2025-06-27,12508.72,0,19,3,6,False,False,3,1,10,16,877.9129999999999,15.000021405056446,0.0,0.0
9459,49966,3,2025-09-27,12806.45,0,10,5,9,True,False,2,0,10,16,757.256,0.0,4.0,45036.95
9537,49452,3,2025-07-30,8205.08,0,14,2,7,False,False,2,2,10,11,689.484,0.0,2.0,21566.129999999997
9704,42822,13,2025-08-03,8913.39,0,22,4,8,True,False,3,1,10,14,742.333,0.0,2.0,31292.54
9780,6897,17,2025-06-19,13253.22,0,9,6,6,False,False,2,2,10,15,794.795,0.0,1.0,3249.4699999999993
10445,5411,2,2025-11-01,17260.55,0,19,5,11,True,False,0,0,10,13,1242.589,0.0,0.0,0.0
10703,3016,13,2025-11-21,6725.91,0,12,3,11,False,False,1,2,10,12,627.5409999999999,14.999940286861918,1.0,13826.869999999999
11519,32590,4,2025-06-10,5484.28,0,15,0,6,False,False,3,1,10,11,512.109,4.999981811634005,3.0,26720.07
11880,15280,13,2025-06-07,8205.69,0,20,5,6,True,True,1,2,10,13,606.6020000000001,2.2247634108868524,1.0,4422.51
12673,7670,4,2025-04-18,4999.64,0,18,3,4,False,False,1,2,10,12,405.723,0.0,3.0,30319.840000000004
12813,12734,20,2025-11-04,4989.51,0,18,0,11,False,False,3,0,10,15,387.212,10.0,0.0,0.0
12830,49367,7,2025-01-29,9394.77,0,17,2,1,False,False,3,1,10,12,816.624,10.000040235134124,0.0,0.0
13012,7711,18,2025-12-01,9196.94,0,13,1,12,False,False,0,2,10,18,516.213,9.999989724841532,2.0,16596.800000000003
13999,4178,20,2025-03-17,5851.81,0,14,1,3,False,False,0,0,10,15,365.34299999999996,0.0,3.0,36062.950000000004
14006,10143,4,2025-06-22,7667.48,0,21,4,6,True,False,1,2,10,17,425.31800000000004,0.0,0.0,0.0
14064,19363,9,2025-10-06,3602.63,0,22,1,10,False,False,3,1,10,12,331.507,9.999973769184562,2.0,23843.379999999997
14501,30721,16,2025-08-20,12143.92,0,12,2,8,False,False,3,2,10,13,822.7030000000001,0.0,0.0,0.0
15214,11502,6,2025-11-09,16026.25,0,21,4,11,True,True,2,0,10,17,1022.1049999999999,12.186180926119086,3.0,36216.25
15279,31199,9,2025-08-03,5040.36,0,21,4,8,True,False,1,0,10,15,322.96,5.000009895131398,0.0,0.0
15452,42216,20,2025-08-06,6882.97,0,21,2,8,False,True,1,2,10,14,478.09,2.671799927544409,1.0,17053.96
16090,30078,15,2025-06-07,20961.66,1,21,5,6,True,False,3,2,10,17,1205.7549999999999,0.0,1.0,4054.2299999999996
16162,29728,1,2025-07-26,10888.48,0,19,5,7,True,True,2,2,10,14,708.823,1.6464569930948556,1.0,5844.850000000002
16164,9060,18,2025-07-05,6379.17,0,17,5,7,True,False,2,3,10,12,509.98400000000004,0.0,2.0,20526.559999999998
16509,9961,13,2025-12-22,7140.07,0,19,1,12,False,False,2,2,10,13,530.6020000000001,5.000007135120634,0.0,0.0
16636,1935,1,2025-03-20,10151.03,0,21,6,3,False,True,3,2,10,17,687.7230000000001,11.279835621316002,0.0,0.0
16710,42530,19,2025-05-20,4415.6,0,13,0,5,False,False,3,2,10,18,232.757,0.0,3.0,42006.090000000004
17093,11146,10,2025-12-25,8039.92,0,22,6,12,False,True,3,0,10,17,453.293,1.458103024695092,0.0,0.0
17545,39167,13,2025-05-13,9184.89,0,22,0,5,False,False,0,0,10,13,671.058,0.0,0.0,0.0
17694,43470,10,2025-07-05,7956.43,0,14,5,7,True,False,0,2,10,18,412.779,0.0,0.0,0.0
17964,37633,11,2025-03-23,10517.52,0,14,4,3,True,False,1,2,10,13,774.654,0.0,0.0,0.0
18210,17603,7,2025-02-02,15058.12,0,12,4,2,True,False,2,0,10,19,897.608,15.000014817580764,3.0,35234.06
18833,26402,1,2025-08-17,10445.87,0,14,4,8,True,True,1,2,10,15,804.559,15.71281635917526,1.0,10741.199999999999
18917,12329,10,2025-06-12,7229.67,0,17,6,6,False,True,0,1,10,14,524.719,2.7156098112354465,1.0,12804.999999999998
19421,7237,15,2025-07-19,24882.57,1,20,5,7,True,True,3,0,10,21,1183.867,6.257468981845009,0.0,0.0
19951,21122,8,2025-06-15,8234.83,0,21,4,6,True,False,0,1,10,14,543.85,0.0,4.0,42279.4
20083,19455,13,2025-03-02,12087.39,0,16,4,3,True,False,3,1,10,19,636.688,0.0,1.0,6368.57
20244,9643,11,2025-09-13,9884.95,0,22,5,9,True,False,2,2,10,14,756.4590000000001,9.999990362012449,1.0,4042.709999999999
21444,37226,17,2025-07-19,10106.78,0,16,5,7,True,False,1,2,10,14,683.677,0.0,1.0,5916.58
22645,36642,6,2025-12-06,14136.08,0,22,5,12,True,False,1,0,10,16,941.0989999999999,9.999993314976258,5.0,67015.39
22665,32485,13,2025-09-22,9742.74,0,13,1,9,False,False,3,2,10,15,613.6310000000001,0.0,2.0,22090.380000000005
23376,37463,6,2025-10-11,15908.1,0,22,5,10,True,False,1,1,10,15,1050.117,0.0,1.0,11616.97
23889,32867,1,2025-03-10,9491.15,0,17,1,3,False,True,0,0,10,14,736.8489999999999,15.894326266210868,3.0,35782.689999999995
23938,15999,10,2025-10-20,7056.23,0,14,1,10,False,False,0,0,10,17,429.032,9.999986607579308,0.0,0.0
24528,26922,12,2025-08-10,16377.85,0,21,4,8,True,False,0,2,10,11,1456.446,4.99997259254432,2.0,13113.63
26146,17930,13,2025-01-25,14089.11,0,20,5,1,True,False,3,2,10,19,656.887,0.0,2.0,29269.089999999997
26380,37838,19,2025-03-29,3715.53,0,18,5,3,True,False,2,2,10,13,262.26300000000003,0.0,1.0,7295.99
26608,20068,16,2025-05-24,14445.72,0,19,5,5,True,False,0,0,10,16,882.492,0.0,2.0,16971.22
26744,49624,15,2025-11-06,20193.77,1,21,6,11,False,True,2,0,10,15,1354.0049999999999,6.448764926750751,1.0,9759.36
27233,48232,8,2025-12-03,8034.48,0,18,2,12,False,False,0,2,10,16,493.99300000000005,10.0,1.0,10964.900000000001
27601,38977,10,2025-03-09,5307.5,0,19,4,3,True,False,0,0,10,13,450.437,15.000050447469052,3.0,28384.83
27608,6755,9,2025-08-19,4897.05,0,20,0,8,False,False,0,1,10,17,270.94300000000004,0.0,2.0,24272.440000000002
27622,41130,9,2025-08-25,5498.14,0,13,1,8,False,True,0,3,10,15,334.297,5.768704740789795,0.0,0.0
27664,47353,12,2025-11-05,23705.14,1,15,2,11,False,False,2,2,10,14,1550.209,0.0,2.0,28743.57
28104,32122,18,2025-02-05,8009.54,0,20,2,2,False,False,2,2,10,15,562.053,9.999952330104492,1.0,12979.64
28476,41853,13,2025-03-29,10613.31,0,21,5,3,True,False,2,2,10,17,642.4060000000001,5.000028599919538,0.0,0.0
28792,19374,13,2025-06-17,7093.57,0,13,0,6,False,False,1,2,10,13,631.869,9.999973356140476,1.0,13782.010000000002
29352,48338,3,2025-12-07,12513.51,0,9,4,12,True,False,3,1,10,15,773.018,0.0,3.0,24842.809999999998
29500,21130,8,2025-11-15,7382.69,0,19,5,11,True,False,3,2,10,16,499.171,0.0,2.0,39056.479999999996
30044,32177,10,2025-09-16,6320.48,0,22,0,9,False,False,3,0,10,15,422.884,5.000063128124842,3.0,52507.39
30166,31266,12,2025-11-15,20813.61,1,20,5,11,True,False,3,0,10,16,1321.2549999999999,5.000004792535913,1.0,6310.529999999999
30385,32585,5,2025-05-10,18579.63,1,19,5,5,True,False,3,0,10,14,1292.085,5.0,1.0,14144.350000000002
30623,3339,18,2025-07-12,9948.83,0,18,5,7,True,False,1,1,10,19,525.492,5.000015039448473,0.0,0.0
30910,27849,7,2025-04-15,11503.97,0,22,0,4,False,False,3,0,10,15,833.5690000000001,15.0,1.0,14998.960000000001
31228,8713,16,2025-05-26,13407.73,0,18,1,5,False,False,2,1,10,15,825.8709999999999,0.0,0.0,0.0
32151,43255,13,2025-06-27,8205.25,0,18,3,6,False,True,0,0,10,13,803.115,1.1868423115732931,2.0,13972.060000000001
32577,36507,3,2025-07-24,9936.74,0,18,6,7,False,True,1,1,10,14,690.913,5.084874956747623,1.0,7787.58
33013,6984,12,2025-05-23,20151.97,1,13,3,5,False,False,0,1,10,12,1565.339,0.0,2.0,22992.11
33050,4620,1,2025-01-17,14033.69,0,20,3,1,False,False,1,0,10,16,852.823,0.0,0.0,0.0
33242,33675,12,2025-03-10,20078.26,1,15,1,3,False,False,0,2,10,13,1449.969,0.0,0.0,0.0
33464,4920,14,2025-12-02,8136.83,0,21,0,12,False,False,0,0,9,11,656.3344444444444,0.0,4.0,52089.15
33943,44962,7,2025-12-20,11534.66,0,18,5,12,True,False,2,2,10,13,804.422,0.0,2.0,24624.890000000003
34301,36779,17,2025-12-16,9786.92,0,13,0,12,False,False,1,2,10,13,759.766,0.0,2.0,30575.22
34758,18063,12,2025-04-16,20173.45,1,21,2,4,False,False,3,2,10,14,1378.78,0.0,3.0,39868.22
34764,14661,2,2025-03-24,15219.33,0,18,1,3,False,False,2,2,10,15,983.374,0.0,0.0,0.0
35440,33272,20,2025-09-09,5644.7,0,19,0,9,False,False,2,0,10,16,317.092,0.0,4.0,61042.93000000001
36231,44574,6,2025-06-27,15695.91,0,14,3,6,False,False,1,1,10,15,1077.477,4.999984112104987,1.0,5794.3499999999985
36369,29555,4,2025-12-14,7971.78,0,22,4,12,True,False,2,1,10,15,728.756,0.0,5.0,46830.81
36657,29444,3,2025-08-23,11050.77,0,18,5,8,True,False,0,0,10,14,776.096,4.999972920423958,1.0,11747.86
36684,30037,7,2025-03-18,13277.45,0,13,0,3,False,False,0,2,10,16,806.7909999999999,0.0,0.0,0.0
37043,24931,10,2025-11-10,6466.31,0,18,1,11,False,False,2,0,10,15,425.5,0.0,0.0,0.0
37056,21902,8,2025-02-09,10712.34,0,16,4,2,True,False,3,0,9,16,552.0511111111111,0.0,3.0,30704.579999999998
38158,14615,6,2025-07-06,14345.06,0,21,4,7,True,False,3,0,10,13,1023.4069999999999,0.0,1.0,21676.740000000005
38773,4316,19,2025-02-05,3937.06,0,19,2,2,False,False,1,2,10,17,236.141,5.000088676515672,1.0,7165.25
40242,36374,9,2025-07-05,5279.41,0,20,5,7,True,False,3,1,10,16,369.607,15.000059168496662,2.0,21366.640000000003
40712,42229,1,2025-12-17,12865.62,0,22,2,12,False,False,1,1,10,17,775.3059999999999,9.999992654841453,2.0,8443.63
40899,16623,4,2025-08-25,7110.96,0,20,1,8,False,False,1,2,10,14,500.162,0.0,0.0,0.0
40975,36358,3,2025-12-01,11427.81,0,19,1,12,False,False,2,1,10,17,715.4970000000001,9.999974928818736,0.0,0.0
41086,16892,1,2025-07-10,12387.32,0,18,6,7,False,False,1,1,10,14,819.057,0.0,3.0,21317.660000000003
41677,23968,6,2025-05-03,15726.59,0,15,5,5,True,False,2,2,10,15,980.6600000000001,0.0,0.0,0.0
41850,34862,8,2025-12-28,7556.41,0,14,4,12,True,False,2,2,10,13,509.549,0.0,4.0,64145.19
41924,11492,7,2025-05-21,13637.4,0,19,2,5,False,False,1,1,10,14,886.174,0.0,0.0,0.0
43239,28766,7,2025-01-23,11661.44,0,21,6,1,False,False,2,1,10,14,826.4889999999999,5.000012964148942,1.0,10308.430000000002
43271,34117,19,2025-02-16,4337.3,0,19,4,2,True,False,2,0,10,17,236.858,0.0,3.0,37490.969999999994
43448,17385,6,2025-01-04,17533.49,0,22,5,1,True,False,1,0,10,17,1032.667,0.0,3.0,21458.66
43504,26581,4,2025-11-19,7713.39,0,14,2,11,False,True,1,0,10,15,550.0310000000001,0.473645348561519,1.0,6307.7300000000005
43681,29720,14,2025-06-20,6549.28,0,21,3,6,False,False,1,2,10,13,527.5889999999999,5.000076153342371,0.0,0.0
43695,32336,15,2025-11-10,21712.22,1,13,1,11,False,False,2,1,10,18,1208.799,0.0,3.0,44190.479999999996
43819,37274,17,2025-10-19,8263.9,0,12,4,10,True,False,3,2,10,11,787.295,10.000034305827302,2.0,20474.010000000002
43957,904,16,2025-12-07,13081.25,0,22,4,12,True,False,1,2,10,14,901.848,4.999988561868472,2.0,38041.31
43987,10985,2,2025-03-26,21278.05,1,16,2,3,False,False,1,1,10,18,1171.656,0.0,3.0,30916.95
44204,42348,11,2025-08-29,13224.37,0,19,3,8,False,False,2,2,10,18,721.946,5.000030355186032,2.0,27242.61
44291,9879,16,2025-12-26,14439.41,0,18,3,12,False,False,1,2,10,16,863.399,0.0,3.0,30676.420000000002
44524,9779,6,2025-09-23,17971.64,0,18,0,9,False,False,0,0,10,16,1028.1879999999999,0.0,2.0,15815.129999999997
44644,39586,3,2025-11-21,12645.56,0,15,3,11,False,True,2,2,10,15,786.729,0.1557165857460594,2.0,24361.370000000003
44754,40595,1,2025-01-12,12638.48,0,22,4,1,True,False,1,2,10,16,746.479,0.0,0.0,0.0
44785,41466,19,2025-02-26,2726.3,0,14,2,2,False,False,0,0,10,11,239.92600000000002,0.0,1.0,6648.87
44978,13323,20,2025-05-05,6784.1,0,18,1,5,False,False,1,1,10,21,355.821,14.999940799054892,1.0,20309.060000000005
44984,9167,3,2025-07-18,11720.3,0,18,3,7,False,False,2,0,10,14,768.057,0.0,1.0,10570.09
44992,32369,3,2025-03-08,12164.26,0,18,5,3,True,False,1,0,10,17,810.607,14.999977988791894,2.0,17220.9
45630,18362,17,2025-12-24,9911.55,0,11,2,12,False,False,1,1,10,12,801.697,0.0,2.0,26807.81
45781,40289,9,2025-06-15,7031.27,0,12,4,6,True,True,2,1,10,24,306.401,6.09685113959301,1.0,25459.39
45888,5914,9,2025-10-16,5490.0,0,21,6,10,False,False,2,1,10,17,312.13800000000003,9.99992960894248,2.0,22646.32
46227,15085,18,2025-07-10,11430.31,0,22,6,7,False,True,1,1,10,18,575.976,1.021965902344066,2.0,28926.920000000006
46272,48330,14,2025-11-01,7884.92,0,21,5,11,True,False,2,0,10,16,518.687,9.99995131948535,3.0,31639.050000000003
46383,39057,20,2025-09-04,3918.6,0,19,6,9,False,False,0,2,10,15,277.036,10.000072347208723,3.0,19565.530000000002
46640,39226,7,2025-12-10,11847.55,0,22,2,12,False,False,2,1,10,14,800.124,4.999983046594739,2.0,20306.4
46803,26898,8,2025-12-27,6367.43,0,12,5,12,True,False,1,2,10,13,488.175,0.0,1.0,9843.98
46937,38530,9,2025-07-15,4185.81,0,22,0,7,False,False,1,0,10,13,305.19,0.0,1.0,11328.75
47109,14306,10,2025-02-14,5561.51,0,18,3,2,False,False,3,1,10,11,466.925,0.0,0.0,0.0
47145,42864,13,2025-02-24,10044.63,0,14,1,2,False,False,1,0,10,14,656.684,0.0,1.0,12773.24
47441,24687,14,2025-11-02,9300.76,0,19,4,11,True,False,2,0,10,14,640.329,0.0,2.0,33843.31
47537,25141,7,2025-06-21,8859.65,0,19,5,6,True,False,1,2,10,11,814.339,4.999971852710865,0.0,0.0
48335,26612,17,2025-07-26,12792.89,0,19,5,7,True,False,0,2,10,16,735.297,0.0,1.0,9883.470000000001
48783,8832,5,2025-12-18,14504.83,0,21,6,12,False,False,3,1,10,10,1381.412,0.0,4.0,49352.0
49188,8325,19,2025-01-17,3303.46,0,22,3,1,False,False,0,0,10,15,231.718,9.999942787179751,3.0,22134.510000000002
49354,8938,18,2025-11-22,9153.62,0,21,5,11,True,False,2,2,10,16,557.938,5.000005539435797,0.0,0.0
49494,29417,10,2025-04-22,7721.24,0,18,0,4,False,False,1,0,10,15,490.654,0.0,3.0,20527.519999999997
49567,15218,17,2025-08-18,10102.34,0,22,1,8,False,True,3,2,10,12,778.409,1.8683333911301596,1.0,8514.02
49610,28910,4,2025-06-29,7988.3,0,21,4,6,True,False,2,0,10,14,521.605,0.0,0.0,0.0
49738,14830,3,2025-10-28,8703.76,0,13,0,10,False,False,3,1,10,15,645.3439999999999,9.999967427877175,1.0,8397.24
49777,47279,16,2025-08-14,13078.88,0,13,6,8,False,False,2,1,10,14,950.3879999999999,4.999969138850483,3.0,35569.87
49974,14232,14,2025-07-17,8611.27,0,13,6,7,False,False,0,0,10,16,579.62,4.999971040849776,1.0,21216.97
50148,16569,16,2025-07-12,14823.44,0,14,5,7,True,False,0,0,10,16,878.211,0.0,2.0,30024.0
50519,15036,7,2025-10-05,10906.49,0,14,4,10,True,False,1,1,10,13,813.8779999999999,0.0,1.0,14063.19
50549,2703,6,2025-08-02,13157.64,0,18,5,8,True,True,0,1,10,15,917.501,7.49430286816538,1.0,12500.830000000002
51251,22948,16,2025-06-20,9680.37,0,12,3,6,False,True,1,2,10,11,883.71,3.981686595408527,4.0,21693.630000000005
52165,120,9,2025-06-23,5057.66,0,20,1,6,False,False,1,1,10,17,295.75100000000003,5.000059167629784,2.0,30155.3
52544,32650,16,2025-12-21,11443.3,0,12,4,12,True,False,1,1,10,12,902.866,0.0,2.0,16662.11
54307,1688,9,2025-07-28,3514.64,0,19,1,7,False,False,2,0,10,14,271.127,14.999974014770004,2.0,7028.77
54447,23042,19,2025-01-14,4426.2,0,14,0,1,False,False,0,1,10,20,221.87800000000001,4.999898586750021,1.0,14123.809999999998
54587,44791,1,2025-10-20,10970.98,0,21,1,10,False,False,3,2,10,14,768.238,0.0,0.0,0.0
54592,49172,16,2025-07-09,8841.66,0,20,2,7,False,False,3,1,10,11,813.75,4.999988718182454,1.0,6140.49
54736,10530,13,2025-04-12,7648.18,0,18,5,4,True,False,3,0,9,12,652.25,15.000017504163075,5.0,77069.03
55325,31109,19,2025-12-20,2933.86,0,18,5,12,True,False,2,1,10,13,249.89299999999997,15.0,5.0,57330.14
55358,24731,8,2025-02-24,5087.08,0,21,1,2,False,True,0,1,10,11,476.059,7.547573067499179,1.0,10227.2
55514,27756,20,2025-12-13,6203.22,0,18,5,12,True,False,0,1,10,15,451.32700000000006,0.0,2.0,25081.07
55680,12660,15,2025-05-16,21949.85,1,18,3,5,False,False,1,2,10,19,1116.273,0.0,0.0,0.0
55875,26261,5,2025-09-01,18305.45,0,12,1,9,False,True,0,0,10,15,1265.999,5.449039183273242,1.0,2523.8600000000006
56370,36867,11,2025-01-27,11628.12,0,11,1,1,False,False,0,0,10,16,760.289,10.000008126850384,0.0,0.0
56470,4631,14,2025-01-09,7343.34,0,10,6,1,False,False,2,0,10,14,521.857,0.0,1.0,10518.969999999998
56487,36613,2,2025-10-18,17313.72,0,21,5,10,True,False,0,2,10,17,1121.407,10.0,1.0,5393.869999999999
56820,13612,1,2025-05-10,12646.26,0,14,5,5,True,False,0,2,9,14,885.5222222222222,5.000015775408662,5.0,69895.35
57238,6879,9,2025-03-14,5375.51,0,22,3,3,False,False,3,0,10,15,341.39099999999996,5.000018556387294,1.0,8846.949999999999
57412,32060,15,2025-12-30,21048.49,1,15,0,12,False,False,0,0,10,16,1299.442,0.0,1.0,3720.3899999999994
57952,34318,20,2025-12-16,6971.27,0,20,0,12,False,False,0,2,10,18,360.339,0.0,1.0,12107.05
58144,30480,18,2025-07-29,7368.61,0,19,0,7,False,False,2,0,10,15,507.36800000000005,0.0,1.0,6886.320000000001
58424,3759,1,2025-04-29,14675.49,0,15,0,4,False,False,3,0,10,18,1055.452,4.99997621033328,1.0,6818.370000000001
58784,29425,11,2025-07-04,12620.84,0,12,3,7,False,True,2,2,9,14,899.8677777777777,5.845116167604248,2.0,29976.510000000006
59121,22048,7,2025-04-02,12147.28,0,13,2,4,False,False,1,0,10,17,819.903,15.0,1.0,16278.700000000003
60201,2553,7,2025-02-20,12145.96,0,13,6,2,False,False,1,2,10,16,780.413,5.0,3.0,29755.11
60671,48963,8,2025-03-30,7261.61,0,20,4,3,True,False,2,0,10,14,554.013,10.00001315860461,0.0,0.0
61245,1156,14,2025-10-26,8287.25,0,21,4,10,True,False,3,1,10,15,548.701,0.0,1.0,6225.049999999999
62718,39406,2,2025-10-03,17463.68,0,19,3,10,False,False,0,2,10,15,1184.846,0.0,0.0,0.0
62847,13020,2,2025-06-03,16185.26,0,19,0,6,False,True,1,2,10,13,1203.523,0.492549463133996,0.0,0.0
62873,8,12,2025-12-30,21986.22,1,18,0,12,False,False,3,1,10,14,1530.827,0.0,1.0,19503.020000000004
62987,31655,5,2025-06-25,13648.4,0,21,2,6,False,True,1,2,10,12,1086.882,2.0324611946654207,2.0,24421.78
63004,44795,19,2025-07-14,4719.99,0,21,1,7,False,False,3,1,10,16,268.25,0.0,2.0,28854.96
63371,33401,10,2025-12-30,5137.74,0,14,0,12,False,False,0,2,11,13,463.5863636363636,4.999980584861627,2.0,28502.990000000005
63551,35766,18,2025-02-28,7384.83,0,13,3,2,False,False,0,0,10,13,567.6270000000001,5.000040522250767,1.0,9607.710000000001
64210,32914,6,2025-05-01,18859.59,1,20,6,5,False,False,3,0,10,18,1068.576,0.0,2.0,7376.77
64968,10822,9,2025-05-14,4606.12,0,21,2,5,False,False,3,2,10,15,351.656,15.000038752780512,2.0,18595.510000000002
65249,45132,19,2025-11-02,3617.45,0,16,4,11,True,False,0,1,10,14,246.115,0.0,3.0,38703.86
65332,13280,6,2025-02-05,14517.66,0,21,2,2,False,False,3,0,10,13,1038.4599999999998,0.0,2.0,18997.539999999997
66069,19305,20,2025-12-31,3806.49,0,13,2,12,False,False,3,2,10,12,308.933,0.0,1.0,12784.539999999999
66117,6595,14,2025-01-22,9390.57,0,12,2,1,False,False,1,0,10,17,527.313,0.0,1.0,6864.42
66330,17680,6,2025-02-24,12284.04,0,13,1,2,False,False,1,1,10,12,1037.127,10.000007692905372,0.0,0.0
66372,41799,18,2025-08-17,7461.21,0,21,4,8,True,True,2,0,10,16,441.351,0.738770184861989,0.0,0.0
66381,7028,10,2025-04-05,5670.68,0,10,5,4,True,False,2,1,10,14,522.712,0.0,1.0,10281.63
66738,8018,3,2025-11-03,11907.78,0,14,1,11,False,False,1,0,10,16,772.415,9.999984128017063,4.0,44758.14
66843,2123,16,2025-06-19,12364.02,0,19,6,6,False,False,1,0,10,15,853.01,9.999984713710733,0.0,0.0
67130,39825,1,2025-04-16,9904.06,0,12,2,4,False,False,0,1,10,15,737.711,10.000009541538612,1.0,4984.34
67616,44484,1,2025-12-30,13321.2,0,13,0,12,False,False,1,2,10,18,753.8689999999999,5.000003744031078,1.0,8150.040000000001
67772,48397,1,2025-12-03,10061.62,0,10,2,12,False,False,3,0,10,15,758.348,15.000004435168044,4.0,46395.909999999996
68144,32787,12,2025-01-18,34554.62,1,18,5,1,True,False,0,1,9,19,1455.851111111111,0.0,0.0,0.0
68166,35705,3,2025-12-05,17379.95,0,17,3,12,False,False,3,2,10,21,778.787,0.0,2.0,26745.34
68344,18636,17,2025-07-31,14267.34,0,18,6,7,False,False,1,1,10,17,790.393,0.0,3.0,35999.92
68516,49294,18,2025-06-27,6483.33,0,19,3,6,False,False,3,0,10,14,532.9649999999999,15.000055064259993,0.0,0.0
69535,5245,19,2025-07-17,3074.88,0,13,6,7,False,False,1,0,10,13,254.648,15.000072563674625,0.0,0.0
69581,1433,17,2025-07-05,11393.47,0,12,5,7,True,True,1,3,10,14,805.358,1.5638678400589296,3.0,47494.6
69612,5399,1,2025-09-14,13237.73,0,17,4,9,True,False,3,1,10,16,795.2900000000001,0.0,0.0,0.0
69878,47568,20,2025-04-26,6218.18,0,16,5,4,True,False,1,1,10,17,390.762,14.999964117322005,2.0,37462.13999999999
69889,31560,19,2025-02-19,3555.23,0,13,2,2,False,False,2,1,10,14,236.09699999999998,0.0,1.0,13656.670000000002
69933,25829,13,2025-10-08,6754.38,0,22,2,10,False,False,2,2,10,13,590.113,14.99995319785673,2.0,35155.98
70371,42273,19,2025-09-16,2598.47,0,21,0,9,False,False,0,1,10,11,224.92600000000002,0.0,2.0,14980.039999999999
70383,34056,18,2025-01-29,5549.71,0,19,2,1,False,False,3,0,10,14,429.668,9.99998297208614,2.0,32932.69
71513,45187,15,2025-09-28,16951.17,0,20,4,9,True,False,1,1,10,15,1145.9180000000001,0.0,4.0,29340.97
71617,27322,7,2025-05-10,13877.78,0,16,5,5,True,True,0,2,10,15,878.7639999999999,1.382605730538873,1.0,14595.35
71631,44731,10,2025-10-15,9021.13,0,18,2,10,False,False,0,0,10,17,496.046,0.0,1.0,7577.280000000001
71915,25862,17,2025-07-20,13774.91,0,20,4,7,True,True,3,0,10,17,855.077,2.508885993979149,0.0,0.0
72108,36716,11,2025-12-05,12132.77,0,14,3,12,False,False,2,2,10,14,836.7180000000001,0.0,0.0,0.0
72134,35410,20,2025-07-17,4625.53,0,18,6,7,False,False,3,1,10,11,435.93100000000004,5.000075477720055,3.0,25876.32
73321,964,16,2025-07-08,12232.79,0,21,0,7,False,True,1,0,10,14,888.143,2.373236999402521,1.0,11128.580000000002
73633,33472,18,2025-03-11,8253.9,0,14,0,3,False,False,0,2,10,16,494.90299999999996,0.0,3.0,35630.15
74129,44008,9,2025-06-01,5124.86,0,22,4,6,True,False,2,2,10,18,315.056,14.999982584889954,1.0,10513.469999999998
74278,5936,17,2025-11-23,10635.01,0,21,4,11,True,True,2,0,10,14,781.5519999999999,11.535520999164586,1.0,4406.91
75603,19438,2,2025-11-02,17627.66,0,13,4,11,True,False,3,0,10,16,1174.047,9.999994639107388,1.0,12577.330000000002
75731,6003,1,2025-12-25,12880.93,0,21,6,12,False,False,2,2,10,17,762.432,0.0,0.0,0.0
75778,36276,17,2025-05-18,8600.43,0,21,4,5,True,True,1,0,10,12,724.162,2.357820300690931,1.0,12389.720000000001
75814,49618,15,2025-04-07,16008.63,0,13,1,4,False,False,3,1,10,13,1252.572,9.999976387723033,0.0,0.0
75864,25828,16,2025-06-21,12433.87,0,21,5,6,True,True,1,0,10,14,910.883,4.087416362462671,1.0,4872.030000000001
76358,35698,9,2025-12-12,5087.91,0,19,3,12,False,False,2,1,10,17,299.288,0.0,1.0,3481.6000000000004
76359,35589,17,2025-03-30,8966.98,0,20,4,3,True,True,0,0,10,11,810.5899999999999,2.8555308206906824,2.0,34169.31
76605,34003,2,2025-02-28,13821.44,0,13,3,2,False,False,2,2,10,12,1129.042,0.0,4.0,40736.46
77066,12448,14,2025-12-29,7261.82,0,15,1,12,False,False,2,1,10,15,529.0350000000001,15.000012427207633,2.0,29828.72
77137,43175,4,2025-09-05,9383.5,0,20,3,9,False,False,2,0,10,16,560.018,5.00004307225802,1.0,4344.450000000001
77613,14364,11,2025-06-05,12590.85,0,11,6,6,False,False,2,1,10,15,821.6389999999999,0.0,4.0,46446.0
77797,35329,5,2025-11-23,19758.54,1,13,4,11,True,False,2,0,10,18,1046.329,0.0,1.0,26536.64
77850,28110,3,2025-10-19,10563.67,0,20,4,10,True,False,1,2,10,15,728.4100000000001,0.0,2.0,20733.989999999998
77884,39449,15,2025-10-08,17413.48,0,20,2,10,False,False,2,1,10,14,1171.703,0.0,0.0,0.0
77885,43208,12,2025-05-14,22203.28,1,18,2,5,False,False,3,1,10,17,1507.721,14.999987940968628,1.0,3629.420000000002
78248,26984,2,2025-11-30,23529.64,1,16,4,11,True,False,0,0,10,18,1262.103,4.999997880332924,2.0,21649.65
78249,5488,16,2025-06-30,14685.85,0,16,1,6,False,False,1,2,10,16,895.8149999999999,4.999983019361324,2.0,25002.340000000004
78320,46858,8,2025-12-16,7973.31,0,12,0,12,False,False,2,0,10,16,494.99799999999993,0.0,1.0,19885.75
78496,33934,9,2025-12-14,4857.49,0,9,4,12,True,False,2,2,10,15,351.726,4.999915241307996,2.0,20124.980000000003
78641,37756,12,2025-06-30,22458.3,1,12,1,6,False,False,0,2,10,16,1522.375,10.0,1.0,12839.740000000002
78820,20069,4,2025-01-21,7984.67,0,19,0,1,False,True,2,0,10,12,604.925,1.3384636958268188,1.0,19062.630000000005
79319,18468,4,2025-04-13,9101.42,0,14,4,4,True,True,2,1,10,15,605.865,5.417258829603487,3.0,30668.440000000002
79336,39701,13,2025-03-18,8296.28,0,16,0,3,False,False,0,0,10,12,661.3100000000001,0.0,3.0,51095.76
79351,29375,16,2025-12-31,11808.88,0,22,2,12,False,False,0,1,10,13,941.472,4.99997043536876,1.0,6936.840000000002
79502,8657,6,2025-04-01,12250.52,0,20,0,4,False,False,0,1,10,11,1103.199,4.999991857486471,1.0,11901.98
80269,41962,19,2025-08-24,3465.44,0,18,4,8,True,False,3,1,10,12,256.728,0.0,2.0,43018.75
80297,48542,8,2025-07-14,9980.34,0,16,1,7,False,False,0,0,10,15,613.021,0.0,3.0,28081.45
80731,7989,4,2025-11-28,10668.21,0,13,3,11,False,False,3,1,10,16,620.106,0.0,0.0,0.0
80772,2922,6,2025-04-19,16999.01,0,21,5,4,True,False,2,2,10,16,990.807,0.0,0.0,0.0
81247,13910,17,2025-05-21,9787.45,0,13,2,5,False,True,0,2,10,13,823.981,12.409509490697236,2.0,19522.96
81982,26070,2,2025-05-20,11452.69,0,15,0,5,False,False,1,3,10,12,949.698,5.0000043548734086,4.0,31911.78
81996,29893,17,2025-06-14,10911.73,0,20,5,6,True,False,3,2,10,13,844.8149999999999,4.999968004592713,2.0,15398.939999999999
82482,26917,19,2025-10-09,5072.64,0,19,6,10,False,False,2,0,10,18,261.511,0.0,1.0,11727.630000000001
82984,24368,15,2025-11-11,11433.49,0,18,0,11,False,False,0,1,10,12,1138.608,14.99996487292194,3.0,34203.43
83020,26628,9,2025-04-29,4107.08,0,12,0,4,False,False,0,2,9,12,274.0477777777778,0.0,1.0,5042.700000000001
83041,46958,4,2025-06-12,9896.02,0,14,6,6,False,False,2,0,10,18,545.6279999999999,0.0,3.0,39133.369999999995
83645,45937,5,2025-06-18,10526.68,0,14,2,6,False,False,1,0,10,11,895.574,0.0,2.0,12170.61
83921,48114,3,2025-01-04,13289.0,0,18,5,1,True,False,1,1,10,18,757.1560000000001,0.0,3.0,26538.589999999997
84970,19054,20,2025-12-25,7491.09,0,14,6,12,False,False,0,1,10,16,403.40500000000003,4.999960052517624,2.0,13917.96
85169,42503,9,2025-03-30,5960.66,0,19,4,3,True,False,1,1,10,16,344.592,0.0,1.0,18108.72
85321,43713,15,2025-06-28,19774.61,1,19,5,6,True,True,1,0,10,16,1187.8700000000001,1.6295689618249003,1.0,5693.75
85410,48095,1,2025-12-16,12309.42,0,15,0,12,False,False,1,2,10,18,685.9010000000001,0.0,1.0,8180.67
85550,191,10,2025-06-01,7716.05,0,18,4,6,True,False,2,0,10,16,448.012,0.0,0.0,0.0
85553,27484,3,2025-07-13,12717.01,0,11,4,7,True,False,0,1,10,16,751.409,0.0,0.0,0.0
85591,6443,17,2025-07-28,12415.46,0,21,1,7,False,False,1,2,10,18,688.671,10.00003044589536,2.0,22755.120000000003
88487,29361,10,2025-12-08,6001.81,0,12,1,12,False,False,0,2,10,13,436.63500000000005,0.0,0.0,0.0
89015,16076,14,2025-06-28,8911.67,0,21,5,6,True,False,1,2,10,18,509.187,5.0,2.0,22179.29
89560,30907,19,2025-02-21,4312.86,0,14,3,2,False,False,2,1,10,16,249.36700000000002,0.0,6.0,45005.95
89906,38649,12,2025-02-16,21316.87,1,18,4,2,True,False,1,0,10,15,1381.7930000000001,0.0,2.0,26185.670000000002
90148,24483,10,2025-05-30,6299.3,0,12,3,5,False,False,2,2,10,14,457.0690000000001,5.000064885347591,1.0,5973.329999999999
90267,7439,4,2025-08-08,9680.07,0,13,3,8,False,False,1,1,10,16,562.658,5.000036066374495,0.0,0.0
90717,35122,12,2025-05-25,19974.5,1,21,4,5,True,False,0,2,10,12,1541.75,0.0,2.0,17949.949999999997
91564,2625,12,2025-11-16,14820.5,0,14,4,11,True,False,0,2,10,11,1225.097,0.0,2.0,23098.4
91944,10212,17,2025-09-13,15082.37,0,21,5,9,True,True,2,3,10,17,866.5219999999999,3.341495675767339,2.0,17511.870000000003
92321,33992,17,2025-08-17,10621.31,0,21,4,8,True,True,2,0,10,12,896.082,6.623003784731838,2.0,16385.58
92428,109,14,2025-04-18,8306.22,0,14,3,4,False,True,3,1,10,14,625.0559999999999,3.9734062311089313,1.0,25581.949999999997
93614,26825,8,2025-09-23,7177.47,0,21,0,9,False,True,2,1,10,15,457.408,0.4536442506912497,2.0,25636.260000000002
93718,25839,17,2025-05-22,15558.12,0,21,6,5,False,False,1,2,10,19,824.832,5.0000256457602426,4.0,47316.81
93723,33439,16,2025-12-23,19205.77,1,20,0,12,False,False,0,0,10,20,910.733,0.0,1.0,10599.91
95335,32264,15,2025-10-03,19377.94,1,21,3,10,False,False,2,2,10,15,1344.165,5.000023260249629,3.0,23733.329999999998
95791,36560,9,2025-11-10,4645.55,0,13,1,11,False,False,0,1,10,17,270.879,0.0,2.0,23115.15
95816,39483,6,2025-05-10,14438.73,0,21,5,5,True,False,3,1,10,14,1026.426,0.0,0.0,0.0
96048,14875,9,2025-08-09,5610.87,0,21,5,8,True,True,1,0,10,16,349.23699999999997,1.5536051820000665,2.0,21767.870000000003
96445,4819,1,2025-08-30,8817.85,0,13,5,8,True,False,3,2,9,10,729.781111111111,0.0,0.0,0.0
96761,18454,7,2025-06-12,11511.46,0,19,6,6,False,False,0,1,10,14,792.818,0.0,2.0,25661.989999999998
96802,35851,19,2025-12-08,2847.57,0,9,1,12,False,False,1,0,10,14,228.419,14.999921643603766,2.0,11870.07
97225,32598,14,2025-11-25,8326.31,0,13,0,11,False,False,3,0,10,17,483.67600000000004,5.000011980093876,2.0,30214.08
98084,33073,3,2025-07-17,12488.69,0,18,6,7,False,False,2,0,10,15,790.787,0.0,0.0,0.0
98929,33391,20,2025-07-11,2859.6,0,20,3,7,False,False,0,1,10,11,275.90700000000004,9.999900860202972,0.0,0.0
99071,44089,11,2025-06-22,12414.41,0,21,4,6,True,False,3,0,10,16,873.195,9.99996955150895,2.0,8263.09
99440,44334,1,2025-05-30,11548.65,0,19,3,5,False,False,0,0,10,14,798.175,5.000004318688086,0.0,0.0
