city_area,location_id,order_channel,total_orders,total_sales,average_order_value,weekend_orders,weekend_order_share,sales_share_percentage
South-12,12,Third-party Delivery,221,4724557.62,21378.088778280544,72,0.3257918552036199,2.675712787060099
South-12,12,Takeaway,203,4404916.85,21699.09778325123,65,0.32019704433497537,2.4946869716622255
South-12,12,Dine-in,206,4284843.39,20800.21063106796,65,0.3155339805825243,2.4266843948815975
South-12,12,Website/App,191,4048571.75,21196.710732984295,65,0.3403141361256545,2.292873972993324
Central-5,5,Third-party Delivery,226,3845056.66,17013.525044247788,85,0.37610619469026546,2.177614942948372
Central-15,15,Takeaway,212,3762984.67,17749.927688679243,70,0.330188679245283,2.131134173580071
Central-5,5,Website/App,219,3691928.44,16858.120730593608,76,0.3470319634703196,2.0908920856422624
South-2,2,Takeaway,214,3682202.93,17206.55574766355,72,0.3364485981308411,2.085384126260516
South-2,2,Website/App,204,3507849.48,17195.340588235293,75,0.36764705882352944,1.986640541536695
Central-15,15,Dine-in,200,3494119.37,17470.59685,79,0.395,1.9788646112063668
Central-15,15,Website/App,205,3462469.11,16890.093219512193,65,0.3170731707317073,1.9609397572396632
South-2,2,Third-party Delivery,197,3456524.37,17545.808984771575,69,0.350253807106599,1.9575730046009796
Central-15,15,Third-party Delivery,193,3395769.19,17594.659015544043,70,0.3626943005181347,1.9231648281998759
Garden-6,6,Third-party Delivery,218,3391564.81,15557.636743119267,75,0.3440366972477064,1.920783713557515
South-2,2,Dine-in,196,3301987.19,16846.873418367348,76,0.3877551020408163,1.8700521948532494
Central-5,5,Takeaway,193,3274847.6,16968.122279792748,61,0.3160621761658031,1.854681920249938
Central-5,5,Dine-in,181,3070069.33,16961.709005524863,70,0.3867403314917127,1.7387074990191425
Garden-6,6,Dine-in,191,2907684.52,15223.479162303665,72,0.3769633507853403,1.646742251161434
Garden-6,6,Website/App,188,2842283.06,15118.526914893617,61,0.324468085106383,1.609702693833652
Garden-16,16,Dine-in,215,2839265.97,13205.88823255814,77,0.3581395348837209,1.6079939907249128
Garden-6,6,Takeaway,181,2782545.45,15373.179281767956,60,0.3314917127071823,1.5758708094962122
Garden-16,16,Website/App,209,2739864.58,13109.399904306221,72,0.3444976076555024,1.5516988639285656
North-11,11,Third-party Delivery,210,2544674.81,12117.499095238096,67,0.319047619047619,1.4411548076382077
North-1,1,Dine-in,216,2543580.23,11775.834398148148,69,0.3194444444444444,1.440534901619904
Clifton-17,17,Dine-in,218,2538049.33,11642.428119266055,83,0.38073394495412843,1.4374025237246058
Clifton-7,7,Dine-in,203,2491583.86,12273.8121182266,55,0.270935960591133,1.411087202326164
Clifton-7,7,Website/App,203,2469383.67,12164.451576354679,76,0.37438423645320196,1.398514314653738
Clifton-17,17,Third-party Delivery,212,2453172.56,11571.568679245283,79,0.37264150943396224,1.3893332911996443
North-1,1,Website/App,206,2449731.33,11891.899660194174,67,0.32524271844660196,1.3873843800306416
Clifton-7,7,Third-party Delivery,197,2434727.04,12359.020507614214,72,0.36548223350253806,1.3788868287585803
Clifton-17,17,Takeaway,205,2326878.64,11350.627512195122,77,0.375609756097561,1.31780781011726
Garden-16,16,Takeaway,174,2322928.72,13350.165057471266,56,0.3218390804597701,1.3155708067188625
Garden-16,16,Third-party Delivery,179,2319312.44,12957.052737430167,66,0.3687150837988827,1.3135227574800026
North-1,1,Third-party Delivery,193,2309234.45,11964.945336787565,66,0.34196891191709844,1.3078151740659045
Clifton-17,17,Website/App,197,2302118.61,11685.881269035532,72,0.36548223350253806,1.303785178961585
Clifton-7,7,Takeaway,188,2289142.91,12176.292074468085,74,0.39361702127659576,1.2964365022803905
East-3,3,Dine-in,207,2275459.42,10992.557584541062,72,0.34782608695652173,1.2886869747882037
North-1,1,Takeaway,196,2271593.78,11589.76418367347,69,0.3520408163265306,1.2864977026467475
East-3,3,Website/App,201,2239542.94,11142.004676616914,66,0.3283582089552239,1.2683459836242124
East-3,3,Third-party Delivery,204,2231118.09,10936.85338235294,66,0.3235294117647059,1.2635746419056488
North-11,11,Takeaway,185,2130853.64,11518.127783783784,69,0.372972972972973,1.2067907284622252
North-11,11,Website/App,178,2110636.31,11857.507359550562,71,0.398876404494382,1.1953408165864094
East-3,3,Takeaway,187,2101897.25,11240.092245989305,62,0.3315508021390374,1.1903915247225745
North-11,11,Dine-in,163,1948728.21,11955.387791411044,50,0.3067484662576687,1.1036455493587012
East-13,13,Third-party Delivery,199,1887082.24,9482.825326633165,66,0.3316582914572864,1.0687328816622654
East-13,13,Website/App,196,1884065.64,9612.579795918367,70,0.35714285714285715,1.0670244560608342
West-14,14,Dine-in,221,1853732.07,8387.927918552037,82,0.37104072398190047,1.0498452982106685
East-13,13,Takeaway,191,1808377.8,9467.94659685864,68,0.35602094240837695,1.0241592954253376
West-4,4,Takeaway,223,1771561.76,7944.223139013453,64,0.28699551569506726,1.003308846151546
East-13,13,Dine-in,186,1729738.69,9299.670376344086,68,0.3655913978494624,0.979622708274978
West-14,14,Third-party Delivery,196,1665219.26,8496.016632653062,67,0.34183673469387754,0.9430826810914745
Gulshan-18,18,Website/App,216,1654840.86,7661.300277777778,69,0.3194444444444444,0.9372049630440388
West-14,14,Takeaway,201,1638518.38,8151.832736318407,60,0.29850746268656714,0.9279608661432724
West-14,14,Website/App,200,1633891.33,8169.45665,62,0.31,0.9253403759625715
West-4,4,Third-party Delivery,201,1594296.06,7931.821194029851,67,0.3333333333333333,0.9029159335560257
Gulshan-8,8,Website/App,211,1558694.11,7387.175876777252,77,0.36492890995260663,0.8827530737665681
Gulshan-18,18,Dine-in,198,1542115.5,7788.462121212121,62,0.31313131313131315,0.8733639198316261
Gulshan-18,18,Takeaway,191,1489369.55,7797.746335078535,74,0.387434554973822,0.8434917023179296
Gulshan-8,8,Third-party Delivery,197,1489192.51,7559.352842639594,61,0.3096446700507614,0.843391437228598
Gulshan-18,18,Third-party Delivery,194,1486063.67,7660.122010309278,75,0.3865979381443299,0.8416194454634377
Gulshan-8,8,Dine-in,198,1449599.3699999999,7321.208939393939,61,0.30808080808080807,0.8209682011293289
West-4,4,Dine-in,182,1447798.6,7954.937362637364,67,0.36813186813186816,0.8199483504463451
West-4,4,Website/App,191,1445264.17,7566.828115183245,74,0.387434554973822,0.8185129976992006
Korangi-10,10,Dine-in,217,1436864.44,6621.495115207373,63,0.2903225806451613,0.8137558824777226
Gulshan-8,8,Takeaway,190,1373321.9,7228.009999999999,65,0.34210526315789475,0.7777691085879211
Korangi-10,10,Third-party Delivery,203,1367826.56,6738.0618719211825,61,0.30049261083743845,0.7746568697943889
Korangi-10,10,Website/App,200,1346983.83,6734.919150000001,84,0.42,0.7628527679791928
Korangi-10,10,Takeaway,193,1280894.15,6636.7572538860095,67,0.3471502590673575,0.7254234431424876
Korangi-20,20,Website/App,199,1111929.02,5587.583015075377,75,0.3768844221105528,0.6297314873508103
Korangi-20,20,Dine-in,192,1085712.71,5654.753697916666,63,0.328125,0.6148841044763622
Korangi-20,20,Takeaway,187,1036250.32,5541.445561497326,47,0.25133689839572193,0.5868715030761165
Korangi-20,20,Third-party Delivery,174,1011726.09,5814.517758620689,59,0.3390804597701149,0.5729824152330513
Defence-9,9,Website/App,208,1008906.25,4850.510817307692,62,0.2980769230769231,0.5713854229742367
Defence-9,9,Takeaway,201,976737.58,4859.390945273632,65,0.32338308457711445,0.553166971939298
Defence-9,9,Third-party Delivery,192,922783.08,4806.161875,64,0.3333333333333333,0.5226103024728699
Defence-9,9,Dine-in,172,816587.39,4747.601104651163,63,0.36627906976744184,0.46246728200026316
Defence-19,19,Third-party Delivery,207,763957.33,3690.6151207729467,69,0.3333333333333333,0.43266069779656785
Defence-19,19,Dine-in,201,736171.97,3662.5471144278604,79,0.39303482587064675,0.4169246968786516
Defence-19,19,Takeaway,174,627536.99,3606.534425287356,63,0.3620689655172414,0.35540020538392875
Defence-19,19,Website/App,171,622060.9,3637.7830409356725,65,0.38011695906432746,0.3522988686632027
