menu_item_id,item_name,category_id,category_name,restaurant_id,restaurant_name,city_area,units_sold,order_lines,revenue,estimated_cost,estimated_profit,average_selling_price,base_price,cost_price,is_available,item_status,profit_margin_percentage,sales_classification,profitability_classification,menu_business_classification,rating_count,average_rating,quantity_wasted,wastage_ratio,business_class,contradictory_case,features:units,features:revenue,features:profit,features:margin,features:rating,features:wastage_ratio
1,Menu Item 001,1,Burgers,1,Restaurant 001,North-1,4122,2788,3817765.82,1764710.64,2049561.83,928.2104913916786,923,428.12,1,Active,53.68484937612019,High Sales,High Profit,High Sales / High Profit,382,4.162303664921466,164,0.03826411572561829,Profit Driver,,4122,3817765.82,2049561.83,53.68484937612019,4.162303664921466,0.03826411572561829
2,Menu Item 002,2,Pizza,2,Restaurant 002,South-2,541,352,740761.69,444864.3,293030.99000000005,1368.120284090909,1364,822.3,1,Active,39.558064888587865,Low Sales,Low Profit,Low Sales / Low Profit,62,4.096774193548387,160,0.2282453637660485,Low Performer,,541,740761.69,293030.99000000005,39.558064888587865,4.096774193548387,0.2282453637660485
3,Menu Item 003,3,Biryani,3,Restaurant 003,East-3,479,303,183032.76,108234.84,72056.22,382.3894059405941,382,225.96,1,Seasonal,39.36793610061936,Low Sales,Low Profit,Low Sales / Low Profit,46,4.239130434782608,185,0.2786144578313253,Low Performer,,479,183032.76,72056.22,39.36793610061936,4.239130434782608,0.2786144578313253
4,Menu Item 004,4,Rice,4,Restaurant 004,West-4,1185,787,438715.12,179740.80000000002,256591.38,369.03800508259206,367,151.68,1,Active,58.48701544637896,High Sales,Low Profit,High Sales / Low Profit,91,4.208791208791209,140,0.10566037735849057,Volume Driver,,1185,438715.12,256591.38,58.48701544637896,4.208791208791209,0.10566037735849057
5,Menu Item 005,5,BBQ,5,Restaurant 005,Central-5,405,275,657561.79,307885.05,349676.74,1623.1245454545451,1622,760.21,1,Seasonal,53.17777664666312,Low Sales,Low Profit,Low Sales / Low Profit,40,4.175,137,0.25276752767527677,Hidden Opportunity,,405,657561.79,349676.74,53.17777664666312,4.175,0.25276752767527677
6,Menu Item 006,6,Pasta,6,Restaurant 006,Garden-6,2771,1889,2141913.48,837257.6499999999,1302168.5,772.3861619904711,771,302.15,1,Active,60.79463583188244,High Sales,High Profit,High Sales / High Profit,241,4.273858921161826,161,0.05491132332878581,Profit Driver,,2771,2141913.48,1302168.5,60.79463583188244,4.273858921161826,0.05491132332878581
7,Menu Item 007,7,Sandwiches,7,Restaurant 007,Clifton-7,731,474,729143.72,349103.67,379794.25,997.5681856540084,998,477.57,1,Seasonal,52.08770775670948,Low Sales,High Profit,Low Sales / High Profit,65,4.061538461538461,140,0.16073478760045926,Hidden Opportunity,High profit but heavy wastage,731,729143.72,379794.25,52.08770775670948,4.061538461538461,0.16073478760045926
8,Menu Item 008,8,Desserts,8,Restaurant 008,Gulshan-8,1099,749,521094.52,338184.28,180960.47,473.8011481975968,474,307.72,1,Active,34.72699540190904,Low Sales,Low Profit,Low Sales / Low Profit,99,4.202020202020202,205,0.15720858895705522,Low Performer,,1099,521094.52,180960.47,34.72699540190904,4.202020202020202,0.15720858895705522
9,Menu Item 009,9,Beverages,9,Restaurant 009,Defence-9,3557,2411,1328452.85,499224.95,825253.9,373.3814807133969,372,140.35,1,Active,62.12142945080813,High Sales,High Profit,High Sales / High Profit,295,4.227118644067796,222,0.05874569992061392,Profit Driver,,3557,1328452.85,825253.9,62.12142945080813,4.227118644067796,0.05874569992061392
10,Menu Item 010,10,Salads,10,Restaurant 010,Korangi-10,2978,2061,1078217.76,426747.4,651417.3099999999,362.1675400291121,362,143.3,1,Active,60.41611761245706,High Sales,High Profit,High Sales / High Profit,273,4.3003663003663,223,0.0696657294595439,Profit Driver,,2978,1078217.76,651417.3099999999,60.41611761245706,4.3003663003663,0.0696657294595439
11,Menu Item 011,1,Burgers,11,Restaurant 011,North-11,1540,1071,1766940.35,841209.6,920098.69,1148.9738001867413,1146,546.24,1,Active,52.07299103220999,High Sales,High Profit,High Sales / High Profit,128,4.21875,175,0.10204081632653061,Profit Driver,,1540,1766940.35,920098.69,52.07299103220999,4.21875,0.10204081632653061
12,Menu Item 012,2,Pizza,12,Restaurant 012,South-12,1764,1210,2614747.39,1381388.4,1230089.86,1482.372785123967,1481,783.1,1,Seasonal,47.04430969907192,High Sales,High Profit,High Sales / High Profit,119,4.235294117647059,138,0.07255520504731862,Profit Driver,,1764,2614747.39,1230089.86,47.04430969907192,4.235294117647059,0.07255520504731862
13,Menu Item 013,3,Biryani,13,Restaurant 013,East-13,2600,1740,1576717.78,1012128.0,559033.3600000001,607.278275862069,607,389.28,1,Active,35.4555118925595,High Sales,High Profit,High Sales / High Profit,194,4.020618556701031,218,0.0773598296664301,Volume Driver,,2600,1576717.78,559033.3600000001,35.4555118925595,4.020618556701031,0.0773598296664301
14,Menu Item 014,4,Rice,14,Restaurant 014,West-14,2805,1906,1169775.64,648600.15,520469.25000000006,417.01231899265474,417,231.23,1,Active,44.493083306128696,High Sales,High Profit,High Sales / High Profit,204,4.122549019607843,177,0.059356136820925554,Volume Driver,,2805,1169775.64,520469.25000000006,44.493083306128696,4.122549019607843,0.059356136820925554
15,Menu Item 015,5,BBQ,15,Restaurant 015,Central-15,510,346,660092.55,253454.7,406069.69,1293.7555202312135,1296,496.97,1,Seasonal,61.51708423311246,Low Sales,High Profit,Low Sales / High Profit,39,4.051282051282051,186,0.2672413793103448,Hidden Opportunity,High profit but heavy wastage,510,660092.55,406069.69,61.51708423311246,4.051282051282051,0.2672413793103448
16,Menu Item 016,6,Pasta,16,Restaurant 016,Garden-16,1401,932,1351383.07,474014.34,873987.68,964.6729399141632,964,338.34,1,Active,64.67357031489229,High Sales,High Profit,High Sales / High Profit,116,4.258620689655173,166,0.10593490746649649,Profit Driver,,1401,1351383.07,873987.68,64.67357031489229,4.258620689655173,0.10593490746649649
17,Menu Item 017,7,Sandwiches,17,Restaurant 017,Clifton-17,3966,2696,2311631.8,1159420.44,1149730.6900000002,583.3290541543026,582,292.34,1,Active,49.73675695238317,High Sales,High Profit,High Sales / High Profit,348,4.123563218390805,106,0.026031434184675836,Profit Driver,,3966,2311631.8,1149730.6900000002,49.73675695238317,4.123563218390805,0.026031434184675836
18,Menu Item 018,8,Desserts,18,Restaurant 018,Gulshan-18,534,363,295719.56,178564.25999999998,115482.38,554.058953168044,555,334.39,1,Active,39.05131605092338,Low Sales,Low Profit,Low Sales / Low Profit,50,4.2,185,0.2573018080667594,Low Performer,,534,295719.56,115482.38,39.05131605092338,4.2,0.2573018080667594
19,Menu Item 019,9,Beverages,19,Restaurant 019,Defence-19,1441,990,449689.59,259365.59000000003,189929.09,312.47340404040403,311,179.99,1,Active,42.23559856033136,High Sales,Low Profit,High Sales / Low Profit,125,4.296,228,0.1366087477531456,Volume Driver,,1441,449689.59,189929.09,42.23559856033136,4.296,0.1366087477531456
20,Menu Item 020,10,Salads,20,Restaurant 020,Korangi-20,549,362,327570.1,158391.99,164010.27000000002,592.8122375690608,581,288.51,1,Active,50.06875474898352,Low Sales,Low Profit,Low Sales / Low Profit,52,4.096153846153846,190,0.2571041948579161,Hidden Opportunity,,549,327570.1,164010.27000000002,50.06875474898352,4.096153846153846,0.2571041948579161
21,Menu Item 021,1,Burgers,1,Restaurant 001,North-1,2289,1560,1753881.51,737698.9199999999,1010210.57,765.7208525641025,764,322.28,1,Active,57.59856434087158,High Sales,High Profit,High Sales / High Profit,172,4.244186046511628,229,0.090945194598888,Profit Driver,,2289,1753881.51,1010210.57,57.59856434087158,4.244186046511628,0.090945194598888
22,Menu Item 022,2,Pizza,2,Restaurant 002,South-2,4617,3125,3988131.99,1493460.9900000002,2493464.18,863.6675872,861,323.47,1,Seasonal,62.52210774999951,High Sales,High Profit,High Sales / High Profit,392,4.1938775510204085,213,0.044099378881987575,Profit Driver,,4617,3988131.99,2493464.18,62.52210774999951,4.1938775510204085,0.044099378881987575
23,Menu Item 023,3,Biryani,3,Restaurant 003,East-3,482,331,202507.34,130250.86000000002,71479.87999999999,420.4495468277945,420,270.23,1,Active,35.297426750062485,Low Sales,Low Profit,Low Sales / Low Profit,36,4.361111111111111,223,0.31631205673758866,Low Performer,,482,202507.34,71479.87999999999,35.297426750062485,4.361111111111111,0.31631205673758866
24,Menu Item 024,4,Rice,4,Restaurant 004,West-4,1178,807,938818.2,587079.86,350540.08,796.4375588599752,786,498.37,1,Active,37.3384410315011,High Sales,Low Profit,High Sales / Low Profit,122,4.221311475409836,166,0.12351190476190477,Volume Driver,,1178,938818.2,350540.08,37.3384410315011,4.221311475409836,0.12351190476190477
25,Menu Item 025,5,BBQ,5,Restaurant 005,Central-5,373,252,627238.22,383335.83,243902.39,1680.7680555555555,1680,1027.71,1,Seasonal,38.88512884307337,Low Sales,Low Profit,Low Sales / Low Profit,31,4.419354838709677,217,0.3677966101694915,Low Performer,,373,627238.22,243902.39,38.88512884307337,4.419354838709677,0.3677966101694915
26,Menu Item 026,6,Pasta,6,Restaurant 006,Garden-6,2700,1846,2855145.14,1637711.9999999998,1214942.35,1057.144192849404,1052,606.56,1,Active,42.552735164980085,High Sales,High Profit,High Sales / High Profit,235,4.25531914893617,151,0.052963872325499824,Volume Driver,,2700,2855145.14,1214942.35,42.552735164980085,4.25531914893617,0.052963872325499824
27,Menu Item 027,7,Sandwiches,7,Restaurant 007,Clifton-7,1317,897,948659.43,444764.07,503824.84,721.4440133779265,719,337.71,1,Active,53.109137385584205,High Sales,High Profit,High Sales / High Profit,110,4.263636363636364,184,0.12258494337108594,Profit Driver,,1317,948659.43,503824.84,53.109137385584205,4.263636363636364,0.12258494337108594
28,Menu Item 028,8,Desserts,8,Restaurant 008,Gulshan-8,373,264,290702.98,141053.68000000002,147513.06999999998,779.8659848484848,779,378.16,1,Active,50.74356994895615,Low Sales,Low Profit,Low Sales / Low Profit,29,4.448275862068965,195,0.34330985915492956,Hidden Opportunity,,373,290702.98,147513.06999999998,50.74356994895615,4.448275862068965,0.34330985915492956
29,Menu Item 029,9,Beverages,9,Restaurant 009,Defence-9,1316,886,200256.48,90303.92,109844.7,152.2258803611738,152,68.62,1,Active,54.85200778521624,High Sales,Low Profit,High Sales / Low Profit,104,4.3173076923076925,131,0.09053213545266067,Volume Driver,,1316,200256.48,109844.7,54.85200778521624,4.3173076923076925,0.09053213545266067
30,Menu Item 030,10,Salads,10,Restaurant 010,Korangi-10,381,259,181066.31,63729.87,117336.44,474.4745945945946,475,167.27,1,Active,64.80302161125391,Low Sales,Low Profit,Low Sales / Low Profit,26,4.1923076923076925,178,0.3184257602862254,Hidden Opportunity,,381,181066.31,117336.44,64.80302161125391,4.1923076923076925,0.3184257602862254
31,Menu Item 031,1,Burgers,11,Restaurant 011,North-11,897,611,473831.09,289390.14,184173.14,525.728968903437,519,322.62,1,Active,38.868943783321605,Low Sales,Low Profit,Low Sales / Low Profit,67,3.955223880597015,133,0.129126213592233,Low Performer,,897,473831.09,184173.14,38.868943783321605,3.955223880597015,0.129126213592233
32,Menu Item 032,2,Pizza,12,Restaurant 012,South-12,544,368,958514.39,401635.2,556879.1900000001,1765.8051086956525,1752,738.3,1,Seasonal,58.09815646064532,Low Sales,High Profit,Low Sales / High Profit,52,4.288461538461538,175,0.24339360222531292,Hidden Opportunity,High profit but heavy wastage,544,958514.39,556879.1900000001,58.09815646064532,4.288461538461538,0.24339360222531292
33,Menu Item 033,3,Biryani,13,Restaurant 013,East-13,496,348,447568.54,174344.0,273224.54,902.9514367816092,902,351.5,1,Seasonal,61.04641313708064,Low Sales,Low Profit,Low Sales / Low Profit,33,4.212121212121212,180,0.26627218934911245,Hidden Opportunity,,496,447568.54,273224.54,61.04641313708064,4.212121212121212,0.26627218934911245
34,Menu Item 034,4,Rice,14,Restaurant 014,West-14,327,231,255800.93,151832.63999999998,103819.1,781.820303030303,784,464.32,1,Active,40.58589622797697,Low Sales,Low Profit,Low Sales / Low Profit,37,4.297297297297297,217,0.39889705882352944,Low Performer,,327,255800.93,103819.1,40.58589622797697,4.297297297297297,0.39889705882352944
35,Menu Item 035,5,BBQ,15,Restaurant 015,Central-15,1059,710,844871.42,462846.54,370871.95,798.4142253521127,798,437.06,1,Active,43.89685119186538,Low Sales,High Profit,Low Sales / High Profit,101,4.207920792079208,162,0.13267813267813267,Low Performer,,1059,844871.42,370871.95,43.89685119186538,4.207920792079208,0.13267813267813267
36,Menu Item 036,6,Pasta,16,Restaurant 016,Garden-16,2348,1590,2162199.65,1058713.2,1098455.9,922.4157106918238,920,450.9,1,Active,50.80270455135816,High Sales,High Profit,High Sales / High Profit,212,4.150943396226415,195,0.07668108533228471,Profit Driver,,2348,2162199.65,1098455.9,50.80270455135816,4.150943396226415,0.07668108533228471
37,Menu Item 037,7,Sandwiches,17,Restaurant 017,Clifton-17,489,337,530974.5,337297.53,193093.66,1091.2569436201782,1069,689.77,1,Active,36.36590081067923,Low Sales,Low Profit,Low Sales / Low Profit,37,4.378378378378378,159,0.24537037037037038,Low Performer,,489,530974.5,193093.66,36.36590081067923,4.378378378378378,0.24537037037037038
38,Menu Item 038,8,Desserts,18,Restaurant 018,Gulshan-18,517,346,342328.17,194557.44,146021.66,662.7684104046243,662,376.32,1,Active,42.65546127857372,Low Sales,Low Profit,Low Sales / Low Profit,33,4.333333333333333,205,0.2839335180055402,Low Performer,,517,342328.17,146021.66,42.65546127857372,4.333333333333333,0.2839335180055402
39,Menu Item 039,9,Beverages,19,Restaurant 019,Defence-19,497,357,109662.13,44103.78,65229.73,221.77075630252105,218,88.74,1,Seasonal,59.48245761777562,Low Sales,Low Profit,Low Sales / Low Profit,46,3.978260869565217,204,0.29101283880171186,Hidden Opportunity,,497,109662.13,65229.73,59.48245761777562,3.978260869565217,0.29101283880171186
40,Menu Item 040,10,Salads,20,Restaurant 020,Korangi-20,600,394,408406.45,165744.0,235758.94,680.7473604060914,682,276.24,1,Seasonal,57.72654667917219,Low Sales,Low Profit,Low Sales / Low Profit,48,4.4375,157,0.2073976221928666,Hidden Opportunity,,600,408406.45,235758.94,57.72654667917219,4.4375,0.2073976221928666
41,Menu Item 041,1,Burgers,1,Restaurant 001,North-1,811,553,430226.55,206407.61,222953.92,529.3761121157323,527,254.51,1,Active,51.82244563939628,Low Sales,Low Profit,Low Sales / Low Profit,62,4.161290322580645,176,0.17831813576494426,Hidden Opportunity,,811,430226.55,222953.92,51.82244563939628,4.161290322580645,0.17831813576494426
42,Menu Item 042,2,Pizza,2,Restaurant 002,South-2,582,385,425134.38,272207.22,152890.74000000002,730.9697662337662,730,467.71,1,Active,35.96292071226985,Low Sales,Low Profit,Low Sales / Low Profit,51,4.176470588235294,143,0.19724137931034483,Low Performer,,582,425134.38,152890.74000000002,35.96292071226985,4.176470588235294,0.19724137931034483
43,Menu Item 043,3,Biryani,3,Restaurant 003,East-3,3647,2434,2805739.34,1384765.9,1415760.65,768.0560024650781,766,379.7,1,Active,50.45945037788151,High Sales,High Profit,High Sales / High Profit,299,4.240802675585284,156,0.04102024717328425,Profit Driver,,3647,2805739.34,1415760.65,50.45945037788151,4.240802675585284,0.04102024717328425
44,Menu Item 044,4,Rice,4,Restaurant 004,West-4,2263,1584,1606495.7,997349.36,602849.7799999999,710.2360795454546,710,440.72,1,Active,37.52576368551749,High Sales,High Profit,High Sales / High Profit,197,4.289340101522843,148,0.061385317295727916,Volume Driver,,2263,1606495.7,602849.7799999999,37.52576368551749,4.289340101522843,0.061385317295727916
45,Menu Item 045,5,BBQ,5,Restaurant 005,Central-5,3160,2157,1920738.48,1232210.4,686924.18,607.3615948076032,604,389.94,1,Active,35.76354548798336,High Sales,High Profit,High Sales / High Profit,286,4.321678321678322,161,0.04847937368262571,Volume Driver,,3160,1920738.48,686924.18,35.76354548798336,4.321678321678322,0.04847937368262571
46,Menu Item 046,6,Pasta,6,Restaurant 006,Garden-6,2650,1778,3463176.78,1679861.5,1761522.1700000002,1309.8066816647918,1303,633.91,1,Seasonal,50.86434455708034,High Sales,High Profit,High Sales / High Profit,245,4.253061224489796,136,0.048815506101938265,Profit Driver,,2650,3463176.78,1761522.1700000002,50.86434455708034,4.253061224489796,0.048815506101938265
47,Menu Item 047,7,Sandwiches,7,Restaurant 007,Clifton-7,652,454,634436.24,346577.11999999994,286370.47000000003,974.8852643171806,969,531.56,1,Seasonal,45.137785634692,Low Sales,Low Profit,Low Sales / Low Profit,56,4.160714285714286,130,0.16624040920716113,Low Performer,,652,634436.24,286370.47000000003,45.137785634692,4.160714285714286,0.16624040920716113
48,Menu Item 048,8,Desserts,8,Restaurant 008,Gulshan-8,1093,770,487796.74,213047.56,274303.79000000004,445.2109090909091,444,194.92,1,Active,56.23321508872733,Low Sales,Low Profit,Low Sales / Low Profit,90,4.344444444444444,181,0.14207221350078492,Hidden Opportunity,,1093,487796.74,274303.79000000004,56.23321508872733,4.344444444444444,0.14207221350078492
49,Menu Item 049,9,Beverages,9,Restaurant 009,Defence-9,444,302,220772.94,112900.32,107771.83,496.9383112582781,496,254.28,1,Active,48.81568819077194,Low Sales,Low Profit,Low Sales / Low Profit,50,4.04,180,0.28846153846153844,Hidden Opportunity,,444,220772.94,107771.83,48.81568819077194,4.04,0.28846153846153844
50,Menu Item 050,10,Salads,10,Restaurant 010,Korangi-10,366,252,110299.86,57864.6,52419.58,300.90253968253967,301,158.1,1,Active,47.52461154529117,Low Sales,Low Profit,Low Sales / Low Profit,40,4.0,166,0.31203007518796994,Hidden Opportunity,,366,110299.86,52419.58,47.52461154529117,4.0,0.31203007518796994
51,Menu Item 051,1,Burgers,11,Restaurant 011,North-11,833,582,825192.32,302220.73,518923.4,987.5642955326462,970,362.81,1,Active,62.885146580132975,Low Sales,High Profit,Low Sales / High Profit,74,4.162162162162162,183,0.18011811023622049,Hidden Opportunity,High profit but heavy wastage,833,825192.32,518923.4,62.885146580132975,4.162162162162162,0.18011811023622049
52,Menu Item 052,2,Pizza,12,Restaurant 012,South-12,1168,788,981760.17,541484.8,440275.37,841.1474492385786,839,463.6,1,Active,44.84551150613495,High Sales,High Profit,High Sales / High Profit,103,4.223300970873787,215,0.1554591467823572,Volume Driver,High profit but heavy wastage,1168,981760.17,440275.37,44.84551150613495,4.223300970873787,0.1554591467823572
53,Menu Item 053,3,Biryani,13,Restaurant 013,East-13,1620,1084,764501.29,483618.6,276208.83,471.5776291512916,472,298.53,1,Active,36.12928239794076,High Sales,Low Profit,High Sales / Low Profit,130,4.2,145,0.0821529745042493,Volume Driver,,1620,764501.29,276208.83,36.12928239794076,4.2,0.0821529745042493
54,Menu Item 054,4,Rice,14,Restaurant 014,West-14,1821,1225,619210.52,331749.78,284508.01,340.00528163265307,340,182.18,1,Seasonal,45.946895411273054,High Sales,Low Profit,High Sales / Low Profit,159,4.220125786163522,164,0.08261964735516372,Volume Driver,,1821,619210.52,284508.01,45.946895411273054,4.220125786163522,0.08261964735516372
55,Menu Item 055,5,BBQ,15,Restaurant 015,Central-15,467,324,839133.77,435533.54,401786.61,1795.1403395061727,1795,932.62,1,Active,47.88111554609464,Low Sales,High Profit,Low Sales / High Profit,41,4.317073170731708,220,0.32023289665211063,Hidden Opportunity,High profit but heavy wastage,467,839133.77,401786.61,47.88111554609464,4.317073170731708,0.32023289665211063
56,Menu Item 056,6,Pasta,16,Restaurant 016,Garden-16,526,358,373606.74,205455.6,164359.05,710.3171508379888,709,390.6,1,Active,43.99252807912406,Low Sales,Low Profit,Low Sales / Low Profit,57,4.157894736842105,152,0.22418879056047197,Low Performer,,526,373606.74,164359.05,43.99252807912406,4.157894736842105,0.22418879056047197
57,Menu Item 057,7,Sandwiches,17,Restaurant 017,Clifton-17,937,629,628498.17,294705.24,333041.68,670.520906200318,671,314.52,1,Active,52.99007950969848,Low Sales,Low Profit,Low Sales / Low Profit,81,4.061728395061729,184,0.1641391614629795,Hidden Opportunity,,937,628498.17,333041.68,52.99007950969848,4.061728395061729,0.1641391614629795
58,Menu Item 058,8,Desserts,18,Restaurant 018,Gulshan-18,573,385,333496.2,206423.25,126779.11,579.8773506493507,573,360.25,1,Active,38.01515879341354,Low Sales,Low Profit,Low Sales / Low Profit,51,4.03921568627451,183,0.24206349206349206,Low Performer,,573,333496.2,126779.11,38.01515879341354,4.03921568627451,0.24206349206349206
59,Menu Item 059,9,Beverages,19,Restaurant 019,Defence-19,517,348,186939.56,98162.79,87242.84999999999,360.9760632183908,354,189.87,1,Active,46.6690143060142,Low Sales,Low Profit,Low Sales / Low Profit,43,3.953488372093023,195,0.273876404494382,Low Performer,,517,186939.56,87242.84999999999,46.6690143060142,3.953488372093023,0.273876404494382
60,Menu Item 060,10,Salads,20,Restaurant 020,Korangi-20,560,372,448780.21,185449.6,262737.73,805.6045698924731,800,331.16,1,Active,58.54485651227802,Low Sales,Low Profit,Low Sales / Low Profit,53,4.30188679245283,161,0.22330097087378642,Hidden Opportunity,,560,448780.21,262737.73,58.54485651227802,4.30188679245283,0.22330097087378642
61,Menu Item 061,1,Burgers,1,Restaurant 001,North-1,728,483,588878.78,360876.88,226387.16000000003,811.0213457556936,807,495.71,1,Active,38.4437625685884,Low Sales,Low Profit,Low Sales / Low Profit,71,4.23943661971831,163,0.1829405162738496,Low Performer,,728,588878.78,226387.16000000003,38.4437625685884,4.23943661971831,0.1829405162738496
62,Menu Item 062,2,Pizza,2,Restaurant 002,South-2,1574,1101,2017313.45,802377.98,1209615.5,1282.5437420526794,1283,509.77,1,Active,59.961703026369065,High Sales,High Profit,High Sales / High Profit,127,4.086614173228346,184,0.10466439135381114,Profit Driver,,1574,2017313.45,1209615.5,59.961703026369065,4.086614173228346,0.10466439135381114
63,Menu Item 063,3,Biryani,3,Restaurant 003,East-3,2222,1525,1983198.1,697574.6799999999,1283027.56,893.4102032786885,891,313.94,1,Active,64.69487642207805,High Sales,High Profit,High Sales / High Profit,190,4.221052631578948,165,0.06912442396313365,Profit Driver,,2222,1983198.1,1283027.56,64.69487642207805,4.221052631578948,0.06912442396313365
64,Menu Item 064,4,Rice,4,Restaurant 004,West-4,1235,831,503483.48,316728.1,186353.27,407.9520938628159,406,256.46,1,Active,37.01278739076008,High Sales,Low Profit,High Sales / Low Profit,98,4.142857142857143,148,0.10701373825018076,Volume Driver,,1235,503483.48,186353.27,37.01278739076008,4.142857142857143,0.10701373825018076
65,Menu Item 065,5,BBQ,5,Restaurant 005,Central-5,398,275,336648.58,205264.52,127736.85,843.4148,836,515.74,1,Active,37.94367705338308,Low Sales,Low Profit,Low Sales / Low Profit,37,4.216216216216216,163,0.2905525846702317,Low Performer,,398,336648.58,127736.85,37.94367705338308,4.216216216216216,0.2905525846702317
66,Menu Item 066,6,Pasta,6,Restaurant 006,Garden-6,608,403,479367.11,254618.24,224748.87,787.3529776674937,788,418.78,1,Active,46.88449943927109,Low Sales,Low Profit,Low Sales / Low Profit,55,4.381818181818182,174,0.22250639386189258,Hidden Opportunity,,608,479367.11,224748.87,46.88449943927109,4.381818181818182,0.22250639386189258
67,Menu Item 067,7,Sandwiches,7,Restaurant 007,Clifton-7,717,468,761236.82,455696.52,304591.13000000006,1061.2173717948715,1049,635.56,1,Seasonal,40.01266386457766,Low Sales,Low Profit,Low Sales / Low Profit,63,4.142857142857143,237,0.24842767295597484,Low Performer,,717,761236.82,304591.13000000006,40.01266386457766,4.142857142857143,0.24842767295597484
68,Menu Item 068,8,Desserts,8,Restaurant 008,Gulshan-8,3064,2080,927028.67,349479.84,573875.15,302.9837067307692,302,114.06,1,Seasonal,61.904789848624645,High Sales,High Profit,High Sales / High Profit,279,4.265232974910394,185,0.05694059710680209,Profit Driver,,3064,927028.67,573875.15,61.904789848624645,4.265232974910394,0.05694059710680209
69,Menu Item 069,9,Beverages,9,Restaurant 009,Defence-9,3401,2321,891249.52,322414.8,567900.9299999999,262.08200344679017,261,94.8,1,Active,63.719633756436686,High Sales,High Profit,High Sales / High Profit,308,4.295454545454546,174,0.04867132867132867,Profit Driver,,3401,891249.52,567900.9299999999,63.719633756436686,4.295454545454546,0.04867132867132867
70,Menu Item 070,10,Salads,10,Restaurant 010,Korangi-10,388,252,148455.19,80413.0,68023.51,382.8668650793651,383,207.25,1,Active,45.820903937410336,Low Sales,Low Profit,Low Sales / Low Profit,33,4.242424242424242,178,0.31448763250883394,Low Performer,,388,148455.19,68023.51,45.820903937410336,4.242424242424242,0.31448763250883394
71,Menu Item 071,1,Burgers,11,Restaurant 011,North-11,2540,1712,2304821.82,1181049.2,1122592.3,907.5338084112147,902,464.98,1,Seasonal,48.70625096737413,High Sales,High Profit,High Sales / High Profit,223,4.179372197309417,197,0.07197661673364998,Profit Driver,,2540,2304821.82,1122592.3,48.70625096737413,4.179372197309417,0.07197661673364998
72,Menu Item 072,2,Pizza,12,Restaurant 012,South-12,1753,1194,1267237.01,483442.34,778591.2000000001,724.4866582914573,719,275.78,1,Active,61.440061634563534,High Sales,High Profit,High Sales / High Profit,168,4.25,153,0.08027282266526757,Profit Driver,,1753,1267237.01,778591.2000000001,61.440061634563534,4.25,0.08027282266526757
73,Menu Item 073,3,Biryani,13,Restaurant 013,East-13,1015,699,391862.52,235226.25,156307.68,385.7182117310444,386,231.75,1,Active,39.88839759413582,Low Sales,Low Profit,Low Sales / Low Profit,93,4.10752688172043,147,0.12650602409638553,Low Performer,,1015,391862.52,156307.68,39.88839759413582,4.10752688172043,0.12650602409638553
74,Menu Item 074,4,Rice,14,Restaurant 014,West-14,2773,1896,1206429.41,432310.7,774118.71,434.6353270042194,430,155.9,1,Active,64.1661006921242,High Sales,High Profit,High Sales / High Profit,256,4.1875,154,0.05261359754014349,Profit Driver,,2773,1206429.41,774118.71,64.1661006921242,4.1875,0.05261359754014349
75,Menu Item 075,5,BBQ,15,Restaurant 015,Central-15,2681,1813,1837027.42,1131382.0,698936.28,684.7447931605075,681,422.0,1,Active,38.04713377658784,High Sales,High Profit,High Sales / High Profit,220,4.195454545454545,155,0.05465444287729196,Volume Driver,,2681,1837027.42,698936.28,38.04713377658784,4.195454545454545,0.05465444287729196
76,Menu Item 076,6,Pasta,16,Restaurant 016,Garden-16,3680,2540,2777879.72,1528340.8,1243324.61,755.2550866141733,755,415.31,1,Active,44.75804337561454,High Sales,High Profit,High Sales / High Profit,343,4.206997084548105,150,0.0391644908616188,Volume Driver,,3680,2777879.72,1243324.61,44.75804337561454,4.206997084548105,0.0391644908616188
77,Menu Item 077,7,Sandwiches,17,Restaurant 017,Clifton-17,1424,985,1397858.23,852449.12,541115.15,979.6615126903552,973,598.63,1,Seasonal,38.71030254620313,High Sales,High Profit,High Sales / High Profit,127,4.188976377952756,195,0.12044471896232242,Volume Driver,,1424,1397858.23,541115.15,38.71030254620313,4.188976377952756,0.12044471896232242
78,Menu Item 078,8,Desserts,18,Restaurant 018,Gulshan-18,4287,2891,1751161.31,1097943.57,647289.1499999999,408.79264268419234,408,256.11,1,Active,36.96342229032001,High Sales,High Profit,High Sales / High Profit,332,4.289156626506024,152,0.03424194638432079,Volume Driver,,4287,1751161.31,647289.1499999999,36.96342229032001,4.289156626506024,0.03424194638432079
79,Menu Item 079,9,Beverages,19,Restaurant 019,Defence-19,1022,720,207926.81,133371.0,73955.19,203.47426388888888,203,130.5,1,Active,35.56789526083722,Low Sales,Low Profit,Low Sales / Low Profit,81,4.148148148148148,175,0.14619883040935672,Low Performer,,1022,207926.81,73955.19,35.56789526083722,4.148148148148148,0.14619883040935672
80,Menu Item 080,10,Salads,20,Restaurant 020,Korangi-20,4261,2839,1174180.44,473184.05,698392.44,275.4546460021134,275,111.05,1,Active,59.47914104241082,High Sales,High Profit,High Sales / High Profit,346,4.326589595375722,134,0.03048919226393629,Profit Driver,,4261,1174180.44,698392.44,59.47914104241082,4.326589595375722,0.03048919226393629
81,Menu Item 081,1,Burgers,1,Restaurant 001,North-1,794,541,694718.39,408489.18000000005,285702.97,876.496303142329,871,514.47,1,Active,41.12500462237655,Low Sales,Low Profit,Low Sales / Low Profit,66,4.015151515151516,144,0.1535181236673774,Low Performer,,794,694718.39,285702.97,41.12500462237655,4.015151515151516,0.1535181236673774
82,Menu Item 082,2,Pizza,2,Restaurant 002,South-2,1220,812,1251958.06,733769.0,518037.0,1025.813435960591,1026,601.45,1,Active,41.37814329019935,High Sales,High Profit,High Sales / High Profit,109,4.26605504587156,135,0.0996309963099631,Volume Driver,,1220,1251958.06,518037.0,41.37814329019935,4.26605504587156,0.0996309963099631
83,Menu Item 083,3,Biryani,3,Restaurant 003,East-3,447,313,173751.04,105648.45,66395.90000000001,388.697891373802,389,236.35,1,Active,38.21323889629668,Low Sales,Low Profit,Low Sales / Low Profit,42,4.095238095238095,144,0.2436548223350254,Low Performer,,447,173751.04,66395.90000000001,38.21323889629668,4.095238095238095,0.2436548223350254
84,Menu Item 084,4,Rice,4,Restaurant 004,West-4,1190,785,921052.75,417368.7,500860.9,774.565515923567,771,350.73,1,Active,54.37917643696303,High Sales,High Profit,High Sales / High Profit,115,4.217391304347826,189,0.13705583756345177,Profit Driver,,1190,921052.75,500860.9,54.37917643696303,4.217391304347826,0.13705583756345177
85,Menu Item 085,5,BBQ,5,Restaurant 005,Central-5,392,258,254146.36,139203.12,114689.64,649.0668604651163,648,355.11,1,Seasonal,45.12739824406692,Low Sales,Low Profit,Low Sales / Low Profit,33,4.515151515151516,134,0.25475285171102663,Low Performer,,392,254146.36,114689.64,45.12739824406692,4.515151515151516,0.25475285171102663
86,Menu Item 086,6,Pasta,6,Restaurant 006,Garden-6,487,336,384586.64,232936.97,150856.88,792.4908333333333,785,478.31,1,Active,39.22572037343783,Low Sales,Low Profit,Low Sales / Low Profit,40,4.1,182,0.27204783258594917,Low Performer,,487,384586.64,150856.88,39.22572037343783,4.1,0.27204783258594917
87,Menu Item 087,7,Sandwiches,7,Restaurant 007,Clifton-7,690,469,726779.47,366376.2,356882.89,1054.303475479744,1056,530.98,1,Active,49.10470159538216,Low Sales,Low Profit,Low Sales / Low Profit,43,4.1395348837209305,197,0.22209695603156707,Hidden Opportunity,,690,726779.47,356882.89,49.10470159538216,4.1395348837209305,0.22209695603156707
88,Menu Item 088,8,Desserts,8,Restaurant 008,Gulshan-8,348,240,127745.1,78519.24,48863.69,367.065,368,225.63,1,Active,38.25093095547305,Low Sales,Low Profit,Low Sales / Low Profit,23,4.3478260869565215,197,0.3614678899082569,Low Performer,,348,127745.1,48863.69,38.25093095547305,4.3478260869565215,0.3614678899082569
89,Menu Item 089,9,Beverages,9,Restaurant 009,Defence-9,445,300,186838.29,118530.2,66826.0,421.5855666666666,417,266.36,1,Active,35.76675851614784,Low Sales,Low Profit,Low Sales / Low Profit,34,4.088235294117647,174,0.28109854604200324,Low Performer,,445,186838.29,66826.0,35.76675851614784,4.088235294117647,0.28109854604200324
90,Menu Item 090,10,Salads,10,Restaurant 010,Korangi-10,1799,1212,654639.15,343537.04000000004,311048.71,363.0382095709571,361,190.96,1,Active,47.51452918756844,High Sales,Low Profit,High Sales / Low Profit,142,4.211267605633803,148,0.07601438109912687,Volume Driver,,1799,654639.15,311048.71,47.51452918756844,4.211267605633803,0.07601438109912687
91,Menu Item 091,1,Burgers,11,Restaurant 011,North-11,1704,1142,1316178.29,631826.16,684116.1699999999,772.6841593695272,771,370.79,1,Active,51.97746955695492,High Sales,High Profit,High Sales / High Profit,144,4.236111111111111,163,0.08730583824317087,Profit Driver,,1704,1316178.29,684116.1699999999,51.97746955695492,4.236111111111111,0.08730583824317087
92,Menu Item 092,2,Pizza,12,Restaurant 012,South-12,567,381,618871.36,263297.79,355308.3,1091.6681102362204,1089,464.37,1,Seasonal,57.41230293804516,Low Sales,Low Profit,Low Sales / Low Profit,52,4.230769230769231,139,0.19688385269121814,Hidden Opportunity,,567,618871.36,355308.3,57.41230293804516,4.230769230769231,0.19688385269121814
93,Menu Item 093,3,Biryani,13,Restaurant 013,East-13,533,371,470099.21,295074.13,175025.08,881.4783827493261,882,553.61,1,Active,37.23151970410671,Low Sales,Low Profit,Low Sales / Low Profit,55,4.363636363636363,180,0.25245441795231416,Low Performer,,533,470099.21,175025.08,37.23151970410671,4.363636363636363,0.25245441795231416
94,Menu Item 094,4,Rice,14,Restaurant 014,West-14,1072,731,794457.84,294703.52,492437.93,740.9682900136798,741,274.91,1,Active,61.98414883790435,Low Sales,High Profit,Low Sales / High Profit,88,4.204545454545454,143,0.1176954732510288,Hidden Opportunity,,1072,794457.84,492437.93,61.98414883790435,4.204545454545454,0.1176954732510288
95,Menu Item 095,5,BBQ,15,Restaurant 015,Central-15,2563,1717,3193460.71,1747658.44,1438903.38,1246.962731508445,1242,681.88,1,Active,45.05780752192189,High Sales,High Profit,High Sales / High Profit,209,4.1913875598086126,193,0.07002902757619739,Volume Driver,,2563,3193460.71,1438903.38,45.05780752192189,4.1913875598086126,0.07002902757619739
96,Menu Item 096,6,Pasta,16,Restaurant 016,Garden-16,462,313,378724.3,187211.64,187347.04,817.0386261980831,807,405.22,1,Seasonal,49.46792165171339,Low Sales,Low Profit,Low Sales / Low Profit,43,4.348837209302325,188,0.28923076923076924,Hidden Opportunity,,462,378724.3,187347.04,49.46792165171339,4.348837209302325,0.28923076923076924
97,Menu Item 097,7,Sandwiches,17,Restaurant 017,Clifton-17,505,353,410725.39,229290.2,181435.19,812.7646175637393,812,454.04,1,Active,44.174330201500325,Low Sales,Low Profit,Low Sales / Low Profit,41,4.317073170731708,118,0.18940609951845908,Low Performer,,505,410725.39,181435.19,44.174330201500325,4.317073170731708,0.18940609951845908
98,Menu Item 098,8,Desserts,18,Restaurant 018,Gulshan-18,2663,1810,1811246.93,995029.95,812650.8200000001,680.7241104972375,680,373.65,1,Seasonal,44.86692601323002,High Sales,High Profit,High Sales / High Profit,212,4.188679245283019,160,0.05667729365922777,Volume Driver,,2663,1811246.93,812650.8200000001,44.86692601323002,4.188679245283019,0.05667729365922777
99,Menu Item 099,9,Beverages,19,Restaurant 019,Defence-19,938,635,196159.32,104812.12,90500.63,209.16781102362205,209,111.74,1,Active,46.13628860458937,Low Sales,Low Profit,Low Sales / Low Profit,68,4.029411764705882,170,0.15342960288808663,Low Performer,,938,196159.32,90500.63,46.13628860458937,4.029411764705882,0.15342960288808663
100,Menu Item 100,10,Salads,20,Restaurant 020,Korangi-20,514,339,414849.34,250163.8,162690.44,808.129233038348,811,486.7,1,Active,39.21675276137597,Low Sales,Low Profit,Low Sales / Low Profit,47,4.042553191489362,167,0.24522760646108663,Low Performer,,514,414849.34,162690.44,39.21675276137597,4.042553191489362,0.24522760646108663
101,Menu Item 101,1,Burgers,1,Restaurant 001,North-1,1581,1079,1050782.6,503564.31,546595.14,665.1398053753476,665,318.51,1,Active,52.0179093182548,High Sales,High Profit,High Sales / High Profit,123,4.170731707317073,213,0.11872909698996656,Profit Driver,,1581,1050782.6,546595.14,52.0179093182548,4.170731707317073,0.11872909698996656
102,Menu Item 102,2,Pizza,2,Restaurant 002,South-2,1694,1167,2733020.42,1311443.98,1420843.22,1610.543410454156,1604,774.17,1,Active,51.98802063835293,High Sales,High Profit,High Sales / High Profit,158,4.462025316455696,202,0.10654008438818566,Profit Driver,,1694,2733020.42,1420843.22,51.98802063835293,4.462025316455696,0.10654008438818566
103,Menu Item 103,3,Biryani,3,Restaurant 003,East-3,2290,1541,1909559.04,1123222.1,782939.3099999999,833.9323880597016,834,490.49,1,Active,41.00105278755874,High Sales,High Profit,High Sales / High Profit,163,4.214723926380368,181,0.07324969647915823,Volume Driver,,2290,1909559.04,782939.3099999999,41.00105278755874,4.214723926380368,0.07324969647915823
104,Menu Item 104,4,Rice,4,Restaurant 004,West-4,1198,802,465637.76,201216.08,261874.31,390.2929675810474,386,167.96,1,Active,56.23992135002109,High Sales,Low Profit,High Sales / Low Profit,107,4.158878504672897,153,0.11324944485566248,Volume Driver,,1198,465637.76,261874.31,56.23992135002109,4.158878504672897,0.11324944485566248
105,Menu Item 105,5,BBQ,5,Restaurant 005,Central-5,2990,2045,3263717.84,1783654.6,1457430.26,1087.426479217604,1081,596.54,1,Active,44.6555226722663,High Sales,High Profit,High Sales / High Profit,264,4.21969696969697,170,0.05379746835443038,Volume Driver,,2990,3263717.84,1457430.26,44.6555226722663,4.21969696969697,0.05379746835443038
106,Menu Item 106,6,Pasta,6,Restaurant 006,Garden-6,556,365,390659.44,154084.28,236004.35,703.3156164383562,703,277.13,1,Active,60.411787310195294,Low Sales,Low Profit,Low Sales / Low Profit,50,4.26,149,0.21134751773049645,Hidden Opportunity,,556,390659.44,236004.35,60.411787310195294,4.26,0.21134751773049645
107,Menu Item 107,7,Sandwiches,7,Restaurant 007,Clifton-7,1445,962,1280702.88,682878.1,587786.38,886.5520893970894,886,472.58,1,Active,45.89560851147614,High Sales,High Profit,High Sales / High Profit,117,4.128205128205129,117,0.07490396927016646,Volume Driver,,1445,1280702.88,587786.38,45.89560851147614,4.128205128205129,0.07490396927016646
108,Menu Item 108,8,Desserts,8,Restaurant 008,Gulshan-8,1887,1294,1283141.99,783255.96,497944.06,678.515826893354,674,415.08,1,Active,38.806621861077126,High Sales,High Profit,High Sales / High Profit,158,4.19620253164557,197,0.09452975047984645,Volume Driver,,1887,1283141.99,497944.06,38.806621861077126,4.19620253164557,0.09452975047984645
109,Menu Item 109,9,Beverages,9,Restaurant 009,Defence-9,458,307,218259.12,101414.94,116250.71,476.16957654723126,476,221.43,1,Seasonal,53.2627044404834,Low Sales,Low Profit,Low Sales / Low Profit,28,4.142857142857143,179,0.28100470957613816,Hidden Opportunity,,458,218259.12,116250.71,53.2627044404834,4.142857142857143,0.28100470957613816
110,Menu Item 110,10,Salads,10,Restaurant 010,Korangi-10,3058,2078,1235213.75,670527.66,563374.59,403.9506400384986,401,219.27,1,Active,45.60948175973592,High Sales,High Profit,High Sales / High Profit,247,4.275303643724697,197,0.060522273425499235,Volume Driver,,3058,1235213.75,563374.59,45.60948175973592,4.275303643724697,0.060522273425499235
111,Menu Item 111,1,Burgers,11,Restaurant 011,North-11,828,589,464133.23,270085.32,193629.77,560.3481663837013,559,326.19,1,Active,41.71857507379939,Low Sales,Low Profit,Low Sales / Low Profit,82,4.195121951219512,184,0.18181818181818182,Low Performer,,828,464133.23,193629.77,41.71857507379939,4.195121951219512,0.18181818181818182
112,Menu Item 112,2,Pizza,12,Restaurant 012,South-12,4543,3120,8011092.1,3912795.04,4062606.0,1764.1534326923077,1760,861.28,1,Active,50.71226181509011,High Sales,High Profit,High Sales / High Profit,370,4.227027027027027,162,0.03443145589798087,Profit Driver,,4543,8011092.1,4062606.0,50.71226181509011,4.227027027027027,0.03443145589798087
113,Menu Item 113,3,Biryani,13,Restaurant 013,East-13,2512,1727,1196283.44,579794.72,615730.96,475.88374638100754,474,230.81,1,Seasonal,51.47032378881714,High Sales,High Profit,High Sales / High Profit,219,4.287671232876712,156,0.05847076461769116,Profit Driver,,2512,1196283.44,615730.96,51.47032378881714,4.287671232876712,0.05847076461769116
114,Menu Item 114,4,Rice,14,Restaurant 014,West-14,2867,1946,2422616.08,1562199.63,856723.51,845.9799691675231,843,544.89,1,Active,35.36356903897047,High Sales,High Profit,High Sales / High Profit,253,4.260869565217392,193,0.0630718954248366,Volume Driver,,2867,2422616.08,856723.51,35.36356903897047,4.260869565217392,0.0630718954248366
115,Menu Item 115,5,BBQ,15,Restaurant 015,Central-15,4149,2781,6250623.13,3335381.1,2890445.83,1506.380467457749,1506,803.9,1,Seasonal,46.242522863476495,High Sales,High Profit,High Sales / High Profit,369,4.254742547425474,184,0.04246480498499885,Volume Driver,,4149,6250623.13,2890445.83,46.242522863476495,4.254742547425474,0.04246480498499885
116,Menu Item 116,6,Pasta,16,Restaurant 016,Garden-16,2472,1690,2627376.63,1268828.16,1346204.54,1062.719171597633,1061,513.28,1,Active,51.237592837993695,High Sales,High Profit,High Sales / High Profit,227,4.273127753303965,136,0.05214723926380368,Profit Driver,,2472,2627376.63,1346204.54,51.237592837993695,4.273127753303965,0.05214723926380368
117,Menu Item 117,7,Sandwiches,17,Restaurant 017,Clifton-17,3858,2615,3435275.52,1657898.34,1761439.9,891.0667189292544,886,429.73,1,Active,51.275069197360914,High Sales,High Profit,High Sales / High Profit,303,4.267326732673268,142,0.0355,Profit Driver,,3858,3435275.52,1761439.9,51.275069197360914,4.267326732673268,0.0355
118,Menu Item 118,8,Desserts,18,Restaurant 018,Gulshan-18,2694,1817,1441560.03,832446.0,604842.13,534.6182773802972,533,309.0,1,Seasonal,41.95747089352914,High Sales,High Profit,High Sales / High Profit,238,4.180672268907563,174,0.060669456066945605,Volume Driver,,2694,1441560.03,604842.13,41.95747089352914,4.180672268907563,0.060669456066945605
119,Menu Item 119,9,Beverages,19,Restaurant 019,Defence-19,2563,1770,620771.93,268192.32,346563.85,242.11111299435024,242,104.64,1,Active,55.82788674094847,High Sales,Low Profit,High Sales / Low Profit,233,4.206008583690987,188,0.0683387858960378,Volume Driver,,2563,620771.93,346563.85,55.82788674094847,4.206008583690987,0.0683387858960378
120,Menu Item 120,10,Salads,20,Restaurant 020,Korangi-20,492,336,266216.47,112092.36,152546.21999999997,540.8419940476191,542,227.83,1,Active,57.30157116124333,Low Sales,Low Profit,Low Sales / Low Profit,49,4.224489795918367,196,0.28488372093023256,Hidden Opportunity,,492,266216.47,152546.21999999997,57.30157116124333,4.224489795918367,0.28488372093023256
121,Menu Item 121,1,Burgers,1,Restaurant 001,North-1,787,538,788667.38,295361.10000000003,487841.19,1002.0319702602228,1003,375.3,1,Active,61.85639248830096,Low Sales,High Profit,Low Sales / High Profit,74,4.324324324324325,149,0.15918803418803418,Hidden Opportunity,High profit but heavy wastage,787,788667.38,487841.19,61.85639248830096,4.324324324324325,0.15918803418803418
122,Menu Item 122,2,Pizza,2,Restaurant 002,South-2,558,393,834342.28,462219.3,371746.64,1498.66893129771,1484,828.35,1,Active,44.55565166852146,Low Sales,High Profit,Low Sales / High Profit,51,4.0,173,0.23666210670314639,Low Performer,High profit but heavy wastage,558,834342.28,371746.64,44.55565166852146,4.0,0.23666210670314639
123,Menu Item 123,3,Biryani,3,Restaurant 003,East-3,885,610,686144.08,323502.9,362134.85,776.1007868852458,774,365.54,1,Seasonal,52.778251763099085,Low Sales,High Profit,Low Sales / High Profit,73,4.342465753424658,149,0.14410058027079303,Hidden Opportunity,,885,686144.08,362134.85,52.778251763099085,4.342465753424658,0.14410058027079303
124,Menu Item 124,4,Rice,4,Restaurant 004,West-4,2303,1562,835408.36,344459.71,489800.51,363.1009539052496,363,149.57,1,Seasonal,58.63007044842118,High Sales,High Profit,High Sales / High Profit,183,4.333333333333333,155,0.06305939788445891,Profit Driver,,2303,835408.36,489800.51,58.63007044842118,4.333333333333333,0.06305939788445891
125,Menu Item 125,5,BBQ,5,Restaurant 005,Central-5,3235,2170,5870627.36,3682529.9,2164885.4600000004,1812.270396313364,1796,1138.34,1,Active,36.8765606679556,High Sales,High Profit,High Sales / High Profit,247,4.206477732793522,136,0.04034411153960249,Volume Driver,,3235,5870627.36,2164885.4600000004,36.8765606679556,4.206477732793522,0.04034411153960249
126,Menu Item 126,6,Pasta,6,Restaurant 006,Garden-6,563,373,723024.26,377564.69,336529.28,1283.5009651474531,1283,670.63,1,Seasonal,46.54467334194292,Low Sales,Low Profit,Low Sales / Low Profit,53,4.377358490566038,204,0.26597131681877445,Low Performer,,563,723024.26,336529.28,46.54467334194292,4.377358490566038,0.26597131681877445
127,Menu Item 127,7,Sandwiches,7,Restaurant 007,Clifton-7,5348,3676,4078600.75,1786659.84,2287658.98,761.8795484221981,760,334.08,1,Seasonal,56.0893090602212,High Sales,High Profit,High Sales / High Profit,443,4.270880361173815,180,0.03256150506512301,Profit Driver,,5348,4078600.75,2287658.98,56.0893090602212,4.270880361173815,0.03256150506512301
128,Menu Item 128,8,Desserts,8,Restaurant 008,Gulshan-8,815,550,555824.79,283041.35000000003,272783.44,681.1161636363637,679,347.29,1,Active,49.07723529207828,Low Sales,Low Profit,Low Sales / Low Profit,71,4.183098591549296,176,0.17759838546922302,Hidden Opportunity,,815,555824.79,272783.44,49.07723529207828,4.183098591549296,0.17759838546922302
129,Menu Item 129,9,Beverages,9,Restaurant 009,Defence-9,419,283,98138.06,41983.8,56107.45,233.53286219081272,232,100.2,1,Seasonal,57.17195754633829,Low Sales,Low Profit,Low Sales / Low Profit,26,4.230769230769231,139,0.24910394265232974,Hidden Opportunity,,419,98138.06,56107.45,57.17195754633829,4.230769230769231,0.24910394265232974
130,Menu Item 130,10,Salads,10,Restaurant 010,Korangi-10,1838,1253,1190484.03,536953.32,653371.85,647.3723942537908,648,292.14,1,Seasonal,54.88287398529823,High Sales,High Profit,High Sales / High Profit,129,4.186046511627907,224,0.10863239573229874,Profit Driver,,1838,1190484.03,653371.85,54.88287398529823,4.186046511627907,0.10863239573229874
131,Menu Item 131,1,Burgers,11,Restaurant 011,North-11,2461,1646,1522298.47,917288.53,599365.76,618.766567436209,619,372.73,1,Active,39.37242083676272,High Sales,High Profit,High Sales / High Profit,220,4.3,158,0.060328369606720125,Volume Driver,,2461,1522298.47,599365.76,39.37242083676272,4.3,0.060328369606720125
132,Menu Item 132,2,Pizza,12,Restaurant 012,South-12,1603,1135,2889291.5,1029222.18,1857824.26,1806.08622907489,1793,642.06,1,Seasonal,64.3003400660681,High Sales,High Profit,High Sales / High Profit,143,4.195804195804196,188,0.10496929089893914,Profit Driver,,1603,2889291.5,1857824.26,64.3003400660681,4.195804195804196,0.10496929089893914
133,Menu Item 133,3,Biryani,13,Restaurant 013,East-13,2590,1734,2411116.55,1317869.7,1084835.73,930.2668050749712,927,508.83,1,Active,44.99308546490629,High Sales,High Profit,High Sales / High Profit,207,4.106280193236715,213,0.07599001070281841,Volume Driver,,2590,2411116.55,1084835.73,44.99308546490629,4.106280193236715,0.07599001070281841
134,Menu Item 134,4,Rice,14,Restaurant 014,West-14,349,231,258266.35,100630.66,157335.58000000002,738.3766233766233,738,288.34,1,Seasonal,60.9198914221694,Low Sales,Low Profit,Low Sales / Low Profit,34,4.088235294117647,171,0.32884615384615384,Hidden Opportunity,,349,258266.35,157335.58000000002,60.9198914221694,4.088235294117647,0.32884615384615384
135,Menu Item 135,5,BBQ,15,Restaurant 015,Central-15,589,397,417454.54,176988.61000000002,238067.72,712.5371536523929,702,300.49,1,Active,57.0284179925316,Low Sales,Low Profit,Low Sales / Low Profit,40,4.15,209,0.2619047619047619,Hidden Opportunity,,589,417454.54,238067.72,57.0284179925316,4.15,0.2619047619047619
136,Menu Item 136,6,Pasta,16,Restaurant 016,Garden-16,497,336,479277.58,214887.89,262072.04,963.7594642857142,965,432.37,1,Seasonal,54.680638305676645,Low Sales,Low Profit,Low Sales / Low Profit,44,4.568181818181818,207,0.2940340909090909,Hidden Opportunity,,497,479277.58,262072.04,54.680638305676645,4.568181818181818,0.2940340909090909
137,Menu Item 137,7,Sandwiches,17,Restaurant 017,Clifton-17,994,685,825037.97,351617.56,473251.38,829.3140875912409,831,353.74,1,Active,57.36116363226289,Low Sales,High Profit,Low Sales / High Profit,91,4.153846153846154,150,0.13111888111888112,Hidden Opportunity,,994,825037.97,473251.38,57.36116363226289,4.153846153846154,0.13111888111888112
138,Menu Item 138,8,Desserts,18,Restaurant 018,Gulshan-18,549,364,148637.11,84875.4,63722.33,271.164532967033,269,154.6,1,Active,42.87107708162518,Low Sales,Low Profit,Low Sales / Low Profit,58,4.448275862068965,232,0.2970550576184379,Low Performer,,549,148637.11,63722.33,42.87107708162518,4.448275862068965,0.2970550576184379
139,Menu Item 139,9,Beverages,19,Restaurant 019,Defence-19,4034,2693,943107.36,514496.36,427168.44,233.85818418121053,234,127.54,1,Active,45.29372350566748,High Sales,High Profit,High Sales / High Profit,338,4.242603550295858,173,0.041121939624435465,Volume Driver,,4034,943107.36,427168.44,45.29372350566748,4.242603550295858,0.041121939624435465
140,Menu Item 140,10,Salads,20,Restaurant 020,Korangi-20,4207,2867,1186933.44,750528.8,432882.96,282.2546041158005,281,178.4,1,Active,36.47070218191848,High Sales,High Profit,High Sales / High Profit,344,4.273255813953488,208,0.04711211778029445,Volume Driver,,4207,1186933.44,432882.96,36.47070218191848,4.273255813953488,0.04711211778029445
141,Menu Item 141,1,Burgers,1,Restaurant 001,North-1,816,553,384774.63,205721.76,177005.21,472.83839059674506,470,252.11,1,Active,46.00230789644317,Low Sales,Low Profit,Low Sales / Low Profit,75,4.293333333333333,141,0.14733542319749215,Low Performer,,816,384774.63,177005.21,46.00230789644317,4.293333333333333,0.14733542319749215
142,Menu Item 142,2,Pizza,2,Restaurant 002,South-2,1107,761,1854825.57,1017720.45,836249.5499999999,1674.3073455978974,1669,919.35,1,Active,45.08507773051672,Low Sales,High Profit,Low Sales / High Profit,93,4.225806451612903,140,0.11226944667201283,Low Performer,,1107,1854825.57,836249.5499999999,45.08507773051672,4.225806451612903,0.11226944667201283
143,Menu Item 143,3,Biryani,3,Restaurant 003,East-3,1345,915,823168.76,477475.0,343758.68,612.29556284153,612,355.0,1,Active,41.76041374553621,High Sales,Low Profit,High Sales / Low Profit,119,4.168067226890757,137,0.09244264507422402,Volume Driver,,1345,823168.76,343758.68,41.76041374553621,4.168067226890757,0.09244264507422402
144,Menu Item 144,4,Rice,4,Restaurant 004,West-4,1166,790,487694.83,283629.5,203554.12,417.7788101265823,417,243.25,1,Active,41.738010632591696,High Sales,Low Profit,High Sales / Low Profit,115,4.026086956521739,180,0.1337295690936107,Volume Driver,,1166,487694.83,203554.12,41.738010632591696,4.026086956521739,0.1337295690936107
145,Menu Item 145,5,BBQ,5,Restaurant 005,Central-5,1106,742,908586.0,475447.28,432571.99,822.2930053908357,821,429.88,1,Active,47.6093611391767,Low Sales,High Profit,Low Sales / High Profit,83,4.048192771084337,168,0.13186813186813187,Hidden Opportunity,,1106,908586.0,432571.99,47.6093611391767,4.048192771084337,0.13186813186813187
146,Menu Item 146,6,Pasta,6,Restaurant 006,Garden-6,1145,777,1367369.11,850196.85,510764.46,1194.0354054054055,1193,742.53,1,Seasonal,37.35381004767615,High Sales,High Profit,High Sales / High Profit,99,4.161616161616162,197,0.146795827123696,Volume Driver,,1145,1367369.11,510764.46,37.35381004767615,4.161616161616162,0.146795827123696
147,Menu Item 147,7,Sandwiches,7,Restaurant 007,Clifton-7,733,484,442064.39,164778.40000000002,276966.02,602.9736363636364,603,224.8,1,Active,62.65286828464061,Low Sales,Low Profit,Low Sales / Low Profit,53,4.056603773584905,176,0.1936193619361936,Hidden Opportunity,,733,442064.39,276966.02,62.65286828464061,4.056603773584905,0.1936193619361936
148,Menu Item 148,8,Desserts,8,Restaurant 008,Gulshan-8,2901,2002,1621510.58,979493.64,637563.7000000001,559.5689310689311,558,337.64,1,Active,39.31912056966043,High Sales,High Profit,High Sales / High Profit,271,4.210332103321033,164,0.053507340946166396,Volume Driver,,2901,1621510.58,637563.7000000001,39.31912056966043,4.210332103321033,0.053507340946166396
149,Menu Item 149,9,Beverages,9,Restaurant 009,Defence-9,1325,912,540517.91,316913.5,223459.29,408.27043859649126,409,239.18,1,Active,41.341699482261376,High Sales,Low Profit,High Sales / Low Profit,123,4.2682926829268295,259,0.16351010101010102,Volume Driver,,1325,540517.91,223459.29,41.341699482261376,4.2682926829268295,0.16351010101010102
150,Menu Item 150,10,Salads,10,Restaurant 010,Korangi-10,1126,750,774864.51,424884.84,348843.28,687.9143333333334,688,377.34,1,Active,45.0199067705398,Low Sales,Low Profit,Low Sales / Low Profit,94,4.138297872340425,170,0.13117283950617284,Low Performer,,1126,774864.51,348843.28,45.0199067705398,4.138297872340425,0.13117283950617284
