total_orders,total_sales,average_order_value,total_discount,month
1111,12517765.52,11267.115679567956,490122.98,2025-01
1051,11663593.51,11097.615137963843,493991.2,2025-02
1255,14033497.61,11182.06980876494,546533.78,2025-03
1193,13372720.4,11209.321374685667,540397.57,2025-04
1393,15558779.38,11169.260143575018,576746.5,2025-05
1448,15941554.9,11009.36111878453,726407.23,2025-06
1476,16261884.03,11017.536605691057,648742.71,2025-07
1398,15438525.33,11043.294227467812,664493.75,2025-08
1167,13150445.56,11268.59088260497,515669.1,2025-09
1342,14823580.74,11045.887287630403,596564.04,2025-10
1394,15513120.49,11128.493895265423,628500.26,2025-11
1630,18296459.19,11224.821588957057,690838.34,2025-12
