promotion_id,promotion_name,promotion_type,menu_item_id,category_id,restaurant_id,start_date,end_date,discount_percentage,minimum_order_value,usage_limit,promo_orders,promo_sales,promo_discount,average_order_value
1,Promotion 001,Seasonal,78,8,18,2025-02-01,2025-03-28,5,0,1000,26,198743.9,9980.41,7643.996153846154
2,Promotion 002,Bundle,88,8,8,2025-08-01,2025-09-28,5,1500,1000,9,63080.3,2425.13,7008.922222222222
3,Promotion 003,Bundle,17,7,17,2025-05-01,2025-06-28,10,1000,1000,20,242425.21,7118.06,12121.2605
4,Promotion 004,Bundle,114,4,14,2025-10-01,2025-10-28,20,500,5000,3,25322.95,2094.8,8440.983333333334
5,Promotion 005,Seasonal,107,7,7,2025-02-01,2025-04-28,25,0,500,37,440822.78,28248.48,11914.12918918919
6,Promotion 006,Seasonal,38,8,18,2025-04-01,2025-05-28,25,1000,100,13,101168.53,5140.4800000000005,7782.194615384616
7,Promotion 007,Seasonal,51,1,11,2025-03-01,2025-05-28,25,500,5000,17,202473.8,10422.470000000001,11910.223529411764
8,Promotion 008,Percentage Discount,75,5,15,2025-11-01,2025-12-28,10,1000,5000,28,439258.26,22126.989999999998,15687.795
9,Promotion 009,Percentage Discount,124,4,4,2025-01-01,2025-01-28,10,0,100,5,38704.22,1604.83,7740.844
10,Promotion 010,Percentage Discount,148,8,8,2025-09-01,2025-10-28,25,1500,5000,10,69905.74,4141.31,6990.5740000000005
11,Promotion 011,Seasonal,117,7,17,2025-10-01,2025-10-28,10,0,100,11,119232.43,6490.43,10839.311818181817
12,Promotion 012,Seasonal,75,5,15,2025-03-01,2025-04-28,15,0,100,15,263284.81,9798.1,17552.320666666667
13,Promotion 013,Percentage Discount,120,10,20,2025-01-01,2025-02-28,30,1000,100,16,79776.34,7957.59,4986.02125
14,Promotion 014,Seasonal,139,9,19,2025-05-01,2025-06-28,20,1500,100,7,24614.32,2078.74,3516.3314285714287
15,Promotion 015,Seasonal,131,1,11,2025-01-01,2025-02-28,25,0,500,25,304075.9,15018.72,12163.036
16,Promotion 016,Percentage Discount,112,2,12,2025-06-01,2025-08-28,25,1500,500,54,1139397.2,82727.13,21099.94814814815
17,Promotion 017,Percentage Discount,115,5,15,2025-09-01,2025-10-28,20,0,1000,35,615100.68,40667.45,17574.305142857145
18,Promotion 018,Percentage Discount,4,4,4,2025-03-01,2025-04-28,20,0,5000,32,256125.05,12408.47,8003.9078125
19,Promotion 019,Seasonal,35,5,15,2025-04-01,2025-05-28,30,1500,500,12,203106.94,14587.42,16925.578333333335
20,Promotion 020,Percentage Discount,2,2,2,2025-06-01,2025-06-28,5,0,500,26,464559.81,23286.29,17867.685
21,Promotion 021,Bundle,11,1,11,2025-09-01,2025-10-28,20,0,1000,15,160621.79,10808.66,10708.119333333334
22,Promotion 022,Percentage Discount,57,7,17,2025-06-01,2025-06-28,10,0,500,9,91048.29,6766.33,10116.476666666666
23,Promotion 023,Bundle,135,5,15,2025-05-01,2025-07-28,20,0,1000,35,616206.04,28850.4,17605.886857142857
24,Promotion 024,Bundle,53,3,13,2025-01-01,2025-01-28,5,1000,100,12,103226.98,8337.79,8602.248333333333
25,Promotion 025,Seasonal,141,1,1,2025-05-01,2025-07-28,10,500,5000,29,324556.04,22324.35,11191.587586206895
26,Promotion 026,Percentage Discount,38,8,18,2025-01-01,2025-01-28,5,500,100,15,113584.93000000001,6100.69,7572.328666666667
27,Promotion 027,Percentage Discount,131,1,11,2025-03-01,2025-04-28,5,1500,5000,10,115444.22,6285.85,11544.422
28,Promotion 028,Bundle,96,6,16,2025-06-01,2025-08-28,15,1500,100,26,347215.11,16330.79,13354.427307692307
29,Promotion 029,Percentage Discount,77,7,17,2025-10-01,2025-11-28,15,0,100,31,371179.02999999997,18989.5,11973.517096774192
30,Promotion 030,Percentage Discount,134,4,14,2025-10-01,2025-11-28,20,1000,5000,8,62051.439999999995,5248.95,7756.429999999999
31,Promotion 031,Percentage Discount,59,9,19,2025-10-01,2025-12-28,30,500,100,25,84738.11,6158.9800000000005,3389.5244000000002
32,Promotion 032,Seasonal,12,2,12,2025-02-01,2025-02-28,25,0,5000,5,89936.59,10631.43,17987.318
33,Promotion 033,Bundle,37,7,17,2025-02-01,2025-02-28,20,0,100,6,68373.2,5104.08,11395.533333333333
34,Promotion 034,Bundle,119,9,19,2025-04-01,2025-06-28,20,0,5000,17,60748.729999999996,2689.44,3573.4547058823528
35,Promotion 035,Percentage Discount,54,4,14,2025-09-01,2025-11-28,25,500,5000,15,119024.31,7040.65,7934.954
36,Promotion 036,Seasonal,13,3,13,2025-07-01,2025-07-28,30,1500,100,12,110254.03,10633.41,9187.835833333333
37,Promotion 037,Percentage Discount,105,5,5,2025-06-01,2025-08-28,20,1000,1000,62,1008516.3,65012.36,16266.39193548387
38,Promotion 038,Seasonal,39,9,19,2025-10-01,2025-10-28,20,500,5000,7,27858.02,1689.87,3979.717142857143
39,Promotion 039,Bundle,9,9,9,2025-09-01,2025-09-28,30,1000,1000,15,65286.61,6631.83,4352.440666666666
40,Promotion 040,Seasonal,87,7,7,2025-01-01,2025-01-28,25,1000,1000,19,231198.8,14185.529999999999,12168.357894736842
41,Promotion 041,Seasonal,99,9,19,2025-02-01,2025-02-28,20,1500,100,14,50592.26,3244.42,3613.7328571428575
42,Promotion 042,Seasonal,56,6,16,2025-07-01,2025-08-28,30,500,1000,8,101954.37,3929.46,12744.29625
43,Promotion 043,Seasonal,96,6,16,2025-01-01,2025-01-28,25,0,5000,15,201007.22,8524.6,13400.481333333333
44,Promotion 044,Percentage Discount,37,7,17,2025-03-01,2025-03-28,20,500,5000,5,58561.33,842.87,11712.266
45,Promotion 045,Percentage Discount,51,1,11,2025-04-01,2025-05-28,5,0,500,15,172481.27,4828.05,11498.751333333332
46,Promotion 046,Percentage Discount,133,3,13,2025-10-01,2025-12-28,25,1500,500,24,220089.29,17862.2,9170.387083333333
47,Promotion 047,Bundle,85,5,5,2025-10-01,2025-11-28,5,500,1000,9,146467.32,5055.54,16274.146666666667
48,Promotion 048,Seasonal,78,8,18,2025-08-01,2025-10-28,20,0,100,19,141272.16,6169.07,7435.376842105264
49,Promotion 049,Seasonal,28,8,8,2025-01-01,2025-03-28,25,1500,500,20,142050.32,9499.22,7102.5160000000005
50,Promotion 050,Percentage Discount,109,9,9,2025-04-01,2025-04-28,15,1500,100,6,28314.98,1878.59,4719.163333333333
51,Promotion 051,Percentage Discount,38,8,18,2025-07-01,2025-08-28,10,1500,100,7,55073.23,1018.49,7867.604285714287
52,Promotion 052,Bundle,121,1,1,2025-09-01,2025-10-28,20,1500,1000,31,353769.39,24572.47,11411.915806451614
53,Promotion 053,Percentage Discount,54,4,14,2025-09-01,2025-10-28,15,500,100,8,65228.130000000005,2686.51,8153.516250000001
54,Promotion 054,Seasonal,62,2,2,2025-08-01,2025-09-28,20,500,5000,16,270750.24,14748.31,16921.89
55,Promotion 055,Percentage Discount,110,10,10,2025-07-01,2025-08-28,10,0,500,22,146548.82,5993.21,6661.31
56,Promotion 056,Bundle,150,10,10,2025-07-01,2025-09-28,5,1000,1000,40,270832.87,12661.82,6770.82175
57,Promotion 057,Percentage Discount,136,6,16,2025-11-01,2025-11-28,30,500,100,17,223790.47,17092.08,13164.145294117647
58,Promotion 058,Bundle,20,10,20,2025-04-01,2025-06-28,25,500,100,53,295949.88,20612.59,5583.96
59,Promotion 059,Bundle,46,6,6,2025-10-01,2025-11-28,20,500,500,17,253805.01,17758.13,14929.706470588237
60,Promotion 060,Percentage Discount,141,1,1,2025-02-01,2025-04-28,10,1000,100,19,222390.17,11253.65,11704.745789473685
61,Promotion 061,Seasonal,68,8,8,2025-07-01,2025-08-28,25,1000,1000,19,143217.51,9469.69,7537.763684210527
62,Promotion 062,Percentage Discount,40,10,20,2025-08-01,2025-10-28,20,1500,5000,29,172688.62,11672.02,5954.78
63,Promotion 063,Percentage Discount,89,9,9,2025-08-01,2025-08-28,15,1000,5000,18,78864.09,5054.31,4381.338333333333
64,Promotion 064,Seasonal,104,4,4,2025-06-01,2025-07-28,20,1000,5000,21,159927.81,6543.7699999999995,7615.61
65,Promotion 065,Percentage Discount,146,6,6,2025-11-01,2025-12-28,15,0,500,30,441730.3,26623.68,14724.343333333332
66,Promotion 066,Percentage Discount,18,8,18,2025-08-01,2025-09-28,20,0,5000,9,69423.91,4574.63,7713.767777777778
67,Promotion 067,Bundle,99,9,19,2025-05-01,2025-06-28,10,500,5000,12,42959.03,2735.87,3579.9191666666666
68,Promotion 068,Percentage Discount,47,7,7,2025-05-01,2025-06-28,5,1000,500,37,433456.25,20690.5,11715.033783783783
69,Promotion 069,Bundle,119,9,19,2025-11-01,2025-12-28,30,1000,5000,20,69180.08,5348.31,3459.004
70,Promotion 070,Bundle,44,4,4,2025-01-01,2025-01-28,10,0,5000,6,41709.27,1626.77,6951.544999999999
71,Promotion 071,Bundle,18,8,18,2025-09-01,2025-09-28,25,500,1000,9,71494.16,5902.32,7943.795555555556
72,Promotion 072,Seasonal,65,5,5,2025-10-01,2025-12-28,20,1500,5000,38,642840.43,31578.39,16916.853421052634
73,Promotion 073,Seasonal,56,6,16,2025-04-01,2025-04-28,25,500,100,11,144782.22,11539.2,13162.02
74,Promotion 074,Seasonal,78,8,18,2025-06-01,2025-08-28,5,1000,1000,18,149015.69,9077.51,8278.649444444445
75,Promotion 075,Bundle,84,4,4,2025-09-01,2025-09-28,20,1000,100,16,119567.65,7741.56,7472.978125
76,Promotion 076,Bundle,3,3,3,2025-04-01,2025-06-28,20,1500,100,28,301384.79,14276.72,10763.742499999998
77,Promotion 077,Seasonal,121,1,1,2025-02-01,2025-03-28,10,1000,5000,11,122511.63,6938.74,11137.42090909091
78,Promotion 078,Bundle,28,8,8,2025-01-01,2025-03-28,10,1500,100,16,120106.68000000001,6934.47,7506.6675000000005
79,Promotion 079,Bundle,35,5,15,2025-02-01,2025-04-28,5,500,500,16,280364.56,16552.5,17522.785
80,Promotion 080,Bundle,13,3,13,2025-07-01,2025-07-28,5,1000,1000,7,59591.5,3366.15,8513.07142857143
81,Promotion 081,Bundle,53,3,13,2025-10-01,2025-12-28,25,0,100,33,317613.58,16586.9,9624.65393939394
82,Promotion 082,Percentage Discount,56,6,16,2025-03-01,2025-04-28,30,0,100,20,250523.61000000002,15514.15,12526.1805
83,Promotion 083,Bundle,55,5,15,2025-06-01,2025-06-28,25,500,1000,9,148723.27,6769.73,16524.807777777776
84,Promotion 084,Percentage Discount,95,5,15,2025-02-01,2025-03-28,10,1500,5000,10,165444.51,14623.95,16544.451
85,Promotion 085,Percentage Discount,21,1,1,2025-06-01,2025-06-28,25,1500,500,6,62858.07,7067.26,10476.345
86,Promotion 086,Seasonal,38,8,18,2025-10-01,2025-10-28,5,500,500,4,27055.48,1221.25,6763.87
87,Promotion 087,Percentage Discount,117,7,17,2025-02-01,2025-04-28,30,1500,1000,32,376555.86,28811.02,11767.370625
88,Promotion 088,Percentage Discount,2,2,2,2025-08-01,2025-09-28,10,1500,500,19,351149.79,17237.15,18481.56789473684
89,Promotion 089,Percentage Discount,118,8,18,2025-11-01,2025-12-28,10,500,5000,42,332094.99,17322.65,7907.023571428571
90,Promotion 090,Bundle,13,3,13,2025-11-01,2025-11-28,20,1500,500,4,32929.53,2536.17,8232.3825
91,Promotion 091,Bundle,59,9,19,2025-05-01,2025-05-28,20,500,500,6,18472.9,1001.85,3078.816666666667
92,Promotion 092,Percentage Discount,126,6,6,2025-05-01,2025-06-28,25,500,500,29,439612.92,29179.01,15159.06620689655
93,Promotion 093,Seasonal,88,8,8,2025-04-01,2025-04-28,20,0,500,4,27514.05,2283.81,6878.5125
94,Promotion 094,Bundle,46,6,6,2025-03-01,2025-05-28,15,1500,100,36,542657.51,29988.35,15073.819722222222
95,Promotion 095,Percentage Discount,116,6,16,2025-06-01,2025-08-28,15,1000,100,18,228138.75,15338.66,12674.375
96,Promotion 096,Seasonal,35,5,15,2025-01-01,2025-03-28,30,0,100,25,424793.22,29935.79,16991.728799999997
97,Promotion 097,Seasonal,119,9,19,2025-03-01,2025-04-28,30,500,1000,20,72541.86,4325.78,3627.093
98,Promotion 098,Percentage Discount,44,4,4,2025-10-01,2025-11-28,15,1500,1000,35,280716.72,16520.21,8020.477714285714
99,Promotion 099,Seasonal,46,6,6,2025-09-01,2025-11-28,10,500,100,30,456312.36,12985.11,15210.412
100,Promotion 100,Bundle,40,10,20,2025-10-01,2025-11-28,25,0,100,26,142158.59,14507.01,5467.638076923076
101,Promotion 101,Bundle,40,10,20,2025-10-01,2025-10-28,20,1500,1000,5,30599.78,3301.62,6119.956
102,Promotion 102,Bundle,83,3,3,2025-06-01,2025-07-28,30,1000,1000,34,354647.38,24066.66,10430.805294117647
103,Promotion 103,Seasonal,89,9,9,2025-03-01,2025-05-28,20,500,5000,29,129670.87,6561.03,4471.409310344828
104,Promotion 104,Percentage Discount,125,5,5,2025-09-01,2025-09-28,10,500,1000,9,142837.71,2456.86,15870.856666666667
105,Promotion 105,Seasonal,38,8,18,2025-04-01,2025-05-28,15,1000,5000,16,126232.92,5133.21,7889.5575
106,Promotion 106,Percentage Discount,148,8,8,2025-09-01,2025-10-28,10,500,100,13,91821.95,3695.95,7063.2269230769225
107,Promotion 107,Percentage Discount,124,4,4,2025-06-01,2025-06-28,10,1500,1000,8,59335.37,2015.6299999999999,7416.92125
108,Promotion 108,Bundle,72,2,12,2025-10-01,2025-11-28,15,1500,100,38,817159.19,38006.72,21504.189210526314
109,Promotion 109,Percentage Discount,72,2,12,2025-02-01,2025-03-28,15,0,500,13,252286.97,12033.45,19406.69
110,Promotion 110,Bundle,68,8,8,2025-04-01,2025-05-28,10,1000,1000,25,168536.93,10488.09,6741.477199999999
111,Promotion 111,Seasonal,21,1,1,2025-04-01,2025-05-28,15,0,100,23,268769.76,10645.36,11685.641739130435
112,Promotion 112,Percentage Discount,88,8,8,2025-02-01,2025-02-28,20,500,500,8,61805.49,3728.9700000000003,7725.68625
113,Promotion 113,Percentage Discount,41,1,1,2025-03-01,2025-03-28,20,500,500,4,49870.71,5090.5599999999995,12467.6775
114,Promotion 114,Seasonal,125,5,5,2025-01-01,2025-02-28,20,1500,5000,25,409751.28,28387.53,16390.0512
115,Promotion 115,Seasonal,8,8,8,2025-08-01,2025-08-28,25,1500,1000,9,61356.83,4187.2,6817.425555555556
116,Promotion 116,Seasonal,98,8,18,2025-07-01,2025-07-28,30,1500,1000,4,26017.1,2588.27,6504.275
117,Promotion 117,Percentage Discount,94,4,14,2025-02-01,2025-04-28,25,1000,100,42,340620.21,22947.32,8110.005
118,Promotion 118,Seasonal,3,3,3,2025-03-01,2025-05-28,15,500,500,38,424298.53,16398.64,11165.750789473685
119,Promotion 119,Percentage Discount,11,1,11,2025-10-01,2025-10-28,20,1000,500,10,127761.55,4940.09,12776.155
120,Promotion 120,Seasonal,125,5,5,2025-10-01,2025-11-28,30,1500,500,7,111698.79000000001,7463.47,15956.970000000001
