order_item_id,order_id,menu_item_id,quantity,unit_price,discount_amount,line_total,quarantine_reason
8511,852,6,2,775.22,0.0,1550.44,Unknown order_id
8512,852,106,1,721.81,0.0,721.81,Unknown order_id
8513,852,106,1,689.51,0.0,689.51,Unknown order_id
8514,852,26,1,1034.21,0.0,1034.21,Unknown order_id
8515,852,26,1,1035.72,0.0,1035.72,Unknown order_id
8516,852,106,2,681.3,0.0,1362.6,Unknown order_id
8517,852,6,1,751.85,0.0,751.85,Unknown order_id
8518,852,46,1,1242.77,0.0,1242.77,Unknown order_id
8519,852,6,1,732.8,0.0,732.8,Unknown order_id
8520,852,146,1,1138.14,0.0,1138.14,Unknown order_id
17101,1711,30,1,456.6,0.0,456.6,Unknown order_id
17102,1711,10,2,347.71,0.0,695.42,Unknown order_id
17103,1711,10,1,360.98,0.0,360.98,Unknown order_id
17104,1711,10,2,373.55,0.0,747.1,Unknown order_id
17105,1711,110,1,390.6,0.0,390.6,Unknown order_id
17106,1711,110,1,403.52,0.0,403.52,Unknown order_id
17107,1711,110,2,419.12,0.0,838.24,Unknown order_id
17108,1711,70,2,372.67,0.0,745.34,Unknown order_id
17109,1711,110,2,418.17,0.0,836.34,Unknown order_id
17110,1711,90,2,352.83,0.0,705.66,Unknown order_id
22231,2224,116,1,1060.09,0.0,1060.09,Unknown order_id
22232,2224,56,4,721.97,866.36,2887.88,Unknown order_id
22233,2224,76,1,746.49,0.0,746.49,Unknown order_id
22234,2224,116,1,1105.69,0.0,1105.69,Unknown order_id
22235,2224,116,1,1037.26,0.0,1037.26,Unknown order_id
22236,2224,96,1,824.85,0.0,824.85,Unknown order_id
22237,2224,76,2,775.95,0.0,1551.9,Unknown order_id
22238,2224,116,1,1112.08,0.0,1112.08,Unknown order_id
22239,2224,116,1,1099.61,0.0,1099.61,Unknown order_id
22240,2224,16,2,988.57,0.0,1977.14,Unknown order_id
27421,2743,14,2,407.14,0.0,814.28,Unknown order_id
27422,2743,134,1,768.1,0.0,768.1,Unknown order_id
27423,2743,74,1,444.77,0.0,444.77,Unknown order_id
27424,2743,114,1,849.34,0.0,849.34,Unknown order_id
27425,2743,34,1,819.28,0.0,819.28,Unknown order_id
27426,2743,14,1,427.54,0.0,427.54,Unknown order_id
27427,2743,74,2,438.77,0.0,877.54,Unknown order_id
27428,2743,74,1,441.07,0.0,441.07,Unknown order_id
27429,2743,54,1,333.5,0.0,333.5,Unknown order_id
27430,2743,74,1,446.91,0.0,446.91,Unknown order_id
32971,3298,113,2,478.14,0.0,956.28,Unknown order_id
32972,3298,113,4,462.35,0.0,1849.4,Unknown order_id
32973,3298,13,1,630.46,0.0,630.46,Unknown order_id
32974,3298,133,2,891.46,0.0,1782.92,Unknown order_id
32975,3298,13,1,626.83,0.0,626.83,Unknown order_id
32976,3298,13,1,597.83,0.0,597.83,Unknown order_id
32977,3298,53,1,481.73,0.0,481.73,Unknown order_id
32978,3298,133,1,915.24,0.0,915.24,Unknown order_id
32979,3298,53,3,465.2,0.0,1395.6,Unknown order_id
32980,3298,53,1,471.48,0.0,471.48,Unknown order_id
36501,3651,79,1,197.06,0.0,197.06,Unknown order_id
36502,3651,139,1,224.47,0.0,224.47,Unknown order_id
36503,3651,139,3,227.6,0.0,682.8,Unknown order_id
36504,3651,19,3,305.42,0.0,916.26,Unknown order_id
36505,3651,119,1,236.03,0.0,236.03,Unknown order_id
36506,3651,99,2,214.16,0.0,428.32,Unknown order_id
36507,3651,139,1,234.91,0.0,234.91,Unknown order_id
36508,3651,79,1,195.5,0.0,195.5,Unknown order_id
36509,3651,139,1,231.97,0.0,231.97,Unknown order_id
36510,3651,139,2,242.73,0.0,485.46,Unknown order_id
43571,4358,75,1,666.67,0.0,666.67,Unknown order_id
43572,4358,135,2,728.25,0.0,1456.5,Unknown order_id
43573,4358,35,3,797.93,0.0,2393.79,Unknown order_id
43574,4358,115,1,1535.5,0.0,1535.5,Unknown order_id
43575,4358,95,2,1297.13,0.0,2594.26,Unknown order_id
43576,4358,95,2,1269.48,0.0,2538.96,Unknown order_id
43577,4358,135,1,708.16,0.0,708.16,Unknown order_id
43578,4358,135,1,715.87,0.0,715.87,Unknown order_id
43579,4358,115,1,1542.98,0.0,1542.98,Unknown order_id
43580,4358,75,2,665.37,0.0,1330.74,Unknown order_id
45041,4505,98,2,668.76,0.0,1337.52,Unknown order_id
45042,4505,78,3,414.91,0.0,1244.73,Unknown order_id
45043,4505,78,1,424.19,0.0,424.19,Unknown order_id
45044,4505,118,1,549.04,0.0,549.04,Unknown order_id
45045,4505,38,2,693.57,69.36,1387.14,Unknown order_id
45046,4505,38,2,676.1,0.0,1352.2,Unknown order_id
45047,4505,78,1,418.17,0.0,418.17,Unknown order_id
45048,4505,38,1,629.1,0.0,629.1,Unknown order_id
45049,4505,58,2,577.79,0.0,1155.58,Unknown order_id
45050,4505,78,1,413.53,0.0,413.53,Unknown order_id
64791,6480,69,3,258.1,0.0,774.3,Unknown order_id
64792,6480,9,1,362.41,0.0,362.41,Unknown order_id
64793,6480,69,2,250.32,0.0,500.64,Unknown order_id
64794,6480,9,3,369.54,0.0,1108.62,Unknown order_id
64795,6480,149,1,388.59,0.0,388.59,Unknown order_id
64796,6480,9,2,353.7,0.0,707.4,Unknown order_id
64797,6480,69,3,256.32,0.0,768.96,Unknown order_id
64798,6480,9,2,363.52,0.0,727.04,Unknown order_id
64799,6480,69,1,269.92,0.0,269.92,Unknown order_id
64800,6480,69,1,270.92,0.0,270.92,Unknown order_id
67211,6722,103,1,874.2,0.0,874.2,Unknown order_id
67212,6722,143,1,582.23,0.0,582.23,Unknown order_id
67213,6722,103,4,810.16,0.0,3240.64,Unknown order_id
67214,6722,63,2,899.16,0.0,1798.32,Unknown order_id
67215,6722,123,1,801.11,0.0,801.11,Unknown order_id
67216,6722,3,1,398.08,0.0,398.08,Unknown order_id
67217,6722,43,2,757.17,0.0,1514.34,Unknown order_id
67218,6722,43,1,776.8,0.0,776.8,Unknown order_id
67219,6722,63,1,926.01,0.0,926.01,Unknown order_id
67220,6722,103,1,870.19,0.0,870.19,Unknown order_id
67651,6766,93,2,865.0,0.0,1730.0,Unknown order_id
67652,6766,13,2,598.16,0.0,1196.32,Unknown order_id
67653,6766,53,2,489.24,0.0,978.48,Unknown order_id
67654,6766,133,1,961.05,0.0,961.05,Unknown order_id
67655,6766,93,1,898.87,0.0,898.87,Unknown order_id
67656,6766,113,1,485.55,0.0,485.55,Unknown order_id
67657,6766,13,1,633.74,0.0,633.74,Unknown order_id
67658,6766,113,3,475.26,0.0,1425.78,Unknown order_id
67659,6766,13,2,590.79,0.0,1181.58,Unknown order_id
67660,6766,113,1,494.38,0.0,494.38,Unknown order_id
72801,7281,95,1,1195.62,0.0,1195.62,Unknown order_id
72802,7281,115,1,1554.58,0.0,1554.58,Unknown order_id
72803,7281,75,2,664.63,0.0,1329.26,Unknown order_id
72804,7281,115,2,1554.89,0.0,3109.78,Unknown order_id
72805,7281,75,1,668.12,0.0,668.12,Unknown order_id
72806,7281,95,3,1284.72,0.0,3854.16,Unknown order_id
72807,7281,15,2,1264.28,0.0,2528.56,Unknown order_id
72808,7281,75,2,675.7,0.0,1351.4,Unknown order_id
72809,7281,115,1,1550.81,0.0,1550.81,Unknown order_id
72810,7281,75,1,689.94,0.0,689.94,Unknown order_id
87321,8733,22,3,868.08,0.0,2604.24,Unknown order_id
87322,8733,22,3,831.58,0.0,2494.74,Unknown order_id
87323,8733,2,1,1362.49,0.0,1362.49,Unknown order_id
87324,8733,142,3,1636.59,0.0,4909.77,Unknown order_id
87325,8733,102,3,1626.15,0.0,4878.45,Unknown order_id
87326,8733,22,2,903.88,0.0,1807.76,Unknown order_id
87327,8733,82,1,1069.04,0.0,1069.04,Unknown order_id
87328,8733,22,1,859.74,0.0,859.74,Unknown order_id
87329,8733,22,3,870.73,0.0,2612.19,Unknown order_id
87330,8733,102,1,1533.45,0.0,1533.45,Unknown order_id
136171,13618,140,1,288.7,0.0,288.7,Unknown order_id
136172,13618,80,3,284.46,0.0,853.38,Unknown order_id
136173,13618,80,1,265.67,0.0,265.67,Unknown order_id
136174,13618,80,2,264.96,0.0,529.92,Unknown order_id
136175,13618,80,2,274.02,0.0,548.04,Unknown order_id
136176,13618,140,1,284.52,0.0,284.52,Unknown order_id
136177,13618,80,3,279.9,0.0,839.7,Unknown order_id
136178,13618,80,1,265.76,0.0,265.76,Unknown order_id
136179,13618,140,1,271.44,0.0,271.44,Unknown order_id
136180,13618,140,1,271.09,0.0,271.09,Unknown order_id
164981,16499,69,2,262.56,0.0,525.12,Unknown order_id
164982,16499,29,1,152.46,0.0,152.46,Unknown order_id
164983,16499,69,3,266.85,0.0,800.55,Unknown order_id
164984,16499,29,2,155.28,0.0,310.56,Unknown order_id
164985,16499,29,1,147.69,0.0,147.69,Unknown order_id
164986,16499,109,2,453.42,0.0,906.84,Unknown order_id
164987,16499,69,1,273.88,0.0,273.88,Unknown order_id
164988,16499,9,3,369.41,0.0,1108.23,Unknown order_id
164989,16499,9,1,382.52,0.0,382.52,Unknown order_id
164990,16499,29,1,144.64,0.0,144.64,Unknown order_id
169021,16903,36,1,944.92,0.0,944.92,Unknown order_id
169022,16903,116,1,1031.18,0.0,1031.18,Unknown order_id
169023,16903,76,1,767.1,0.0,767.1,Unknown order_id
169024,16903,76,1,749.11,0.0,749.11,Unknown order_id
169025,16903,76,1,790.31,0.0,790.31,Unknown order_id
169026,16903,56,1,719.77,0.0,719.77,Unknown order_id
169027,16903,36,2,931.79,0.0,1863.58,Unknown order_id
169028,16903,76,1,784.09,0.0,784.09,Unknown order_id
169029,16903,16,1,969.57,0.0,969.57,Unknown order_id
169030,16903,116,1,1040.35,0.0,1040.35,Unknown order_id
183511,18352,131,2,627.95,0.0,1255.9,Unknown order_id
183512,18352,131,1,607.94,0.0,607.94,Unknown order_id
183513,18352,131,1,595.77,0.0,595.77,Unknown order_id
183514,18352,91,2,764.03,0.0,1528.06,Unknown order_id
183515,18352,91,1,755.18,0.0,755.18,Unknown order_id
183516,18352,91,1,808.92,0.0,808.92,Unknown order_id
183517,18352,91,1,794.86,0.0,794.86,Unknown order_id
183518,18352,71,4,863.13,0.0,3452.52,Unknown order_id
183519,18352,91,1,747.3,0.0,747.3,Unknown order_id
183520,18352,131,1,636.28,0.0,636.28,Unknown order_id
183891,18390,69,2,254.58,0.0,509.16,Unknown order_id
183892,18390,9,2,378.39,0.0,756.78,Unknown order_id
183893,18390,9,2,363.15,0.0,726.3,Unknown order_id
183894,18390,9,3,380.1,0.0,1140.3,Unknown order_id
183895,18390,69,1,258.3,0.0,258.3,Unknown order_id
183896,18390,9,2,376.25,0.0,752.5,Unknown order_id
183897,18390,69,2,267.81,0.0,535.62,Unknown order_id
183898,18390,69,1,266.57,0.0,266.57,Unknown order_id
183899,18390,49,1,495.28,0.0,495.28,Unknown order_id
183900,18390,109,1,452.69,0.0,452.69,Unknown order_id
195361,19537,17,2,594.81,0.0,1189.62,Unknown order_id
195362,19537,117,1,882.74,0.0,882.74,Unknown order_id
195363,19537,37,1,1043.16,0.0,1043.16,Unknown order_id
195364,19537,17,2,597.6,0.0,1195.2,Unknown order_id
195365,19537,137,1,825.89,0.0,825.89,Unknown order_id
195366,19537,117,2,877.55,0.0,1755.1,Unknown order_id
195367,19537,57,1,639.65,0.0,639.65,Unknown order_id
195368,19537,57,2,673.05,0.0,1346.1,Unknown order_id
195369,19537,137,1,854.9,0.0,854.9,Unknown order_id
195370,19537,77,2,996.55,0.0,1993.1,Unknown order_id
197831,19784,139,2,222.47,0.0,444.94,Unknown order_id
197832,19784,79,1,213.01,0.0,213.01,Unknown order_id
197833,19784,119,1,236.06,70.82,236.06,Unknown order_id
197834,19784,19,3,323.23,0.0,969.69,Unknown order_id
197835,19784,139,1,244.98,0.0,244.98,Unknown order_id
197836,19784,39,2,221.82,0.0,443.64,Unknown order_id
197837,19784,59,2,356.88,0.0,713.76,Unknown order_id
197838,19784,139,2,226.31,0.0,452.62,Unknown order_id
197839,19784,119,2,250.41,0.0,500.82,Unknown order_id
197840,19784,99,1,217.32,0.0,217.32,Unknown order_id
436,44,3,2,392.74,0.0,-785.48,"Invalid order item key, quantity, price, discount, or line total"
841,85,54,2,350.52,0.0,-701.04,"Invalid order item key, quantity, price, discount, or line total"
1131,114,23,0,411.32,0.0,411.32,"Invalid order item key, quantity, price, discount, or line total"
1991,200,22,1,835.41,0.0,-835.41,"Invalid order item key, quantity, price, discount, or line total"
3020,302,108,1,672.97,0.0,-672.97,"Invalid order item key, quantity, price, discount, or line total"
4093,410,116,0,1085.02,0.0,1085.02,"Invalid order item key, quantity, price, discount, or line total"
4791,480,104,1,388.65,0.0,-388.65,"Invalid order item key, quantity, price, discount, or line total"
5415,542,72,2,686.24,0.0,-1372.48,"Invalid order item key, quantity, price, discount, or line total"
5848,585,47,0,967.04,0.0,967.04,"Invalid order item key, quantity, price, discount, or line total"
6155,616,43,3,743.15,0.0,-2229.45,"Invalid order item key, quantity, price, discount, or line total"
6560,656,117,1,857.4,0.0,-857.4,"Invalid order item key, quantity, price, discount, or line total"
6739,674,103,0,873.76,0.0,2621.28,"Invalid order item key, quantity, price, discount, or line total"
6773,678,140,0,267.03,0.0,267.03,"Invalid order item key, quantity, price, discount, or line total"
6961,697,57,1,684.4,0.0,-684.4,"Invalid order item key, quantity, price, discount, or line total"
7855,786,8,1,497.15,0.0,-497.15,"Invalid order item key, quantity, price, discount, or line total"
7924,793,17,0,553.92,0.0,553.92,"Invalid order item key, quantity, price, discount, or line total"
8214,822,101,1,667.3,0.0,-667.3,"Invalid order item key, quantity, price, discount, or line total"
8491,850,18,0,557.52,0.0,1115.04,"Invalid order item key, quantity, price, discount, or line total"
9117,912,74,0,443.14,0.0,443.14,"Invalid order item key, quantity, price, discount, or line total"
9276,928,45,2,596.22,0.0,-1192.44,"Invalid order item key, quantity, price, discount, or line total"
9936,994,127,1,773.02,0.0,-773.02,"Invalid order item key, quantity, price, discount, or line total"
10713,1072,17,3,570.81,0.0,-1712.43,"Invalid order item key, quantity, price, discount, or line total"
11054,1106,28,2,763.64,0.0,-1527.28,"Invalid order item key, quantity, price, discount, or line total"
11205,1121,139,1,235.04,0.0,-235.04,"Invalid order item key, quantity, price, discount, or line total"
11329,1133,132,1,1709.84,0.0,-1709.84,"Invalid order item key, quantity, price, discount, or line total"
12108,1211,17,0,596.41,0.0,596.41,"Invalid order item key, quantity, price, discount, or line total"
12867,1287,125,0,1775.85,0.0,1775.85,"Invalid order item key, quantity, price, discount, or line total"
12899,1290,13,2,591.2,0.0,-1182.4,"Invalid order item key, quantity, price, discount, or line total"
12987,1299,127,0,779.74,0.0,779.74,"Invalid order item key, quantity, price, discount, or line total"
13048,1305,114,0,855.06,0.0,1710.12,"Invalid order item key, quantity, price, discount, or line total"
14349,1435,119,3,240.23,0.0,-720.69,"Invalid order item key, quantity, price, discount, or line total"
14469,1447,127,1,736.86,0.0,-736.86,"Invalid order item key, quantity, price, discount, or line total"
14649,1465,140,0,273.25,0.0,273.25,"Invalid order item key, quantity, price, discount, or line total"
15273,1528,80,0,261.4,0.0,261.4,"Invalid order item key, quantity, price, discount, or line total"
15295,1530,121,1,964.87,192.97,-964.87,"Invalid order item key, quantity, price, discount, or line total"
15727,1573,124,1,364.28,0.0,-364.28,"Invalid order item key, quantity, price, discount, or line total"
16293,1630,114,0,852.88,0.0,1705.76,"Invalid order item key, quantity, price, discount, or line total"
16471,1648,17,1,568.0,0.0,-568.0,"Invalid order item key, quantity, price, discount, or line total"
16669,1667,67,1,1024.45,0.0,-1024.45,"Invalid order item key, quantity, price, discount, or line total"
16721,1673,4,0,357.84,0.0,715.68,"Invalid order item key, quantity, price, discount, or line total"
17162,1717,62,0,1281.24,0.0,2562.48,"Invalid order item key, quantity, price, discount, or line total"
17692,1770,17,0,605.51,0.0,605.51,"Invalid order item key, quantity, price, discount, or line total"
20144,2015,103,0,868.11,0.0,868.11,"Invalid order item key, quantity, price, discount, or line total"
20201,2021,125,0,1810.12,0.0,1810.12,"Invalid order item key, quantity, price, discount, or line total"
20506,2051,76,0,733.95,0.0,733.95,"Invalid order item key, quantity, price, discount, or line total"
20677,2068,85,0,644.24,0.0,1932.72,"Invalid order item key, quantity, price, discount, or line total"
20814,2082,139,0,226.85,0.0,226.85,"Invalid order item key, quantity, price, discount, or line total"
20966,2097,19,0,309.99,0.0,309.99,"Invalid order item key, quantity, price, discount, or line total"
21449,2145,133,0,894.91,0.0,894.91,"Invalid order item key, quantity, price, discount, or line total"
21864,2187,111,2,556.54,0.0,-1113.08,"Invalid order item key, quantity, price, discount, or line total"
22073,2208,113,0,461.29,0.0,922.58,"Invalid order item key, quantity, price, discount, or line total"
22532,2254,125,1,1811.98,0.0,-1811.98,"Invalid order item key, quantity, price, discount, or line total"
22593,2260,55,0,1743.55,0.0,1743.55,"Invalid order item key, quantity, price, discount, or line total"
23886,2389,69,1,261.5,0.0,-261.5,"Invalid order item key, quantity, price, discount, or line total"
24454,2446,62,1,1298.32,0.0,-1298.32,"Invalid order item key, quantity, price, discount, or line total"
24942,2495,139,1,239.71,0.0,-239.71,"Invalid order item key, quantity, price, discount, or line total"
25230,2523,76,0,785.72,0.0,785.72,"Invalid order item key, quantity, price, discount, or line total"
25584,2559,118,0,536.03,107.21,536.03,"Invalid order item key, quantity, price, discount, or line total"
26620,2662,22,0,890.45,0.0,890.45,"Invalid order item key, quantity, price, discount, or line total"
27161,2717,133,2,950.41,0.0,-1900.82,"Invalid order item key, quantity, price, discount, or line total"
27209,2721,104,0,371.36,0.0,371.36,"Invalid order item key, quantity, price, discount, or line total"
27275,2728,45,0,575.71,0.0,575.71,"Invalid order item key, quantity, price, discount, or line total"
27377,2738,29,1,156.02,0.0,-156.02,"Invalid order item key, quantity, price, discount, or line total"
28056,2806,118,1,528.76,0.0,-528.76,"Invalid order item key, quantity, price, discount, or line total"
29186,2919,56,4,734.3,0.0,-2937.2,"Invalid order item key, quantity, price, discount, or line total"
29267,2927,127,2,732.69,0.0,-1465.38,"Invalid order item key, quantity, price, discount, or line total"
29820,2982,103,2,794.53,0.0,-1589.06,"Invalid order item key, quantity, price, discount, or line total"
30395,3040,114,0,824.4,0.0,1648.8,"Invalid order item key, quantity, price, discount, or line total"
32204,3221,6,0,769.49,0.0,2308.47,"Invalid order item key, quantity, price, discount, or line total"
32477,3248,115,2,1473.47,0.0,-2946.94,"Invalid order item key, quantity, price, discount, or line total"
32505,3251,115,1,1458.34,0.0,-1458.34,"Invalid order item key, quantity, price, discount, or line total"
33373,3338,22,0,886.14,0.0,886.14,"Invalid order item key, quantity, price, discount, or line total"
34138,3414,150,1,713.81,0.0,-713.81,"Invalid order item key, quantity, price, discount, or line total"
34157,3416,99,2,208.97,0.0,-417.94,"Invalid order item key, quantity, price, discount, or line total"
36772,3678,127,1,766.48,0.0,-766.48,"Invalid order item key, quantity, price, discount, or line total"
37267,3727,20,1,601.98,0.0,-601.98,"Invalid order item key, quantity, price, discount, or line total"
37310,3731,137,1,840.67,0.0,-840.67,"Invalid order item key, quantity, price, discount, or line total"
37701,3771,148,0,554.91,0.0,554.91,"Invalid order item key, quantity, price, discount, or line total"
37980,3798,66,0,762.49,0.0,762.49,"Invalid order item key, quantity, price, discount, or line total"
38352,3836,147,0,590.64,0.0,590.64,"Invalid order item key, quantity, price, discount, or line total"
38478,3848,130,0,647.21,0.0,647.21,"Invalid order item key, quantity, price, discount, or line total"
39093,3910,148,1,584.44,0.0,-584.44,"Invalid order item key, quantity, price, discount, or line total"
40253,4026,49,0,517.45,0.0,1034.9,"Invalid order item key, quantity, price, discount, or line total"
40862,4087,46,0,1347.78,0.0,1347.78,"Invalid order item key, quantity, price, discount, or line total"
41042,4105,102,3,1545.91,0.0,-4637.73,"Invalid order item key, quantity, price, discount, or line total"
41245,4125,15,1,1237.93,0.0,-1237.93,"Invalid order item key, quantity, price, discount, or line total"
42314,4232,77,3,931.75,0.0,-2795.25,"Invalid order item key, quantity, price, discount, or line total"
42671,4268,64,1,405.8,0.0,-405.8,"Invalid order item key, quantity, price, discount, or line total"
43200,4320,34,0,760.95,0.0,760.95,"Invalid order item key, quantity, price, discount, or line total"
44346,4435,28,0,760.32,0.0,760.32,"Invalid order item key, quantity, price, discount, or line total"
45679,4568,53,0,494.41,0.0,494.41,"Invalid order item key, quantity, price, discount, or line total"
45926,4593,46,0,1331.61,0.0,1331.61,"Invalid order item key, quantity, price, discount, or line total"
46001,4601,71,0,873.9,0.0,1747.8,"Invalid order item key, quantity, price, discount, or line total"
46300,4630,149,0,410.19,0.0,410.19,"Invalid order item key, quantity, price, discount, or line total"
46455,4646,142,1,1599.61,0.0,-1599.61,"Invalid order item key, quantity, price, discount, or line total"
46619,4662,78,0,413.32,0.0,413.32,"Invalid order item key, quantity, price, discount, or line total"
46625,4663,43,0,737.71,0.0,2213.13,"Invalid order item key, quantity, price, discount, or line total"
47489,4749,67,0,1073.35,0.0,1073.35,"Invalid order item key, quantity, price, discount, or line total"
47567,4757,6,3,780.95,0.0,-2342.85,"Invalid order item key, quantity, price, discount, or line total"
48231,4824,118,0,559.24,0.0,1118.48,"Invalid order item key, quantity, price, discount, or line total"
48731,4874,98,0,699.02,0.0,699.02,"Invalid order item key, quantity, price, discount, or line total"
48870,4887,131,1,626.25,0.0,-626.25,"Invalid order item key, quantity, price, discount, or line total"
50246,5025,90,0,347.13,0.0,347.13,"Invalid order item key, quantity, price, discount, or line total"
50275,5028,24,3,777.12,0.0,-2331.36,"Invalid order item key, quantity, price, discount, or line total"
51666,5167,63,0,924.44,0.0,924.44,"Invalid order item key, quantity, price, discount, or line total"
52133,5214,131,0,633.76,0.0,633.76,"Invalid order item key, quantity, price, discount, or line total"
53567,5357,13,1,628.86,0.0,-628.86,"Invalid order item key, quantity, price, discount, or line total"
57264,5727,75,0,710.01,0.0,710.01,"Invalid order item key, quantity, price, discount, or line total"
57580,5758,13,1,632.42,0.0,-632.42,"Invalid order item key, quantity, price, discount, or line total"
58195,5820,107,1,902.24,0.0,-902.24,"Invalid order item key, quantity, price, discount, or line total"
58215,5822,127,2,738.12,0.0,-1476.24,"Invalid order item key, quantity, price, discount, or line total"
58454,5846,98,0,686.17,0.0,686.17,"Invalid order item key, quantity, price, discount, or line total"
58494,5850,103,1,836.39,0.0,-836.39,"Invalid order item key, quantity, price, discount, or line total"
58507,5851,9,1,355.02,0.0,-355.02,"Invalid order item key, quantity, price, discount, or line total"
58712,5872,43,0,737.75,0.0,737.75,"Invalid order item key, quantity, price, discount, or line total"
59524,5953,69,0,263.41,0.0,263.41,"Invalid order item key, quantity, price, discount, or line total"
59673,5968,44,0,709.36,0.0,2128.08,"Invalid order item key, quantity, price, discount, or line total"
59860,5986,63,2,933.76,0.0,-1867.52,"Invalid order item key, quantity, price, discount, or line total"
60886,6089,103,1,817.38,0.0,-817.38,"Invalid order item key, quantity, price, discount, or line total"
61290,6129,12,3,1540.99,0.0,-4622.97,"Invalid order item key, quantity, price, discount, or line total"
61587,6159,110,0,389.08,0.0,778.16,"Invalid order item key, quantity, price, discount, or line total"
61700,6170,148,1,584.87,0.0,-584.87,"Invalid order item key, quantity, price, discount, or line total"
61844,6185,91,0,746.97,0.0,2987.88,"Invalid order item key, quantity, price, discount, or line total"
62627,6263,56,0,725.93,0.0,2177.79,"Invalid order item key, quantity, price, discount, or line total"
62800,6280,67,0,1052.4,0.0,1052.4,"Invalid order item key, quantity, price, discount, or line total"
63030,6303,80,1,274.28,0.0,-274.28,"Invalid order item key, quantity, price, discount, or line total"
63042,6305,78,0,412.46,0.0,824.92,"Invalid order item key, quantity, price, discount, or line total"
63082,6309,13,0,631.16,0.0,631.16,"Invalid order item key, quantity, price, discount, or line total"
63343,6335,128,1,651.17,0.0,-651.17,"Invalid order item key, quantity, price, discount, or line total"
64810,6481,3,0,364.2,0.0,728.4,"Invalid order item key, quantity, price, discount, or line total"
64848,6485,98,1,683.15,0.0,-683.15,"Invalid order item key, quantity, price, discount, or line total"
66332,6634,8,1,459.55,0.0,-459.55,"Invalid order item key, quantity, price, discount, or line total"
66636,6664,12,0,1456.68,0.0,2913.36,"Invalid order item key, quantity, price, discount, or line total"
67481,6749,21,0,755.8,0.0,755.8,"Invalid order item key, quantity, price, discount, or line total"
68490,6849,119,0,251.61,0.0,503.22,"Invalid order item key, quantity, price, discount, or line total"
69176,6918,131,0,607.69,455.77,1823.07,"Invalid order item key, quantity, price, discount, or line total"
69344,6935,143,0,586.56,0.0,586.56,"Invalid order item key, quantity, price, discount, or line total"
69448,6945,14,1,421.39,0.0,-421.39,"Invalid order item key, quantity, price, discount, or line total"
70225,7023,22,2,873.08,0.0,-1746.16,"Invalid order item key, quantity, price, discount, or line total"
71531,7154,4,1,380.27,0.0,-380.27,"Invalid order item key, quantity, price, discount, or line total"
71694,7170,62,0,1314.18,0.0,1314.18,"Invalid order item key, quantity, price, discount, or line total"
71870,7187,54,1,330.86,0.0,-330.86,"Invalid order item key, quantity, price, discount, or line total"
71956,7196,19,0,309.85,0.0,309.85,"Invalid order item key, quantity, price, discount, or line total"
72280,7228,70,0,382.34,0.0,382.34,"Invalid order item key, quantity, price, discount, or line total"
72346,7235,124,0,365.61,0.0,1096.83,"Invalid order item key, quantity, price, discount, or line total"
72384,7239,8,1,477.6,0.0,-477.6,"Invalid order item key, quantity, price, discount, or line total"
72536,7254,75,0,696.74,0.0,696.74,"Invalid order item key, quantity, price, discount, or line total"
73258,7326,114,0,821.57,0.0,821.57,"Invalid order item key, quantity, price, discount, or line total"
73365,7337,17,0,555.99,0.0,555.99,"Invalid order item key, quantity, price, discount, or line total"
73493,7350,107,0,866.33,0.0,866.33,"Invalid order item key, quantity, price, discount, or line total"
74461,7447,21,1,762.3,0.0,-762.3,"Invalid order item key, quantity, price, discount, or line total"
74849,7485,69,0,273.31,0.0,273.31,"Invalid order item key, quantity, price, discount, or line total"
75659,7566,24,0,756.93,0.0,756.93,"Invalid order item key, quantity, price, discount, or line total"
76204,7621,26,2,1044.13,0.0,-2088.26,"Invalid order item key, quantity, price, discount, or line total"
76621,7663,21,1,766.01,0.0,-766.01,"Invalid order item key, quantity, price, discount, or line total"
76665,7667,22,1,836.36,0.0,-836.36,"Invalid order item key, quantity, price, discount, or line total"
76963,7697,46,0,1238.58,0.0,1238.58,"Invalid order item key, quantity, price, discount, or line total"
77086,7709,53,2,482.76,0.0,-965.52,"Invalid order item key, quantity, price, discount, or line total"
78887,7889,132,0,1834.55,0.0,1834.55,"Invalid order item key, quantity, price, discount, or line total"
79655,7966,119,0,242.04,0.0,242.04,"Invalid order item key, quantity, price, discount, or line total"
79723,7973,118,1,524.4,0.0,-524.4,"Invalid order item key, quantity, price, discount, or line total"
80787,8079,140,0,291.3,0.0,291.3,"Invalid order item key, quantity, price, discount, or line total"
81606,8161,105,0,1089.6,0.0,1089.6,"Invalid order item key, quantity, price, discount, or line total"
81841,8185,146,2,1210.69,0.0,-2421.38,"Invalid order item key, quantity, price, discount, or line total"
82567,8257,140,0,276.43,0.0,276.43,"Invalid order item key, quantity, price, discount, or line total"
82657,8266,15,1,1332.01,0.0,-1332.01,"Invalid order item key, quantity, price, discount, or line total"
83042,8305,78,0,428.13,0.0,428.13,"Invalid order item key, quantity, price, discount, or line total"
83300,8330,72,1,729.18,0.0,-729.18,"Invalid order item key, quantity, price, discount, or line total"
83385,8339,14,1,434.99,0.0,-434.99,"Invalid order item key, quantity, price, discount, or line total"
83714,8372,30,0,458.01,0.0,458.01,"Invalid order item key, quantity, price, discount, or line total"
84734,8474,35,1,773.35,0.0,-773.35,"Invalid order item key, quantity, price, discount, or line total"
85095,8510,117,0,864.72,0.0,1729.44,"Invalid order item key, quantity, price, discount, or line total"
85690,8569,35,1,825.37,0.0,-825.37,"Invalid order item key, quantity, price, discount, or line total"
86477,8648,17,4,597.16,0.0,-2388.64,"Invalid order item key, quantity, price, discount, or line total"
86479,8648,117,1,876.99,0.0,-876.99,"Invalid order item key, quantity, price, discount, or line total"
87916,8792,137,0,831.92,0.0,831.92,"Invalid order item key, quantity, price, discount, or line total"
88225,8823,18,1,541.28,108.26,-541.28,"Invalid order item key, quantity, price, discount, or line total"
88765,8877,131,0,594.09,0.0,594.09,"Invalid order item key, quantity, price, discount, or line total"
89474,8948,16,1,995.86,0.0,-995.86,"Invalid order item key, quantity, price, discount, or line total"
89643,8965,110,1,409.71,0.0,-409.71,"Invalid order item key, quantity, price, discount, or line total"
89695,8970,26,1,1020.34,0.0,-1020.34,"Invalid order item key, quantity, price, discount, or line total"
90007,9001,119,0,239.79,0.0,239.79,"Invalid order item key, quantity, price, discount, or line total"
90778,9078,127,0,723.7,0.0,723.7,"Invalid order item key, quantity, price, discount, or line total"
91155,9116,138,0,265.42,0.0,530.84,"Invalid order item key, quantity, price, discount, or line total"
91829,9183,127,0,722.57,0.0,722.57,"Invalid order item key, quantity, price, discount, or line total"
91897,9190,127,1,752.28,0.0,-752.28,"Invalid order item key, quantity, price, discount, or line total"
92572,9258,114,1,809.96,0.0,-809.96,"Invalid order item key, quantity, price, discount, or line total"
93079,9308,25,0,1668.4,0.0,1668.4,"Invalid order item key, quantity, price, discount, or line total"
93301,9331,78,1,415.7,83.14,-415.7,"Invalid order item key, quantity, price, discount, or line total"
94753,9476,7,0,1016.64,0.0,1016.64,"Invalid order item key, quantity, price, discount, or line total"
95180,9518,54,1,329.09,0.0,-329.09,"Invalid order item key, quantity, price, discount, or line total"
96326,9633,107,1,889.37,0.0,-889.37,"Invalid order item key, quantity, price, discount, or line total"
96430,9643,80,0,264.15,0.0,264.15,"Invalid order item key, quantity, price, discount, or line total"
97211,9722,112,0,1801.31,0.0,1801.31,"Invalid order item key, quantity, price, discount, or line total"
97391,9740,118,0,523.34,0.0,523.34,"Invalid order item key, quantity, price, discount, or line total"
97903,9791,99,0,213.78,0.0,213.78,"Invalid order item key, quantity, price, discount, or line total"
98418,9842,116,0,1094.64,0.0,3283.92,"Invalid order item key, quantity, price, discount, or line total"
98628,9863,115,0,1476.82,0.0,1476.82,"Invalid order item key, quantity, price, discount, or line total"
98886,9889,127,0,774.77,0.0,2324.31,"Invalid order item key, quantity, price, discount, or line total"
100843,10085,80,0,278.01,0.0,556.02,"Invalid order item key, quantity, price, discount, or line total"
101246,10125,131,1,597.51,0.0,-597.51,"Invalid order item key, quantity, price, discount, or line total"
101308,10131,12,0,1409.61,0.0,1409.61,"Invalid order item key, quantity, price, discount, or line total"
101325,10133,22,2,901.72,0.0,-1803.44,"Invalid order item key, quantity, price, discount, or line total"
102118,10212,43,1,767.58,0.0,-767.58,"Invalid order item key, quantity, price, discount, or line total"
102979,10298,22,1,820.87,0.0,-820.87,"Invalid order item key, quantity, price, discount, or line total"
104984,10499,124,0,372.83,0.0,1118.49,"Invalid order item key, quantity, price, discount, or line total"
106322,10633,54,2,340.12,0.0,-680.24,"Invalid order item key, quantity, price, discount, or line total"
106625,10663,28,0,788.95,0.0,788.95,"Invalid order item key, quantity, price, discount, or line total"
106940,10694,125,2,1812.7,0.0,-3625.4,"Invalid order item key, quantity, price, discount, or line total"
106988,10699,13,0,591.42,0.0,591.42,"Invalid order item key, quantity, price, discount, or line total"
107261,10727,43,0,780.87,0.0,780.87,"Invalid order item key, quantity, price, discount, or line total"
107995,10800,17,0,586.78,0.0,1760.34,"Invalid order item key, quantity, price, discount, or line total"
108440,10844,78,3,401.66,0.0,-1204.98,"Invalid order item key, quantity, price, discount, or line total"
108986,10899,139,2,236.05,0.0,-472.1,"Invalid order item key, quantity, price, discount, or line total"
109004,10901,133,0,886.18,0.0,1772.36,"Invalid order item key, quantity, price, discount, or line total"
109491,10950,101,0,684.37,0.0,1368.74,"Invalid order item key, quantity, price, discount, or line total"
110629,11063,21,0,750.18,0.0,750.18,"Invalid order item key, quantity, price, discount, or line total"
112074,11208,115,0,1516.2,0.0,1516.2,"Invalid order item key, quantity, price, discount, or line total"
112196,11220,10,0,360.78,0.0,360.78,"Invalid order item key, quantity, price, discount, or line total"
113234,11324,68,0,304.96,0.0,304.96,"Invalid order item key, quantity, price, discount, or line total"
113313,11332,67,0,1090.3,0.0,2180.6,"Invalid order item key, quantity, price, discount, or line total"
113584,11359,103,0,835.94,0.0,835.94,"Invalid order item key, quantity, price, discount, or line total"
113903,11391,66,1,821.84,0.0,-821.84,"Invalid order item key, quantity, price, discount, or line total"
113962,11397,144,0,437.75,0.0,437.75,"Invalid order item key, quantity, price, discount, or line total"
116716,11672,131,0,643.88,0.0,643.88,"Invalid order item key, quantity, price, discount, or line total"
117405,11741,145,0,780.97,0.0,2342.91,"Invalid order item key, quantity, price, discount, or line total"
117558,11756,17,1,575.43,0.0,-575.43,"Invalid order item key, quantity, price, discount, or line total"
117569,11757,53,0,481.63,0.0,481.63,"Invalid order item key, quantity, price, discount, or line total"
118071,11808,54,2,329.06,0.0,-658.12,"Invalid order item key, quantity, price, discount, or line total"
118260,11826,84,2,809.36,0.0,-1618.72,"Invalid order item key, quantity, price, discount, or line total"
118700,11870,13,0,611.34,0.0,1222.68,"Invalid order item key, quantity, price, discount, or line total"
119128,11913,150,0,721.34,0.0,721.34,"Invalid order item key, quantity, price, discount, or line total"
119618,11962,14,0,409.71,0.0,409.71,"Invalid order item key, quantity, price, discount, or line total"
119823,11983,146,1,1174.95,0.0,-1174.95,"Invalid order item key, quantity, price, discount, or line total"
120963,12097,55,0,1830.97,0.0,1830.97,"Invalid order item key, quantity, price, discount, or line total"
120972,12098,1,2,940.45,0.0,-1880.9,"Invalid order item key, quantity, price, discount, or line total"
121203,12121,78,0,406.71,0.0,406.71,"Invalid order item key, quantity, price, discount, or line total"
121392,12140,117,0,863.83,0.0,2591.49,"Invalid order item key, quantity, price, discount, or line total"
121635,12164,110,1,383.55,0.0,-383.55,"Invalid order item key, quantity, price, discount, or line total"
122361,12237,114,0,811.02,0.0,811.02,"Invalid order item key, quantity, price, discount, or line total"
122812,12282,133,1,936.51,234.13,-936.51,"Invalid order item key, quantity, price, discount, or line total"
123461,12347,123,0,753.28,0.0,1506.56,"Invalid order item key, quantity, price, discount, or line total"
123512,12352,54,0,354.26,0.0,354.26,"Invalid order item key, quantity, price, discount, or line total"
124146,12415,13,0,613.73,0.0,613.73,"Invalid order item key, quantity, price, discount, or line total"
124746,12475,112,1,1733.96,0.0,-1733.96,"Invalid order item key, quantity, price, discount, or line total"
125984,12599,124,1,378.71,0.0,-378.71,"Invalid order item key, quantity, price, discount, or line total"
126146,12615,127,1,786.38,0.0,-786.38,"Invalid order item key, quantity, price, discount, or line total"
126463,12647,122,1,1505.47,0.0,-1505.47,"Invalid order item key, quantity, price, discount, or line total"
126617,12662,106,0,675.45,0.0,675.45,"Invalid order item key, quantity, price, discount, or line total"
126719,12672,44,0,735.31,0.0,735.31,"Invalid order item key, quantity, price, discount, or line total"
127911,12792,6,0,756.36,0.0,756.36,"Invalid order item key, quantity, price, discount, or line total"
128225,12823,76,1,789.31,0.0,-789.31,"Invalid order item key, quantity, price, discount, or line total"
128958,12896,1,1,906.52,0.0,-906.52,"Invalid order item key, quantity, price, discount, or line total"
129050,12905,144,0,413.92,0.0,413.92,"Invalid order item key, quantity, price, discount, or line total"
129489,12949,143,2,625.22,0.0,-1250.44,"Invalid order item key, quantity, price, discount, or line total"
130341,13035,104,0,375.79,0.0,375.79,"Invalid order item key, quantity, price, discount, or line total"
132079,13208,44,2,733.07,219.92,-1466.14,"Invalid order item key, quantity, price, discount, or line total"
133846,13385,101,0,637.56,0.0,637.56,"Invalid order item key, quantity, price, discount, or line total"
133950,13395,45,0,579.73,0.0,579.73,"Invalid order item key, quantity, price, discount, or line total"
134788,13479,22,1,869.98,0.0,-869.98,"Invalid order item key, quantity, price, discount, or line total"
135105,13511,149,0,428.62,0.0,428.62,"Invalid order item key, quantity, price, discount, or line total"
135139,13514,130,1,631.08,0.0,-631.08,"Invalid order item key, quantity, price, discount, or line total"
135461,13547,120,0,521.06,0.0,521.06,"Invalid order item key, quantity, price, discount, or line total"
135549,13555,17,2,577.63,0.0,-1155.26,"Invalid order item key, quantity, price, discount, or line total"
135637,13564,72,3,707.37,0.0,-2122.11,"Invalid order item key, quantity, price, discount, or line total"
135939,13594,54,0,346.1,0.0,346.1,"Invalid order item key, quantity, price, discount, or line total"
136032,13604,65,1,824.01,0.0,-824.01,"Invalid order item key, quantity, price, discount, or line total"
136323,13633,26,2,1051.46,0.0,-2102.92,"Invalid order item key, quantity, price, discount, or line total"
136948,13695,39,1,216.25,0.0,-216.25,"Invalid order item key, quantity, price, discount, or line total"
138055,13806,133,1,966.99,0.0,-966.99,"Invalid order item key, quantity, price, discount, or line total"
138342,13835,90,3,349.74,0.0,-1049.22,"Invalid order item key, quantity, price, discount, or line total"
139245,13925,105,1,1045.33,0.0,-1045.33,"Invalid order item key, quantity, price, discount, or line total"
139424,13943,127,2,737.25,0.0,-1474.5,"Invalid order item key, quantity, price, discount, or line total"
140370,14037,79,0,212.93,0.0,212.93,"Invalid order item key, quantity, price, discount, or line total"
140435,14044,139,1,232.82,0.0,-232.82,"Invalid order item key, quantity, price, discount, or line total"
141003,14101,19,0,320.91,0.0,641.82,"Invalid order item key, quantity, price, discount, or line total"
141725,14173,103,1,805.85,0.0,-805.85,"Invalid order item key, quantity, price, discount, or line total"
142858,14286,114,1,829.59,0.0,-829.59,"Invalid order item key, quantity, price, discount, or line total"
142918,14292,144,0,421.39,0.0,421.39,"Invalid order item key, quantity, price, discount, or line total"
143272,14328,118,0,534.91,0.0,534.91,"Invalid order item key, quantity, price, discount, or line total"
143938,14394,140,1,272.59,0.0,-272.59,"Invalid order item key, quantity, price, discount, or line total"
144207,14421,88,3,363.85,0.0,-1091.55,"Invalid order item key, quantity, price, discount, or line total"
144676,14468,119,0,244.4,0.0,244.4,"Invalid order item key, quantity, price, discount, or line total"
144713,14472,72,0,742.5,0.0,1485.0,"Invalid order item key, quantity, price, discount, or line total"
144791,14480,115,0,1578.38,0.0,1578.38,"Invalid order item key, quantity, price, discount, or line total"
145181,14519,127,1,739.91,0.0,-739.91,"Invalid order item key, quantity, price, discount, or line total"
145711,14572,95,1,1271.0,0.0,-1271.0,"Invalid order item key, quantity, price, discount, or line total"
146227,14623,36,1,948.11,0.0,-948.11,"Invalid order item key, quantity, price, discount, or line total"
146600,14660,4,0,382.46,0.0,382.46,"Invalid order item key, quantity, price, discount, or line total"
146676,14668,16,0,943.35,0.0,1886.7,"Invalid order item key, quantity, price, discount, or line total"
146893,14690,13,0,603.78,0.0,603.78,"Invalid order item key, quantity, price, discount, or line total"
147350,14735,113,0,491.72,0.0,1475.16,"Invalid order item key, quantity, price, discount, or line total"
147826,14783,43,0,792.87,0.0,792.87,"Invalid order item key, quantity, price, discount, or line total"
148142,14815,6,0,808.64,0.0,808.64,"Invalid order item key, quantity, price, discount, or line total"
148277,14828,124,0,362.1,0.0,362.1,"Invalid order item key, quantity, price, discount, or line total"
148317,14832,6,2,790.63,0.0,-1581.26,"Invalid order item key, quantity, price, discount, or line total"
148377,14838,8,0,462.56,0.0,925.12,"Invalid order item key, quantity, price, discount, or line total"
148638,14864,105,2,1037.21,0.0,-2074.42,"Invalid order item key, quantity, price, discount, or line total"
148804,14881,12,0,1504.06,0.0,1504.06,"Invalid order item key, quantity, price, discount, or line total"
149613,14962,141,2,486.18,0.0,-972.36,"Invalid order item key, quantity, price, discount, or line total"
150470,15047,83,1,388.79,0.0,-388.79,"Invalid order item key, quantity, price, discount, or line total"
151769,15177,104,0,377.06,0.0,754.12,"Invalid order item key, quantity, price, discount, or line total"
151853,15186,51,2,934.57,0.0,-1869.14,"Invalid order item key, quantity, price, discount, or line total"
152156,15216,15,1,1254.72,0.0,-1254.72,"Invalid order item key, quantity, price, discount, or line total"
152584,15259,44,0,717.87,0.0,717.87,"Invalid order item key, quantity, price, discount, or line total"
153278,15328,69,0,265.13,0.0,265.13,"Invalid order item key, quantity, price, discount, or line total"
153870,15387,6,0,806.13,0.0,1612.26,"Invalid order item key, quantity, price, discount, or line total"
154233,15424,114,0,878.31,0.0,878.31,"Invalid order item key, quantity, price, discount, or line total"
154335,15434,58,0,559.91,0.0,559.91,"Invalid order item key, quantity, price, discount, or line total"
154391,15440,1,0,896.4,0.0,896.4,"Invalid order item key, quantity, price, discount, or line total"
155083,15509,72,1,727.38,0.0,-727.38,"Invalid order item key, quantity, price, discount, or line total"
156601,15661,17,0,610.8,0.0,1221.6,"Invalid order item key, quantity, price, discount, or line total"
157597,15760,32,0,1769.76,0.0,1769.76,"Invalid order item key, quantity, price, discount, or line total"
157825,15783,140,0,272.83,0.0,818.49,"Invalid order item key, quantity, price, discount, or line total"
159046,15905,76,0,784.39,0.0,1568.78,"Invalid order item key, quantity, price, discount, or line total"
159794,15980,80,0,282.78,0.0,282.78,"Invalid order item key, quantity, price, discount, or line total"
159825,15983,122,2,1436.28,0.0,-2872.56,"Invalid order item key, quantity, price, discount, or line total"
160303,16031,127,0,784.13,0.0,784.13,"Invalid order item key, quantity, price, discount, or line total"
160478,16048,90,2,354.42,0.0,-708.84,"Invalid order item key, quantity, price, discount, or line total"
160562,16057,17,0,573.61,0.0,2294.44,"Invalid order item key, quantity, price, discount, or line total"
160691,16070,148,0,556.38,0.0,1112.76,"Invalid order item key, quantity, price, discount, or line total"
161285,16129,43,1,764.65,0.0,-764.65,"Invalid order item key, quantity, price, discount, or line total"
162557,16256,80,0,283.11,0.0,566.22,"Invalid order item key, quantity, price, discount, or line total"
162698,16270,62,0,1252.2,0.0,1252.2,"Invalid order item key, quantity, price, discount, or line total"
162916,16292,93,1,909.64,0.0,-909.64,"Invalid order item key, quantity, price, discount, or line total"
164130,16413,111,0,573.52,0.0,573.52,"Invalid order item key, quantity, price, discount, or line total"
164155,16416,95,1,1292.79,0.0,-1292.79,"Invalid order item key, quantity, price, discount, or line total"
164273,16428,72,0,688.37,0.0,2065.11,"Invalid order item key, quantity, price, discount, or line total"
164419,16442,19,1,316.22,0.0,-316.22,"Invalid order item key, quantity, price, discount, or line total"
164430,16443,24,0,817.56,0.0,817.56,"Invalid order item key, quantity, price, discount, or line total"
164571,16458,122,4,1456.32,0.0,-5825.28,"Invalid order item key, quantity, price, discount, or line total"
164685,16469,113,0,476.39,0.0,476.39,"Invalid order item key, quantity, price, discount, or line total"
167348,16735,90,2,360.47,0.0,-720.94,"Invalid order item key, quantity, price, discount, or line total"
167352,16736,68,0,296.03,0.0,296.03,"Invalid order item key, quantity, price, discount, or line total"
167679,16768,116,0,1070.81,0.0,2141.62,"Invalid order item key, quantity, price, discount, or line total"
167722,16773,14,0,415.79,0.0,415.79,"Invalid order item key, quantity, price, discount, or line total"
168902,16891,127,1,787.44,0.0,-787.44,"Invalid order item key, quantity, price, discount, or line total"
169525,16953,87,0,1046.18,523.09,2092.36,"Invalid order item key, quantity, price, discount, or line total"
169746,16975,36,1,928.49,0.0,-928.49,"Invalid order item key, quantity, price, discount, or line total"
170966,17097,111,0,545.89,0.0,1091.78,"Invalid order item key, quantity, price, discount, or line total"
171087,17109,130,0,654.42,0.0,654.42,"Invalid order item key, quantity, price, discount, or line total"
171535,17154,69,1,250.58,0.0,-250.58,"Invalid order item key, quantity, price, discount, or line total"
172079,17208,68,1,293.56,0.0,-293.56,"Invalid order item key, quantity, price, discount, or line total"
172549,17255,127,1,782.57,0.0,-782.57,"Invalid order item key, quantity, price, discount, or line total"
172915,17292,69,0,270.58,0.0,270.58,"Invalid order item key, quantity, price, discount, or line total"
173071,17308,110,0,420.46,0.0,840.92,"Invalid order item key, quantity, price, discount, or line total"
173652,17366,1,2,911.23,0.0,-1822.46,"Invalid order item key, quantity, price, discount, or line total"
173797,17380,29,0,155.27,0.0,310.54,"Invalid order item key, quantity, price, discount, or line total"
174839,17484,140,1,292.79,0.0,-292.79,"Invalid order item key, quantity, price, discount, or line total"
175041,17505,37,0,1071.57,0.0,1071.57,"Invalid order item key, quantity, price, discount, or line total"
175659,17566,124,0,349.26,0.0,1047.78,"Invalid order item key, quantity, price, discount, or line total"
176102,17611,115,0,1488.14,297.63,1488.14,"Invalid order item key, quantity, price, discount, or line total"
176983,17699,98,0,649.62,0.0,1299.24,"Invalid order item key, quantity, price, discount, or line total"
177034,17704,4,0,348.98,139.59,697.96,"Invalid order item key, quantity, price, discount, or line total"
177456,17746,5,0,1628.07,0.0,1628.07,"Invalid order item key, quantity, price, discount, or line total"
177724,17773,102,3,1551.73,0.0,-4655.19,"Invalid order item key, quantity, price, discount, or line total"
177900,17790,43,1,761.57,0.0,-761.57,"Invalid order item key, quantity, price, discount, or line total"
178316,17832,62,1,1246.86,0.0,-1246.86,"Invalid order item key, quantity, price, discount, or line total"
179170,17917,108,0,702.21,0.0,702.21,"Invalid order item key, quantity, price, discount, or line total"
179180,17918,57,0,674.25,0.0,674.25,"Invalid order item key, quantity, price, discount, or line total"
179235,17924,98,0,665.13,0.0,1330.26,"Invalid order item key, quantity, price, discount, or line total"
180362,18037,127,0,742.1,0.0,742.1,"Invalid order item key, quantity, price, discount, or line total"
180509,18051,46,0,1308.29,0.0,1308.29,"Invalid order item key, quantity, price, discount, or line total"
180631,18064,21,1,780.65,0.0,-780.65,"Invalid order item key, quantity, price, discount, or line total"
180766,18077,75,1,654.33,0.0,-654.33,"Invalid order item key, quantity, price, discount, or line total"
180993,18100,45,0,619.98,0.0,619.98,"Invalid order item key, quantity, price, discount, or line total"
181916,18192,110,2,386.34,0.0,-772.68,"Invalid order item key, quantity, price, discount, or line total"
182078,18208,14,1,410.86,0.0,-410.86,"Invalid order item key, quantity, price, discount, or line total"
182195,18220,104,0,374.29,0.0,748.58,"Invalid order item key, quantity, price, discount, or line total"
182553,18256,76,0,748.35,0.0,1496.7,"Invalid order item key, quantity, price, discount, or line total"
183384,18339,91,0,770.77,0.0,770.77,"Invalid order item key, quantity, price, discount, or line total"
184726,18473,21,1,784.54,0.0,-784.54,"Invalid order item key, quantity, price, discount, or line total"
184975,18498,98,0,709.67,0.0,709.67,"Invalid order item key, quantity, price, discount, or line total"
186154,18616,124,0,347.07,0.0,347.07,"Invalid order item key, quantity, price, discount, or line total"
187100,18710,22,0,865.04,0.0,865.04,"Invalid order item key, quantity, price, discount, or line total"
187258,18726,9,0,363.05,0.0,726.1,"Invalid order item key, quantity, price, discount, or line total"
188343,18835,125,2,1713.06,0.0,-3426.12,"Invalid order item key, quantity, price, discount, or line total"
188907,18891,127,1,761.07,0.0,-761.07,"Invalid order item key, quantity, price, discount, or line total"
189541,18955,105,0,1092.24,0.0,1092.24,"Invalid order item key, quantity, price, discount, or line total"
189630,18963,79,1,202.02,0.0,-202.02,"Invalid order item key, quantity, price, discount, or line total"
190351,19036,21,0,730.42,0.0,730.42,"Invalid order item key, quantity, price, discount, or line total"
190623,19063,4,0,368.24,0.0,368.24,"Invalid order item key, quantity, price, discount, or line total"
191374,19138,114,0,879.7,0.0,1759.4,"Invalid order item key, quantity, price, discount, or line total"
191491,19150,12,2,1477.36,0.0,-2954.72,"Invalid order item key, quantity, price, discount, or line total"
191631,19164,148,1,536.71,0.0,-536.71,"Invalid order item key, quantity, price, discount, or line total"
192783,19279,138,1,257.91,0.0,-257.91,"Invalid order item key, quantity, price, discount, or line total"
192784,19279,118,1,553.27,0.0,-553.27,"Invalid order item key, quantity, price, discount, or line total"
192852,19286,75,1,685.03,0.0,-685.03,"Invalid order item key, quantity, price, discount, or line total"
192875,19288,10,1,374.24,0.0,-374.24,"Invalid order item key, quantity, price, discount, or line total"
192992,19300,116,1,1108.99,0.0,-1108.99,"Invalid order item key, quantity, price, discount, or line total"
193474,19348,117,1,878.47,0.0,-878.47,"Invalid order item key, quantity, price, discount, or line total"
194735,19474,74,0,439.38,0.0,439.38,"Invalid order item key, quantity, price, discount, or line total"
195640,19564,45,1,580.06,0.0,-580.06,"Invalid order item key, quantity, price, discount, or line total"
196523,19653,127,2,786.01,0.0,-1572.02,"Invalid order item key, quantity, price, discount, or line total"
197643,19765,80,3,261.36,0.0,-784.08,"Invalid order item key, quantity, price, discount, or line total"
198589,19859,112,0,1717.0,0.0,1717.0,"Invalid order item key, quantity, price, discount, or line total"
199372,19938,105,2,1087.74,0.0,-2175.48,"Invalid order item key, quantity, price, discount, or line total"
199602,19961,127,1,749.99,0.0,-749.99,"Invalid order item key, quantity, price, discount, or line total"
199606,19961,127,0,729.63,0.0,729.63,"Invalid order item key, quantity, price, discount, or line total"
199833,19984,69,3,270.43,0.0,-811.29,"Invalid order item key, quantity, price, discount, or line total"
