customer_id,recency_days,total_orders,total_spend,average_order_value,discount_dependency,promo_dependency,top_category_share,unique_categories,total_items_purchased,weekend_order_share,actual_churn,python_predicted_churn,python_churn_probability,pipeline_predicted_churn,pipeline_probability,match,explanation
44495,92,5,39814.59,7962.918,0.0246279065036209,0.0,0.4,3,60,0.2,1,0,0.167629187037594,0,0.16762918703759377,True,
25546,81,4,47784.78,11946.195,0.0564891164090323,0.0,0.5333333333333333,3,60,0.75,1,0,0.4050656891516531,0,0.40506568915165286,True,
5543,5,3,19528.6,6509.533333333333,0.0362171379412758,0.0,0.358974358974359,3,39,0.0,0,1,0.5665144422997269,1,0.5665144422997266,True,
8257,105,2,16053.91,8026.955,0.1300592815083677,0.0,0.6153846153846154,2,26,0.5,1,1,0.8065050377101827,1,0.8065050377101828,True,
34895,127,3,41916.46,13972.153333333334,0.0511884829968943,0.3333333333333333,0.3902439024390244,3,41,0.0,1,1,0.5537087332026361,1,0.5537087332026366,True,
48011,28,2,29720.38,14860.19,0.0676640069877975,0.5,0.5517241379310345,2,29,0.0,0,1,0.7822100755715602,1,0.78221007557156,True,
16986,35,4,38600.44,9650.11,0.0289056290550055,0.0,0.2982456140350877,4,57,0.5,0,0,0.4491668370061565,0,0.4491668370061571,True,
13382,335,1,13322.68,13322.68,0.0,0.0,1.0,1,13,0.0,1,1,0.980624484341937,1,0.980624484341937,True,
8465,60,5,67407.84999999999,13481.569999999998,0.0200209619502773,0.2,0.2307692307692307,5,78,0.4,0,0,0.4391412643590474,0,0.4391412643590469,True,
23800,37,4,63737.88,15934.47,0.0,0.0,0.5230769230769231,2,65,0.5,0,0,0.2321615656070957,0,0.2321615656070941,True,
32224,256,3,35597.76,11865.92,0.058423619913163,0.0,0.3658536585365853,3,41,0.3333333333333333,1,1,0.5185547944945387,1,0.518554794494539,True,
19507,206,2,18309.96,9154.98,0.0986981948622498,0.5,0.6071428571428571,2,28,0.5,1,1,0.8094714700328289,1,0.8094714700328294,True,
26264,176,2,28852.71,14426.355,0.0,0.0,0.6071428571428571,2,28,0.0,1,1,0.8039036236405829,1,0.8039036236405825,True,
45974,91,2,20141.07,10070.535,0.0,0.0,0.5172413793103449,2,29,0.0,1,1,0.7623911904168631,1,0.7623911904168629,True,
25381,36,2,24780.32,12390.16,0.0410043131000729,0.5,0.52,2,25,0.0,0,1,0.7567715868456927,1,0.7567715868456931,True,
15184,53,4,42063.43,10515.8575,0.0604180400885044,0.0,0.2807017543859649,4,57,0.5,0,0,0.4269624424692121,0,0.4269624424692125,True,
4577,208,2,15364.68,7682.34,0.0,0.0,0.5172413793103449,2,29,0.0,1,1,0.7789956521688204,1,0.7789956521688199,True,
37110,4,2,22124.62,11062.31,0.0760871825143211,0.5,0.5185185185185185,2,27,0.5,0,1,0.7528169307433221,1,0.7528169307433226,True,
48393,71,2,21810.19,10905.095,0.0,0.0,0.5294117647058824,2,34,0.5,1,1,0.7698315483573014,1,0.769831548357301,True,
7213,185,1,6197.11,6197.11,0.0,0.0,1.0,1,14,1.0,1,1,0.9835931332511972,1,0.9835931332511971,True,
14144,285,3,39416.92,13138.973333333332,0.0012020218728403,0.3333333333333333,0.6122448979591837,2,49,0.0,1,1,0.5357545839547483,1,0.5357545839547474,True,
13221,331,1,12543.3,12543.3,0.0501255650426921,0.0,1.0,1,15,0.0,1,1,0.9807091380980796,1,0.9807091380980797,True,
47914,219,1,7714.07,7714.07,0.0,0.0,1.0,1,11,0.0,1,1,0.9824963854028868,1,0.9824963854028869,True,
38640,154,2,21452.300000000003,10726.15,0.0951235998004875,0.5,0.5714285714285714,2,28,0.0,1,1,0.7911541998857096,1,0.7911541998857099,True,
10102,201,3,21956.64,7318.88,0.0,0.0,0.3541666666666667,3,48,0.6666666666666666,1,1,0.5652154876881298,1,0.5652154876881292,True,
34149,45,2,21417.95,10708.975,0.1386790052269241,0.5,0.5161290322580645,2,31,0.5,0,1,0.7565286983123088,1,0.7565286983123093,True,
3010,273,1,15936.35,15936.35,0.1245567523303642,1.0,1.0,1,18,0.0,1,1,0.9831596973891265,1,0.9831596973891262,True,
35966,274,1,8157.58,8157.58,0.0129425638485923,1.0,1.0,1,14,0.0,1,1,0.9844664371846832,1,0.9844664371846832,True,
23307,181,1,8252.43,8252.43,0.1058197403673826,0.0,1.0,1,16,0.0,1,1,0.9822889560824056,1,0.9822889560824053,True,
44287,232,1,5878.61,5878.61,0.0,0.0,1.0,1,12,0.0,1,1,0.9849090908516992,1,0.984909090851699,True,
44823,38,2,21017.38,10508.69,0.0343487152061769,0.0,0.5333333333333333,2,30,0.5,0,1,0.7624234766627886,1,0.7624234766627885,True,
40069,250,1,9660.03,9660.03,0.0,0.0,1.0,1,14,0.0,1,1,0.9816919793292448,1,0.9816919793292446,True,
37304,27,3,38083.6,12694.533333333333,0.0597335861105567,0.0,0.3720930232558139,3,43,0.3333333333333333,0,1,0.528061724205156,1,0.5280617242051562,True,
13021,6,4,49657.81,12414.4525,0.0122149969964442,0.25,0.2857142857142857,4,56,0.0,0,0,0.4438368476428771,0,0.44383684764287745,True,
31846,223,1,8371.51,8371.51,0.0501247684109557,0.0,1.0,1,12,0.0,1,1,0.9817576122576004,1,0.9817576122576002,True,
21998,119,3,30131.38,10043.793333333331,0.064793580645825,0.0,0.3409090909090909,3,44,0.0,1,1,0.5208543664016558,1,0.5208543664016557,True,
32696,27,4,47881.14,11970.285,0.0125086829595118,0.0,0.25,4,60,0.5,0,0,0.411500939570083,0,0.411500939570083,True,
38464,261,1,5928.14,5928.14,0.0501253344219266,0.0,1.0,1,13,0.0,1,1,0.9847076927591824,1,0.9847076927591822,True,
12087,148,2,28674.63,14337.315,0.0480766447553115,0.5,1.0,1,30,0.5,1,1,0.857339724647578,1,0.857339724647578,True,
29378,18,4,44611.99,11152.9975,0.0,0.0,0.48,3,50,0.25,0,0,0.3539406168647801,0,0.3539406168647806,True,
37346,191,2,20991.58,10495.79,0.0417429274023203,0.5,0.59375,2,32,0.0,1,1,0.8140740403299055,1,0.8140740403299055,True,
13449,57,4,54733.51,13683.3775,0.016289837797722,0.0,0.5,3,58,0.5,0,0,0.3815635394872961,0,0.38156353948729566,True,
15633,241,1,12063.02,12063.02,0.0501250930529834,0.0,1.0,1,14,1.0,1,1,0.9789800800458228,1,0.9789800800458227,True,
19238,254,1,4704.69,4704.69,0.1680663338073284,0.0,1.0,1,11,0.0,1,1,0.9857747773491526,1,0.9857747773491524,True,
21886,111,2,17146.86,8573.43,0.0048790274137655,0.5,0.5517241379310345,2,29,0.5,1,1,0.7928055283741662,1,0.7928055283741664,True,
24595,9,2,14260.88,7130.44,0.1419344388284594,0.0,0.6,2,30,0.5,0,1,0.8135960849837415,1,0.8135960849837411,True,
29933,16,3,40820.66,13606.886666666664,0.0251041996871192,0.3333333333333333,0.3488372093023256,3,43,0.0,0,1,0.5290197896945743,1,0.5290197896945744,True,
2438,156,4,47011.630000000005,11752.9075,0.0911195804102091,0.5,0.75,2,56,0.0,1,0,0.3704537667621842,0,0.37045376676218406,True,
6671,65,4,37907.25,9476.8125,0.0413081930237619,0.0,0.2830188679245283,4,53,0.25,1,0,0.4304182143117814,0,0.4304182143117821,True,
8233,248,1,5494.68,5494.68,0.0501248480348264,0.0,1.0,1,13,1.0,1,1,0.9841961656378632,1,0.9841961656378633,True,
18776,330,1,3443.75,3443.75,0.0,0.0,1.0,1,15,0.0,1,1,0.9898577066569784,1,0.989857706656978,True,
11406,77,3,26003.82,8667.94,0.0249221075980375,0.6666666666666666,0.4,3,45,0.3333333333333333,1,1,0.5976877399541359,1,0.5976877399541365,True,
8980,41,6,66941.93000000001,11156.988333333336,0.0225235513825191,0.0,0.3170731707317073,5,82,0.1666666666666666,0,0,0.3284059974485166,0,0.3284059974485161,True,
43992,20,4,51993.84,12998.46,0.0999393389678469,0.25,0.2950819672131147,4,61,0.0,0,0,0.4565796641089542,0,0.45657966410895395,True,
41944,3,3,40607.87,13535.956666666663,0.0103398676167944,0.0,0.6792452830188679,2,53,0.3333333333333333,0,1,0.5834634389171379,1,0.5834634389171366,True,
8090,222,1,10419.03,10419.03,0.0330241874723462,1.0,1.0,1,13,0.0,1,1,0.9829150487525592,1,0.9829150487525591,True,
11007,17,6,55423.17,9237.195,0.1051314820137498,0.1666666666666666,0.3444444444444444,5,90,0.5,0,0,0.3708139770505039,0,0.3708139770505032,True,
24851,58,2,13104.58,6552.29,0.0228843656187378,0.0,0.5555555555555556,2,27,0.0,0,1,0.8063443194011536,1,0.806344319401153,True,
32031,90,2,13349.08,6674.54,0.0744583147303035,0.0,0.5555555555555556,2,27,0.0,1,1,0.8015112834847213,1,0.8015112834847209,True,
11975,22,2,18467.12,9233.56,0.0,0.0,0.5757575757575758,2,33,0.0,0,1,0.8060694657390431,1,0.8060694657390427,True,
31897,6,4,53513.93,13378.4825,0.0766549943164331,0.25,0.296875,4,64,0.0,0,0,0.4691639186360758,0,0.4691639186360753,True,
34412,116,2,14376.16,7188.08,0.0,0.0,0.5333333333333333,2,30,0.5,1,1,0.7882235894418447,1,0.7882235894418442,True,
25759,251,2,14833.99,7416.995,0.0738007778082633,0.0,0.5666666666666667,2,30,0.5,1,1,0.7983709195542588,1,0.7983709195542585,True,
39868,185,1,6592.9,6592.9,0.0,0.0,1.0,1,14,1.0,1,1,0.9830446607752223,1,0.9830446607752223,True,
34191,186,1,26394.62,26394.62,0.0,0.0,1.0,1,17,1.0,1,1,0.9854391693167204,1,0.9854391693167203,True,
39091,43,3,22465.49,7488.496666666666,0.0106950705281745,0.0,0.7045454545454546,2,44,0.3333333333333333,0,1,0.6110150596113593,1,0.6110150596113583,True,
48530,202,1,3616.57,3616.57,0.0,0.0,1.0,1,13,0.0,1,1,0.9892245867627284,1,0.9892245867627281,True,
22531,231,1,25230.14,25230.14,0.0,0.0,1.0,1,16,0.0,1,1,0.9857449832339774,1,0.9857449832339772,True,
33481,251,1,5956.93,5956.93,0.0,0.0,1.0,1,12,0.0,1,1,0.9847949893179436,1,0.9847949893179436,True,
41036,45,2,21002.77,10501.385,0.0630088316922005,0.0,0.5185185185185185,2,27,1.0,0,1,0.7373826329273373,1,0.7373826329273377,True,
4851,26,3,27741.04,9247.013333333334,0.0520286910656557,0.0,0.3846153846153846,3,39,0.0,0,1,0.548041581571047,1,0.5480415815710473,True,
32705,196,1,5974.35,5974.35,0.1971226995405358,1.0,1.0,1,15,0.0,1,1,0.9857816459825008,1,0.9857816459825006,True,
43849,11,2,31653.67,15826.835,0.0949450727198457,0.0,0.53125,2,32,1.0,0,1,0.7525551891490635,1,0.7525551891490629,True,
5970,171,2,24389.88,12194.94,0.0495377591033658,0.0,1.0,1,32,1.0,1,1,0.8480298726118917,1,0.8480298726118917,True,
33370,281,2,19349.76,9674.88,0.1078917774690745,0.0,0.5333333333333333,2,30,0.0,1,1,0.7677690296799877,1,0.7677690296799875,True,
41782,199,1,18871.35,18871.35,0.0,0.0,1.0,1,19,1.0,1,1,0.9818779365624668,1,0.9818779365624666,True,
6373,27,2,20010.9,10005.45,0.0714295708838682,0.0,0.5161290322580645,2,31,0.5,0,1,0.7538306647546589,1,0.7538306647546588,True,
4138,166,3,20548.76,6849.586666666667,0.0383984240411586,0.3333333333333333,1.0,1,44,0.3333333333333333,1,1,0.6389253052449367,1,0.6389253052449357,True,
38720,280,1,12825.14,12825.14,0.0,0.0,1.0,1,14,0.0,1,1,0.9808543694202438,1,0.9808543694202438,True,
15922,46,2,25448.56,12724.28,0.0575344931108086,0.5,0.5625,2,32,0.5,0,1,0.7868893280452547,1,0.7868893280452547,True,
12283,18,3,21341.9,7113.966666666667,0.039155370421565,0.6666666666666666,0.4047619047619047,3,42,0.3333333333333333,0,1,0.6114680321047256,1,0.6114680321047261,True,
13258,83,2,11288.78,5644.389999999999,0.0779951420791263,0.0,0.5416666666666666,2,24,0.0,1,1,0.8035056542292274,1,0.8035056542292266,True,
628,233,1,10382.24,10382.24,0.0,0.0,1.0,1,12,0.0,1,1,0.9809253464680804,1,0.9809253464680802,True,
36417,293,1,11028.65,11028.65,0.0,0.0,1.0,1,14,0.0,1,1,0.98114231283141,1,0.9811423128314101,True,
13876,209,2,16032.13,8016.065,0.0,0.0,0.5161290322580645,2,31,0.5,1,1,0.7725099236217308,1,0.7725099236217302,True,
2782,133,4,36836.28,9209.07,0.081594286936683,0.0,0.4912280701754385,3,57,0.25,1,0,0.3845869144289094,0,0.38458691442890924,True,
22473,274,1,21598.67,21598.67,0.0041609043519809,1.0,1.0,1,15,0.0,1,1,0.9853965466343768,1,0.9853965466343765,True,
17669,60,3,22630.22,7543.406666666667,0.067463771894396,0.0,0.7,2,40,0.6666666666666666,0,1,0.5835157168110529,1,0.5835157168110532,True,
6597,81,4,57225.51,14306.3775,0.0326812290532666,0.0,0.2711864406779661,4,59,0.25,1,0,0.4275991898588522,0,0.42759918985885187,True,
33384,99,2,26768.04,13384.02,0.0154419225314965,0.0,0.5151515151515151,2,33,0.0,1,1,0.7622732828166554,1,0.7622732828166549,True,
2520,46,3,26388.7,8796.233333333332,0.0231079969835573,0.0,0.391304347826087,3,46,0.6666666666666666,0,1,0.5677721402959737,1,0.5677721402959739,True,
25500,220,4,57753.9,14438.475,0.0327846258001624,0.25,0.4375,3,64,0.5,1,0,0.3574702673947401,0,0.3574702673947392,True,
19938,213,1,18747.39,18747.39,0.0501253774525414,0.0,1.0,1,17,1.0,1,1,0.9810231347929518,1,0.9810231347929516,True,
7253,62,3,27499.79,9166.596666666666,0.024717643298367,0.3333333333333333,0.725,2,40,0.3333333333333333,1,1,0.6043582555950906,1,0.6043582555950912,True,
6355,350,1,8382.98,8382.98,0.0,0.0,1.0,1,16,0.0,1,1,0.9829214316985532,1,0.982921431698553,True,
34174,59,5,42163.32,8432.664,0.0481985289583457,0.0,0.24,5,75,0.4,0,0,0.4515934802316091,0,0.4515934802316088,True,
5944,247,2,37523.13,18761.565,0.035765406563898,0.0,0.5161290322580645,2,31,0.0,1,1,0.7702339275718998,1,0.7702339275718983,True,
24913,128,2,25557.08,12778.54,0.0334752639972954,0.5,0.5142857142857142,2,35,0.0,1,1,0.7749386267659952,1,0.7749386267659949,True,
12505,41,5,70558.44,14111.688,0.046350372825703,0.4,0.2345679012345679,5,81,0.2,0,0,0.4583500876804704,0,0.45835008768046936,True,
1713,165,2,28732.13,14366.065,0.0,0.0,0.5416666666666666,2,24,0.5,1,1,0.7529759250138977,1,0.7529759250138979,True,
34667,220,2,20338.92,10169.46,0.0231674051522893,0.0,0.5384615384615384,2,26,0.5,1,1,0.7589968056354475,1,0.7589968056354477,True,
13180,123,5,58910.19,11782.038,0.0694350162510085,0.0,0.5263157894736842,3,76,0.4,1,0,0.2403395910088069,0,0.2403395910088057,True,
14758,247,1,5809.75,5809.75,0.0501260811566762,0.0,1.0,1,13,0.0,1,1,0.9848834158221158,1,0.9848834158221157,True,
47125,71,2,7311.289999999999,3655.645,0.043208517238408,0.0,1.0,1,29,0.0,1,1,0.91287574389162,1,0.9128757438916189,True,
47067,45,3,37511.6,12503.866666666669,0.0339111101632561,0.3333333333333333,0.3571428571428571,3,42,1.0,0,1,0.5124476161290122,1,0.5124476161290132,True,
14374,14,6,69485.73999999999,11580.956666666663,0.0311355970304122,0.1666666666666666,0.3125,5,96,0.1666666666666666,0,0,0.3648059052443057,0,0.36480590524430356,True,
35289,331,1,19741.42,19741.42,0.0,0.0,1.0,1,13,0.0,1,1,0.9823973218408336,1,0.9823973218408333,True,
46456,93,4,39915.91,9978.9775,0.0430374755329391,0.0,0.2711864406779661,4,59,0.0,1,0,0.4396840086864251,0,0.43968400868642493,True,
24507,187,1,7230.72,7230.72,0.0,0.0,1.0,1,13,0.0,1,1,0.9833853769762256,1,0.9833853769762255,True,
23375,241,1,4476.01,4476.01,0.1680670954711897,0.0,1.0,1,16,1.0,1,1,0.985976914543518,1,0.9859769145435178,True,
43021,244,4,40363.5,10090.875,0.0783534629058431,0.0,0.2857142857142857,4,56,0.0,1,0,0.4381747228599408,0,0.4381747228599409,True,
41349,63,5,65196.51,13039.302,0.0246737133628778,0.2,0.4520547945205479,4,73,0.4,1,0,0.3790722373398482,0,0.3790722373398477,True,
29862,225,1,5040.44,5040.44,0.0,0.0,1.0,1,13,0.0,1,1,0.9864119873471644,1,0.9864119873471642,True,
36220,284,1,8302.69,8302.69,0.0,0.0,1.0,1,16,1.0,1,1,0.9816183614337816,1,0.9816183614337812,True,
2348,153,4,49802.33,12450.5825,0.0167592560428397,0.0,0.365079365079365,4,63,0.0,1,1,0.5200392631041263,1,0.5200392631041257,True,
1550,122,2,24273.21,12136.605,0.0340762511427207,0.0,0.5517241379310345,2,29,1.0,1,1,0.7599181425519121,1,0.7599181425519124,True,
41111,152,3,52755.95,17585.316666666666,0.0,0.0,0.6666666666666666,2,45,0.0,1,1,0.5695734104176786,1,0.5695734104176768,True,
24294,200,1,8084.78,8084.78,0.0501250497849044,0.0,1.0,1,13,1.0,1,1,0.9807835806009184,1,0.9807835806009181,True,
20053,363,1,22258.05,22258.05,0.0501252355889217,0.0,1.0,1,16,0.0,1,1,0.983875001072226,1,0.9838750010722255,True,
3550,187,1,7492.13,7492.13,0.0,0.0,1.0,1,17,0.0,1,1,0.9838806987414048,1,0.9838806987414046,True,
35977,180,3,28278.94,9426.313333333334,0.0198267686129678,0.0,0.627906976744186,2,43,0.0,1,1,0.532417521435732,1,0.5324175214357314,True,
10099,261,1,6230.7,6230.7,0.0,0.0,1.0,1,18,0.0,1,1,0.9854613726916008,1,0.9854613726916005,True,
40889,196,1,6253.95,6253.95,0.0,0.0,1.0,1,17,0.0,1,1,0.9852614246458768,1,0.9852614246458766,True,
4090,181,2,7933.84,3966.92,0.0,0.0,1.0,1,29,0.0,1,1,0.9093679117941732,1,0.9093679117941721,True,
25702,234,1,4213.91,4213.91,0.0378579514038031,1.0,1.0,1,12,1.0,1,1,0.9880588142931148,1,0.9880588142931149,True,
32649,37,3,36698.05,12232.683333333334,0.0097138676305689,0.3333333333333333,0.3809523809523809,3,42,0.3333333333333333,0,1,0.5472633817210473,1,0.5472633817210477,True,
31811,116,2,16215.08,8107.54,0.0,0.0,0.5151515151515151,2,33,1.0,1,1,0.7683675236596593,1,0.7683675236596591,True,
29402,13,4,48486.35,12121.5875,0.0309569600516434,0.25,0.296875,4,64,0.0,0,0,0.4746874824682191,0,0.47468748246821874,True,
31077,234,2,27695.92,13847.96,0.0,0.0,0.5161290322580645,2,31,0.5,1,1,0.7526591958766781,1,0.7526591958766778,True,
16704,161,2,29050.88,14525.44,0.0322489370373634,0.0,0.5384615384615384,2,26,0.0,1,1,0.7604513347694027,1,0.7604513347694025,True,
6743,132,5,51436.22,10287.244,0.038243284595952,0.0,0.4861111111111111,3,72,0.4,1,0,0.2157715078722148,0,0.21577150787221397,True,
30994,227,3,37686.87,12562.29,0.0132160086523502,0.3333333333333333,0.3809523809523809,3,42,0.3333333333333333,1,1,0.5464929818846109,1,0.5464929818846115,True,
39417,190,1,12399.26,12399.26,0.0,0.0,1.0,1,13,0.0,1,1,0.9806610311657742,1,0.980661031165774,True,
13316,148,4,23848.54,5962.135,0.0493040664124512,0.25,0.2653061224489796,4,49,0.0,1,0,0.4669314207709737,0,0.4669314207709738,True,
9858,97,7,70316.33,10045.19,0.0250547774606553,0.0,0.1958762886597938,7,97,0.1428571428571428,1,1,0.5490315888469717,1,0.549031588846971,True,
33815,205,1,10562.02,10562.02,0.0,0.0,1.0,1,14,0.0,1,1,0.9812941596713096,1,0.9812941596713094,True,
42808,248,2,16817.06,8408.53,0.0,0.0,1.0,1,29,0.5,1,1,0.8620148113455219,1,0.8620148113455217,True,
36874,79,3,30632.27,10210.756666666666,0.0729580275963877,0.3333333333333333,0.6829268292682927,2,41,0.3333333333333333,1,1,0.5624561380379284,1,0.5624561380379287,True,
33780,4,2,21592.24,10796.12,0.0,0.0,0.5172413793103449,2,29,0.5,0,1,0.7523666987464803,1,0.7523666987464803,True,
14926,302,2,16049.76,8024.88,0.0,0.0,1.0,1,30,0.0,1,1,0.8700817331795396,1,0.8700817331795393,True,
303,78,4,44311.69,11077.9225,0.0457477473777235,0.0,0.4923076923076923,3,65,0.25,1,0,0.400634234327319,0,0.4006342343273178,True,
46326,31,3,45296.62,15098.873333333331,0.0298276118615472,0.3333333333333333,0.3846153846153846,3,39,1.0,0,1,0.5280734073602859,1,0.528073407360287,True,
29179,1,2,12688.67,6344.335,0.0994966375514533,0.0,1.0,1,29,0.0,0,1,0.876765014175421,1,0.8767650141754203,True,
27244,41,3,39371.04,13123.68,0.0211053606915133,0.6666666666666666,0.3617021276595745,3,47,0.3333333333333333,0,1,0.554220053741598,1,0.5542200537415984,True,
41753,316,1,18422.74,18422.74,0.1680672907504529,0.0,1.0,1,16,0.0,1,1,0.981231480247175,1,0.9812314802471748,True,
21071,360,1,3954.97,3954.97,0.0,0.0,1.0,1,13,1.0,1,1,0.9875590428031652,1,0.9875590428031651,True,
3710,197,2,22438.94,11219.47,0.0403610865753908,0.0,0.5517241379310345,2,29,0.0,1,1,0.7751687556033965,1,0.7751687556033967,True,
10246,283,1,9915.37,9915.37,0.1049663300512235,0.0,1.0,1,14,1.0,1,1,0.9792365439613712,1,0.979236543961371,True,
7555,181,2,24036.79,12018.395,0.055989173263152,0.5,0.5416666666666666,2,24,0.5,1,1,0.7594319512703821,1,0.7594319512703829,True,
10052,301,1,8298.29,8298.29,0.105819391706002,0.0,1.0,1,14,0.0,1,1,0.9818349008014426,1,0.9818349008014426,True,
4275,187,1,7249.48,7249.48,0.1058200036416405,0.0,1.0,1,10,0.0,1,1,0.982031249940014,1,0.9820312499400139,True,
30118,336,1,7826.71,7826.71,0.0,0.0,1.0,1,16,0.0,1,1,0.9833813831988448,1,0.9833813831988447,True,
23710,167,3,35499.28,11833.093333333332,0.0190555977473345,0.3333333333333333,0.392156862745098,3,51,0.0,1,1,0.5883520076516718,1,0.5883520076516713,True,
25370,19,4,38258.16,9564.54,0.083195846324026,0.0,0.7719298245614035,2,57,0.5,0,0,0.3776397324877498,0,0.3776397324877495,True,
25585,228,1,6471.08,6471.08,0.0,0.0,1.0,1,12,1.0,1,1,0.9828140642514744,1,0.9828140642514742,True,
1484,66,2,26069.91,13034.955,0.0320031791440783,0.0,0.5357142857142857,2,28,0.5,1,1,0.7550753356456086,1,0.7550753356456086,True,
37491,5,3,35620.3,11873.433333333334,0.0551463631693163,0.0,0.3541666666666667,3,48,0.0,0,1,0.536676110151123,1,0.5366761101511225,True,
24474,136,2,24962.77,12481.385,0.1190717216078183,0.0,0.5625,2,32,1.0,1,1,0.765941835989764,1,0.7659418359897641,True,
30349,101,2,13525.28,6762.64,0.0501253948162256,0.0,0.5416666666666666,2,24,0.5,1,1,0.7824171547216502,1,0.7824171547216501,True,
7368,157,3,19228.62,6409.54,0.0326674509143141,0.0,0.3421052631578947,3,38,1.0,1,1,0.533213067141577,1,0.5332130671415775,True,
38447,95,3,40927.56,13642.52,0.0314111078207447,0.0,0.3478260869565217,3,46,0.6666666666666666,1,1,0.5138302002295598,1,0.5138302002295598,True,
11349,343,1,9908.42,9908.42,0.0175547665520839,1.0,1.0,1,13,0.0,1,1,0.9832212888288904,1,0.9832212888288903,True,
37221,110,4,49987.81,12496.9525,0.0831396694514122,0.0,0.3050847457627119,4,59,0.25,1,0,0.4487325607187448,0,0.4487325607187448,True,
18317,215,3,39246.44,13082.146666666667,0.0176173940872089,0.0,0.3404255319148936,3,47,0.3333333333333333,1,1,0.5186708625442165,1,0.5186708625442163,True,
45432,68,2,22421.82,11210.91,0.0120405034024891,1.0,1.0,1,28,0.0,1,1,0.868808084365607,1,0.8688080843656073,True,
14973,8,2,22010.68,11005.34,0.0567256440964113,0.0,0.6071428571428571,2,28,0.0,0,1,0.8021364846418062,1,0.8021364846418062,True,
8194,235,1,39449.71,39449.71,0.0,0.0,1.0,1,22,1.0,1,1,0.9925328183841486,1,0.9925328183841483,True,
38130,270,1,4589.05,4589.05,0.1058192872163083,0.0,1.0,1,15,1.0,1,1,0.9859268104703705,1,0.9859268104703702,True,
32115,278,1,9180.64,9180.64,0.0201881350319803,1.0,1.0,1,11,0.0,1,1,0.9831792349937518,1,0.9831792349937518,True,
25591,52,4,35567.13,8891.7825,0.0093375540843469,0.0,0.2545454545454545,4,55,0.75,0,0,0.4125203769133667,0,0.4125203769133674,True,
6274,3,6,65207.21000000001,10867.868333333334,0.0430792852508181,0.0,0.375,5,88,0.6666666666666666,0,0,0.3769783637296973,0,0.3769783637296966,True,
38362,41,2,26682.4,13341.2,0.136564926693251,0.5,0.5555555555555556,2,27,0.0,0,1,0.774085444132056,1,0.7740854441320563,True,
4680,276,1,6755.14,6755.14,0.0,0.0,1.0,1,13,1.0,1,1,0.982633223038097,1,0.9826332230380967,True,
36801,335,1,14544.0,14544.0,0.0,0.0,1.0,1,16,0.0,1,1,0.9813794626105806,1,0.9813794626105806,True,
45747,238,1,17166.79,17166.79,0.0,0.0,1.0,1,17,0.0,1,1,0.982208664898965,1,0.9822086648989645,True,
8504,206,1,22078.51,22078.51,0.0,0.0,1.0,1,18,1.0,1,1,0.9832227459220646,1,0.9832227459220644,True,
30327,124,5,55882.39,11176.478,0.0273671186933844,0.2,0.6438356164383562,3,73,0.2,1,0,0.3213893403470684,0,0.3213893403470675,True,
1792,276,2,17304.96,8652.48,0.072848478124191,0.0,0.5555555555555556,2,27,0.5,1,1,0.7759539430563754,1,0.7759539430563756,True,
42376,39,2,14887.9,7443.95,0.0,0.0,0.52,2,25,0.5,0,1,0.767855781366674,1,0.767855781366674,True,
38703,180,1,12311.82,12311.82,0.0575032773383626,1.0,1.0,1,17,0.0,1,1,0.9831265889470796,1,0.9831265889470795,True,
44928,57,2,25686.96,12843.48,0.0,0.0,0.6551724137931034,2,29,0.0,0,1,0.8281201742904096,1,0.8281201742904094,True,
30658,289,1,7769.78,7769.78,0.2055231937069003,1.0,1.0,1,14,0.0,1,1,0.9835512793423808,1,0.9835512793423808,True,
3366,13,2,33086.08,16543.04,0.0070785055225641,0.5,0.5588235294117647,2,34,0.0,0,1,0.8031731168912845,1,0.8031731168912838,True,
40284,191,1,11437.03,11437.03,0.0501249013074198,0.0,1.0,1,14,0.0,1,1,0.9806537858362177,1,0.9806537858362175,True,
9626,208,2,33881.49,16940.745,0.0,0.0,0.5,2,40,0.0,1,1,0.7757741211001726,1,0.7757741211001709,True,
14958,176,2,9782.29,4891.145,0.0774041661001667,0.0,1.0,1,30,0.0,1,1,0.894744604397649,1,0.8947446043976481,True,
4409,279,1,7675.42,7675.42,0.0501249443027222,0.0,1.0,1,11,0.0,1,1,0.9821803604252736,1,0.9821803604252735,True,
20457,9,2,16572.17,8286.085,0.0298421993016002,0.5,0.5555555555555556,2,27,0.5,0,1,0.7913863122761785,1,0.7913863122761788,True,
49514,311,1,23445.39,23445.39,0.0,0.0,1.0,1,18,1.0,1,1,0.9839591203430436,1,0.9839591203430434,True,
40048,47,2,22497.78,11248.89,0.012239429845967,0.5,0.5172413793103449,2,29,0.0,0,1,0.7677748899915495,1,0.7677748899915495,True,
34324,271,2,12613.82,6306.91,0.0757431135056628,1.0,0.56,2,25,0.0,1,1,0.8220993093840471,1,0.8220993093840471,True,
31932,9,4,48094.18,12023.545,0.0010965983825901,0.25,0.2758620689655172,4,58,0.0,0,0,0.4436163417978468,0,0.443616341797847,True,
26996,176,2,13230.48,6615.24,0.0,0.0,0.5185185185185185,2,27,0.0,1,1,0.7878920521300923,1,0.7878920521300916,True,
26819,91,3,25805.43,8601.81,0.0196997298630559,0.0,0.3684210526315789,3,38,0.0,1,1,0.5416221467264519,1,0.5416221467264523,True,
43366,23,4,48383.85,12095.9625,0.0155651110856205,0.5,0.5357142857142857,3,56,0.0,0,0,0.4274462076662919,0,0.4274462076662922,True,
48652,293,1,8143.16,8143.16,0.0,0.0,1.0,1,12,0.0,1,1,0.9823089991069374,1,0.9823089991069371,True,
35538,164,4,37045.32,9261.33,0.0608533007678162,0.0,0.4545454545454545,3,55,0.75,1,0,0.3444155856559936,0,0.3444155856559939,True,
6871,8,5,75166.04000000001,15033.208000000002,0.0068665317475817,0.2,0.4868421052631579,4,76,0.2,0,0,0.4219961066784355,0,0.42199610667843424,True,
12248,31,4,39437.07,9859.2675,0.0803256935669916,0.5,0.2727272727272727,4,55,0.5,0,0,0.4307587305213772,0,0.43075873052137853,True,
13353,150,3,50236.25,16745.416666666668,0.0071169723058548,0.0,0.4137931034482758,3,58,0.6666666666666666,1,1,0.6105427002627531,1,0.6105427002627514,True,
